,Pruebas,coef(a)_6am-MLP,rsquared_6am-MLP,Standard Error_6am-MLP,coef(b)_6am-MLP,coef(a)_Acu-6am-MLP,rsquared_Acu-6am-MLP,Standard Error_Acu-6am-MLP,coef(b)_Acu-6am-MLP,coef(a)_6am-Beysens,rsquared_6am-Beysens,Standard Error_6am-Beysens,coef(b)_6am-Beysens,coef(a)_Acu-6am-Beysens,rsquared_Acu-6am-Beysens,Standard Error_Acu-6am-Beysens,coef(b)_Acu-6am-Beysens,coef(a)_Beysens-PM,rsquared_Beysens-PM,Standard Error_Beysens-PM,coef(b)_Beysens-PM,coef(a)_Acu-Beysens-PM,rsquared_Acu-Beysens-PM,Standard Error_Acu-Beysens-PM,coef(b)_Acu-Beysens-PM,coef(a)_MLP-PM,rsquared_MLP-PM,Standard Error_MLP-PM,coef(b)_MLP-PM,coef(a)_Acu-MLP-PM,rsquared_Acu-MLP-PM,Standard Error_Acu-MLP-PM,coef(b)_Acu-MLP-PM,coef(a)_Pd-MLP-LM,rsquared_Pd-MLP-LM,Standard Error_Pd-MLP-LM,coef(b)_Pd-MLP-LM,coef(a)_Acu-Pd-MLP-LM,rsquared_Acu-Pd-MLP-LM,Standard Error_Acu-Pd-MLP-LM,coef(b)_Acu-Pd-MLP-LM,coef(a)_6am-MLP-LM,rsquared_6am-MLP-LM,Standard Error_6am-MLP-LM,coef(b)_6am-MLP-LM,coef(a)_Acu-6am-MLP-LM,rsquared_Acu-6am-MLP-LM,Standard Error_Acu-6am-MLP-LM,coef(b)_Acu-6am-MLP-LM
0,9.0,0.24312817769474987,0.28307739026682743,0.03502990261711806,0.014876213546214878,0.6453799132251243,0.9839151475080773,0.007470767973254615,0.21692922942223333,0.6070154112561591,0.4185126745679151,0.06477920605808885,0.013563958960677145,1.019042509679376,0.993890030729859,0.007233737277787369,-0.09897243204734689,0.00031416738682913997,0.0020534093816059196,0.0006270426229239884,0.0006968489129626592,0.04790833519214749,0.9036663395864069,0.0014161724537119463,-0.011509244382077467,0.2652289920737921,0.20721163050613745,0.046969142825006104,0.024735582226941426,0.9536806818553469,0.97167484515466,0.014741739661085497,0.5357324816047822,0.3237501713264938,0.25834708490299163,0.04966250626264521,0.022222779360011415,1.122417393848779,0.9933951410913802,0.005907714843042287,-0.25916312125415913,0.3308372902352297,0.149807345466608,0.07135536575718149,0.021735405719435368,0.8682119285751235,0.976690905012162,0.01214311110070748,0.14308363138198188
