,Pruebas,coef(a)_6am-MLP,rsquared_6am-MLP,Standard Error_6am-MLP,coef(b)_6am-MLP,coef(a)_Acu-6am-MLP,rsquared_Acu-6am-MLP,Standard Error_Acu-6am-MLP,coef(b)_Acu-6am-MLP,coef(a)_6am-Beysens,rsquared_6am-Beysens,Standard Error_6am-Beysens,coef(b)_6am-Beysens,coef(a)_Acu-6am-Beysens,rsquared_Acu-6am-Beysens,Standard Error_Acu-6am-Beysens,coef(b)_Acu-6am-Beysens,coef(a)_Beysens-PM,rsquared_Beysens-PM,Standard Error_Beysens-PM,coef(b)_Beysens-PM,coef(a)_Acu-Beysens-PM,rsquared_Acu-Beysens-PM,Standard Error_Acu-Beysens-PM,coef(b)_Acu-Beysens-PM,coef(a)_MLP-PM,rsquared_MLP-PM,Standard Error_MLP-PM,coef(b)_MLP-PM,coef(a)_Acu-MLP-PM,rsquared_Acu-MLP-PM,Standard Error_Acu-MLP-PM,coef(b)_Acu-MLP-PM,coef(a)_Pd-MLP-LM,rsquared_Pd-MLP-LM,Standard Error_Pd-MLP-LM,coef(b)_Pd-MLP-LM,coef(a)_Acu-Pd-MLP-LM,rsquared_Acu-Pd-MLP-LM,Standard Error_Acu-Pd-MLP-LM,coef(b)_Acu-Pd-MLP-LM,coef(a)_6am-MLP-LM,rsquared_6am-MLP-LM,Standard Error_6am-MLP-LM,coef(b)_6am-MLP-LM,coef(a)_Acu-6am-MLP-LM,rsquared_Acu-6am-MLP-LM,Standard Error_Acu-6am-MLP-LM,coef(b)_Acu-6am-MLP-LM
0,7.0,0.4852319871066285,0.48379907637545383,0.04537810928395519,0.019062450722977606,1.0748613102879547,0.9837052568789612,0.012524597454946147,0.03112611978254299,0.5617571645069621,0.3335320494394055,0.07189348783988452,0.015739887853070855,1.068306950750295,0.9884409740420536,0.01045927033800681,0.046058308782403364,7.898438363851596e-05,2.8486339340050293e-05,0.0013397902424779277,0.0035600722442770136,0.10260310446698209,0.8886793333465111,0.003287728489942358,0.024830046975572888,0.25709943850733874,0.28127166269188575,0.037208369327177714,0.023901352292735604,0.8861041897684345,0.9836919799420218,0.010329419797830015,0.2559946038332856,0.26598004992902946,0.2671427041644431,0.03988478037852303,0.019937271920106622,1.1064855788628987,0.9885257335718455,0.007694999770483717,-0.2801768850444152,0.39026169853187587,0.4805474189758021,0.03673506571282354,0.01864521141236873,0.9412699076435931,0.9783346174291134,0.012681590603989592,0.11669494604701068
