,Pruebas,coef(a)_6am-MLP,rsquared_6am-MLP,Standard Error_6am-MLP,coef(b)_6am-MLP,coef(a)_Acu-6am-MLP,rsquared_Acu-6am-MLP,Standard Error_Acu-6am-MLP,coef(b)_Acu-6am-MLP,coef(a)_6am-Beysens,rsquared_6am-Beysens,Standard Error_6am-Beysens,coef(b)_6am-Beysens,coef(a)_Acu-6am-Beysens,rsquared_Acu-6am-Beysens,Standard Error_Acu-6am-Beysens,coef(b)_Acu-6am-Beysens,coef(a)_Beysens-PM,rsquared_Beysens-PM,Standard Error_Beysens-PM,coef(b)_Beysens-PM,coef(a)_Acu-Beysens-PM,rsquared_Acu-Beysens-PM,Standard Error_Acu-Beysens-PM,coef(b)_Acu-Beysens-PM,coef(a)_MLP-PM,rsquared_MLP-PM,Standard Error_MLP-PM,coef(b)_MLP-PM,coef(a)_Acu-MLP-PM,rsquared_Acu-MLP-PM,Standard Error_Acu-MLP-PM,coef(b)_Acu-MLP-PM,coef(a)_Pd-MLP-LM,rsquared_Pd-MLP-LM,Standard Error_Pd-MLP-LM,coef(b)_Pd-MLP-LM,coef(a)_Acu-Pd-MLP-LM,rsquared_Acu-Pd-MLP-LM,Standard Error_Acu-Pd-MLP-LM,coef(b)_Acu-Pd-MLP-LM,coef(a)_6am-MLP-LM,rsquared_6am-MLP-LM,Standard Error_6am-MLP-LM,coef(b)_6am-MLP-LM,coef(a)_Acu-6am-MLP-LM,rsquared_Acu-6am-MLP-LM,Standard Error_Acu-6am-MLP-LM,coef(b)_Acu-6am-MLP-LM
0,8.0,0.5501841520151733,0.4584538956874751,0.05413748300079309,0.01929629782967169,1.178294831286045,0.9823354470240713,0.014305250807718169,0.35107436857848034,0.8011711830375026,0.4575894626652808,0.078971694370928,0.015347976094908289,1.2686448969115451,0.9939078240281233,0.008992352575556549,0.09994658692986498,0.06605476715626572,0.14442786842450872,0.014555497861878064,-9.986578326747018e-05,0.04922573143431184,0.7995783217353567,0.0022312801627628934,-0.028944298999575062,0.27897503385415623,0.28936359250494526,0.039581043399534874,0.02061983185197458,1.0253511301639389,0.9858159618114555,0.011135115392648625,0.14289573581045778,0.3621009641865742,0.3313088230958797,0.046574271129441465,0.018520566268793906,1.0082111900331483,0.9975018481203582,0.003256855248415022,-0.028997999349855016,0.4217821813382302,0.3604555931779365,0.050864852971494,0.01797739175791687,1.0351204182458673,0.9844918891706836,0.011762085680789526,0.21090421984618107
