,Pruebas,coef(a)_6am-MLP,rsquared_6am-MLP,Standard Error_6am-MLP,coef(b)_6am-MLP,coef(a)_Acu-6am-MLP,rsquared_Acu-6am-MLP,Standard Error_Acu-6am-MLP,coef(b)_Acu-6am-MLP,coef(a)_6am-Beysens,rsquared_6am-Beysens,Standard Error_6am-Beysens,coef(b)_6am-Beysens,coef(a)_Acu-6am-Beysens,rsquared_Acu-6am-Beysens,Standard Error_Acu-6am-Beysens,coef(b)_Acu-6am-Beysens,coef(a)_Beysens-PM,rsquared_Beysens-PM,Standard Error_Beysens-PM,coef(b)_Beysens-PM,coef(a)_Acu-Beysens-PM,rsquared_Acu-Beysens-PM,Standard Error_Acu-Beysens-PM,coef(b)_Acu-Beysens-PM,coef(a)_MLP-PM,rsquared_MLP-PM,Standard Error_MLP-PM,coef(b)_MLP-PM,coef(a)_Acu-MLP-PM,rsquared_Acu-MLP-PM,Standard Error_Acu-MLP-PM,coef(b)_Acu-MLP-PM,coef(a)_Pd-MLP-LM,rsquared_Pd-MLP-LM,Standard Error_Pd-MLP-LM,coef(b)_Pd-MLP-LM,coef(a)_Acu-Pd-MLP-LM,rsquared_Acu-Pd-MLP-LM,Standard Error_Acu-Pd-MLP-LM,coef(b)_Acu-Pd-MLP-LM,coef(a)_6am-MLP-LM,rsquared_6am-MLP-LM,Standard Error_6am-MLP-LM,coef(b)_6am-MLP-LM,coef(a)_Acu-6am-MLP-LM,rsquared_Acu-6am-MLP-LM,Standard Error_Acu-6am-MLP-LM,coef(b)_Acu-6am-MLP-LM
0,2.0,0.540637151918451,0.3808894293274635,0.062403742969476976,0.017957819809822428,1.2731729884339489,0.98640059406171,0.013534456136844014,0.07370827756827561,0.7102129585072026,0.34327132732012744,0.08893708709123811,0.008586243411379804,1.0205421741131542,0.9489041541501333,0.02144038916128797,0.337321741153527,0.0010862149860364624,0.02697271230582665,0.0005906579785813414,-0.0009494581148785862,0.022939119447466745,0.6207146611744321,0.001623431070248888,-0.013995625150231629,0.17520164814930256,0.11470299257640293,0.04406718909337058,0.028883627191638703,1.3695949881780396,0.9603022177208986,0.02521107699881594,-0.19706764363331972,0.32744159410815343,0.21392813481798867,0.0568265185084365,0.02123366901536454,1.0523690738682676,0.9982173709377558,0.002870650931841015,-0.11983230161935611,0.45888951020181773,0.3622408750951619,0.05512617493337115,0.016254367640898784,1.1098899641011974,0.9876121568029954,0.011253941300808819,0.03552551992530527
