,Pruebas,coef(a)_6am-MLP,rsquared_6am-MLP,Standard Error_6am-MLP,coef(b)_6am-MLP,coef(a)_Acu-6am-MLP,rsquared_Acu-6am-MLP,Standard Error_Acu-6am-MLP,coef(b)_Acu-6am-MLP,coef(a)_6am-Beysens,rsquared_6am-Beysens,Standard Error_6am-Beysens,coef(b)_6am-Beysens,coef(a)_Acu-6am-Beysens,rsquared_Acu-6am-Beysens,Standard Error_Acu-6am-Beysens,coef(b)_Acu-6am-Beysens,coef(a)_Beysens-PM,rsquared_Beysens-PM,Standard Error_Beysens-PM,coef(b)_Beysens-PM,coef(a)_Acu-Beysens-PM,rsquared_Acu-Beysens-PM,Standard Error_Acu-Beysens-PM,coef(b)_Acu-Beysens-PM,coef(a)_MLP-PM,rsquared_MLP-PM,Standard Error_MLP-PM,coef(b)_MLP-PM,coef(a)_Acu-MLP-PM,rsquared_Acu-MLP-PM,Standard Error_Acu-MLP-PM,coef(b)_Acu-MLP-PM,coef(a)_Pd-MLP-LM,rsquared_Pd-MLP-LM,Standard Error_Pd-MLP-LM,coef(b)_Pd-MLP-LM,coef(a)_Acu-Pd-MLP-LM,rsquared_Acu-Pd-MLP-LM,Standard Error_Acu-Pd-MLP-LM,coef(b)_Acu-Pd-MLP-LM,coef(a)_6am-MLP-LM,rsquared_6am-MLP-LM,Standard Error_6am-MLP-LM,coef(b)_6am-MLP-LM,coef(a)_Acu-6am-MLP-LM,rsquared_Acu-6am-MLP-LM,Standard Error_Acu-6am-MLP-LM,coef(b)_Acu-6am-MLP-LM
0,1.0,0.46538394772242314,0.6437810908672932,0.031341579007726425,0.015307546823710143,0.9578151191392109,0.9950013408789565,0.006146341704478869,0.02333063237717333,0.796869933744782,0.5236886836365727,0.06880442675470477,0.00944551509073499,1.0987946256598813,0.9773428734709435,0.015146613757903098,0.22284283495691393,-0.0011523789923619798,0.022817211996553288,0.0006827662305492005,0.003611303005050256,0.03857673361258866,0.7425739217162342,0.0020563733191267817,0.07586297991354715,0.30268648379665875,0.32154055667392767,0.03980679336176932,0.02175547178841436,0.9739514861191512,0.9916794075416797,0.008076977755307399,0.2269808981265365,0.3150210115368558,0.3874266113645176,0.035862778414855925,0.01649696775204173,1.0672120629745794,0.9953680410612077,0.00469932639691928,0.08376487953127468,0.44288299114885393,0.6134872717221865,0.03182644946470263,0.016188121506629325,0.9444827066591297,0.992904232230079,0.007228698483724254,0.016028297693125332
