,Pruebas,coef(a)_6am-MLP,rsquared_6am-MLP,Standard Error_6am-MLP,coef(b)_6am-MLP,coef(a)_Acu-6am-MLP,rsquared_Acu-6am-MLP,Standard Error_Acu-6am-MLP,coef(b)_Acu-6am-MLP,coef(a)_6am-Beysens,rsquared_6am-Beysens,Standard Error_6am-Beysens,coef(b)_6am-Beysens,coef(a)_Acu-6am-Beysens,rsquared_Acu-6am-Beysens,Standard Error_Acu-6am-Beysens,coef(b)_Acu-6am-Beysens,coef(a)_Beysens-PM,rsquared_Beysens-PM,Standard Error_Beysens-PM,coef(b)_Beysens-PM,coef(a)_Acu-Beysens-PM,rsquared_Acu-Beysens-PM,Standard Error_Acu-Beysens-PM,coef(b)_Acu-Beysens-PM,coef(a)_MLP-PM,rsquared_MLP-PM,Standard Error_MLP-PM,coef(b)_MLP-PM,coef(a)_Acu-MLP-PM,rsquared_Acu-MLP-PM,Standard Error_Acu-MLP-PM,coef(b)_Acu-MLP-PM,coef(a)_Pd-MLP-LM,rsquared_Pd-MLP-LM,Standard Error_Pd-MLP-LM,coef(b)_Pd-MLP-LM,coef(a)_Acu-Pd-MLP-LM,rsquared_Acu-Pd-MLP-LM,Standard Error_Acu-Pd-MLP-LM,coef(b)_Acu-Pd-MLP-LM,coef(a)_6am-MLP-LM,rsquared_6am-MLP-LM,Standard Error_6am-MLP-LM,coef(b)_6am-MLP-LM,coef(a)_Acu-6am-MLP-LM,rsquared_Acu-6am-MLP-LM,Standard Error_Acu-6am-MLP-LM,coef(b)_Acu-6am-MLP-LM
0,2.0,0.5700014679194878,0.48861422285344336,0.05279433320011552,0.01915843540647168,1.3254237831941058,0.9837093831463427,0.015442236606101608,-0.06015851921350261,0.6795293260219342,0.3137808231893304,0.09098012201953373,0.016048594975184752,1.3118662478623084,0.9757566584456905,0.018721262013580136,0.0024584208637453697,-0.0028484608299832346,0.009551784343639569,0.002626055915278095,0.010297382671041265,0.21749023405187304,0.8491092704560737,0.008300597079522512,0.1102921856606263,0.383259646832818,0.21220096156128443,0.0668570567211512,0.026473525808082883,1.437781422991738,0.9834992743759968,0.016860771797320918,0.09532016352398993,0.3683002551647814,0.227951668746603,0.061365319292067844,0.02557333454494147,1.0119689821600406,0.995050805196784,0.004606872856820903,0.3361396152275233,0.538944140344485,0.4590498001744544,0.05296787839445156,0.020578680034625027,1.381433841917426,0.9853751287261939,0.015236857416772293,-0.06889852316313215
