,Pruebas,coef(a)_6am-MLP,rsquared_6am-MLP,Standard Error_6am-MLP,coef(b)_6am-MLP,coef(a)_Acu-6am-MLP,rsquared_Acu-6am-MLP,Standard Error_Acu-6am-MLP,coef(b)_Acu-6am-MLP,coef(a)_6am-Beysens,rsquared_6am-Beysens,Standard Error_6am-Beysens,coef(b)_6am-Beysens,coef(a)_Acu-6am-Beysens,rsquared_Acu-6am-Beysens,Standard Error_Acu-6am-Beysens,coef(b)_Acu-6am-Beysens,coef(a)_Beysens-PM,rsquared_Beysens-PM,Standard Error_Beysens-PM,coef(b)_Beysens-PM,coef(a)_Acu-Beysens-PM,rsquared_Acu-Beysens-PM,Standard Error_Acu-Beysens-PM,coef(b)_Acu-Beysens-PM,coef(a)_MLP-PM,rsquared_MLP-PM,Standard Error_MLP-PM,coef(b)_MLP-PM,coef(a)_Acu-MLP-PM,rsquared_Acu-MLP-PM,Standard Error_Acu-MLP-PM,coef(b)_Acu-MLP-PM,coef(a)_Pd-MLP-LM,rsquared_Pd-MLP-LM,Standard Error_Pd-MLP-LM,coef(b)_Pd-MLP-LM,coef(a)_Acu-Pd-MLP-LM,rsquared_Acu-Pd-MLP-LM,Standard Error_Acu-Pd-MLP-LM,coef(b)_Acu-Pd-MLP-LM,coef(a)_6am-MLP-LM,rsquared_6am-MLP-LM,Standard Error_6am-MLP-LM,coef(b)_6am-MLP-LM,coef(a)_Acu-6am-MLP-LM,rsquared_Acu-6am-MLP-LM,Standard Error_Acu-6am-MLP-LM,coef(b)_Acu-6am-MLP-LM
0,5.0,0.37397733177498205,0.3547419453761018,0.0456641920311898,0.020211216590697856,0.9874123924452414,0.990050193165034,0.008961843882546235,0.033107402488299804,0.5824320894676045,0.3779058065075178,0.0676552761085994,0.011705851986117208,0.9899901397457007,0.994751059396154,0.006510728384369247,-0.00432369000052979,-0.002421484127257326,0.030409893978060043,0.0012379079323667221,0.007469054427022342,0.033511016663048045,0.4750491532413619,0.0031893173432532384,0.18667478745555388,0.24168438465726721,0.2791647785306598,0.03516060465159737,0.02590593855823047,0.9576044061509985,0.9885444579600527,0.009332885525731341,0.24858466939137075,0.24351552257084907,0.20130103925728315,0.043915239176486084,0.0254135203179903,1.0035545273675262,0.9813109984790243,0.008939743732151468,0.5206599584800295,0.35592721778396463,0.37916158172976255,0.04123427962762168,0.01863520946089556,0.9114047990760841,0.987926171101118,0.009122033395466947,0.01824070154961075
