,Pruebas,coef(a)_6am-MLP,rsquared_6am-MLP,Standard Error_6am-MLP,coef(b)_6am-MLP,coef(a)_Acu-6am-MLP,rsquared_Acu-6am-MLP,Standard Error_Acu-6am-MLP,coef(b)_Acu-6am-MLP,coef(a)_6am-Beysens,rsquared_6am-Beysens,Standard Error_6am-Beysens,coef(b)_6am-Beysens,coef(a)_Acu-6am-Beysens,rsquared_Acu-6am-Beysens,Standard Error_Acu-6am-Beysens,coef(b)_Acu-6am-Beysens,coef(a)_Beysens-PM,rsquared_Beysens-PM,Standard Error_Beysens-PM,coef(b)_Beysens-PM,coef(a)_Acu-Beysens-PM,rsquared_Acu-Beysens-PM,Standard Error_Acu-Beysens-PM,coef(b)_Acu-Beysens-PM,coef(a)_MLP-PM,rsquared_MLP-PM,Standard Error_MLP-PM,coef(b)_MLP-PM,coef(a)_Acu-MLP-PM,rsquared_Acu-MLP-PM,Standard Error_Acu-MLP-PM,coef(b)_Acu-MLP-PM,coef(a)_Pd-MLP-LM,rsquared_Pd-MLP-LM,Standard Error_Pd-MLP-LM,coef(b)_Pd-MLP-LM,coef(a)_Acu-Pd-MLP-LM,rsquared_Acu-Pd-MLP-LM,Standard Error_Acu-Pd-MLP-LM,coef(b)_Acu-Pd-MLP-LM,coef(a)_6am-MLP-LM,rsquared_6am-MLP-LM,Standard Error_6am-MLP-LM,coef(b)_6am-MLP-LM,coef(a)_Acu-6am-MLP-LM,rsquared_Acu-6am-MLP-LM,Standard Error_Acu-6am-MLP-LM,coef(b)_Acu-6am-MLP-LM
0,8.0,0.4036724116767154,0.37248068385407196,0.04743629819444396,0.016512368001161244,1.08290900304875,0.9661166861093592,0.018360740763565243,0.007145292624428645,0.7096798446229895,0.42468670736253267,0.07478257688654613,0.014414386841454397,1.3019563755034689,0.9676930696700691,0.021537512844531835,0.05229999888860233,0.09071906627049274,0.06820702081830388,0.030357348257383385,0.00100482615062438,0.12308871153578975,0.8847863454695197,0.004021342656247143,0.0031323300620969725,0.3531298748229976,0.2920833268362064,0.049772818659443,0.019403065133249263,1.1608984621685674,0.9720611422613006,0.017818529197372437,0.1580507720024205,0.35560699252013894,0.2861938449763858,0.05084525247823546,0.01703242534187196,1.1124050897217628,0.9953353981756259,0.0049156382057507445,-0.20682765232951883,0.4485582111292769,0.44618749256224977,0.04524405862713936,0.01731027026936256,1.1531980638112809,0.962822821473704,0.020515826403098444,0.053259180353287715
