,Pruebas,coef(a)_6am-MLP,rsquared_6am-MLP,Standard Error_6am-MLP,coef(b)_6am-MLP,coef(a)_Acu-6am-MLP,rsquared_Acu-6am-MLP,Standard Error_Acu-6am-MLP,coef(b)_Acu-6am-MLP,coef(a)_6am-Beysens,rsquared_6am-Beysens,Standard Error_6am-Beysens,coef(b)_6am-Beysens,coef(a)_Acu-6am-Beysens,rsquared_Acu-6am-Beysens,Standard Error_Acu-6am-Beysens,coef(b)_Acu-6am-Beysens,coef(a)_Beysens-PM,rsquared_Beysens-PM,Standard Error_Beysens-PM,coef(b)_Beysens-PM,coef(a)_Acu-Beysens-PM,rsquared_Acu-Beysens-PM,Standard Error_Acu-Beysens-PM,coef(b)_Acu-Beysens-PM,coef(a)_MLP-PM,rsquared_MLP-PM,Standard Error_MLP-PM,coef(b)_MLP-PM,coef(a)_Acu-MLP-PM,rsquared_Acu-MLP-PM,Standard Error_Acu-MLP-PM,coef(b)_Acu-MLP-PM,coef(a)_Pd-MLP-LM,rsquared_Pd-MLP-LM,Standard Error_Pd-MLP-LM,coef(b)_Pd-MLP-LM,coef(a)_Acu-Pd-MLP-LM,rsquared_Acu-Pd-MLP-LM,Standard Error_Acu-Pd-MLP-LM,coef(b)_Acu-Pd-MLP-LM,coef(a)_6am-MLP-LM,rsquared_6am-MLP-LM,Standard Error_6am-MLP-LM,coef(b)_6am-MLP-LM,coef(a)_Acu-6am-MLP-LM,rsquared_Acu-6am-MLP-LM,Standard Error_Acu-6am-MLP-LM,coef(b)_Acu-6am-MLP-LM
0,9.0,0.6120214113522476,0.3928503346889768,0.06888442208534368,0.019662850695231496,1.5691794625004003,0.9755935443972689,0.022470389346101127,-0.04130902184354045,0.695353106958234,0.28018152084796655,0.10090605694824324,0.014608492608664817,1.3176074427715236,0.9426719118524534,0.02941775792415223,0.23314658857168308,-2.0983634817161646e-05,2.8554812310233046e-06,0.0011242438724293603,0.0012106819536894095,0.06797888835058583,0.8250431490578836,0.002834139927143976,-0.02408891807504084,0.3101601026982575,0.19732365167030141,0.05663522716321492,0.024190759553313915,1.4302661057102641,0.9771078896305,0.019820225293995773,-0.27655048637026763,0.30923856821380996,0.20867881483763961,0.05451938066176209,0.020502816845832605,1.051405452579046,0.994851974509211,0.004882089252432355,0.042769299640985026,0.5292343915892774,0.2607848137547554,0.08067007421928642,0.01926867226987684,1.5205846966814083,0.9727150630834693,0.02305681724624414,-0.12823356338166692
