,Pruebas,coef(a)_6am-MLP,rsquared_6am-MLP,Standard Error_6am-MLP,coef(b)_6am-MLP,coef(a)_Acu-6am-MLP,rsquared_Acu-6am-MLP,Standard Error_Acu-6am-MLP,coef(b)_Acu-6am-MLP,coef(a)_6am-Beysens,rsquared_6am-Beysens,Standard Error_6am-Beysens,coef(b)_6am-Beysens,coef(a)_Acu-6am-Beysens,rsquared_Acu-6am-Beysens,Standard Error_Acu-6am-Beysens,coef(b)_Acu-6am-Beysens,coef(a)_Beysens-PM,rsquared_Beysens-PM,Standard Error_Beysens-PM,coef(b)_Beysens-PM,coef(a)_Acu-Beysens-PM,rsquared_Acu-Beysens-PM,Standard Error_Acu-Beysens-PM,coef(b)_Acu-Beysens-PM,coef(a)_MLP-PM,rsquared_MLP-PM,Standard Error_MLP-PM,coef(b)_MLP-PM,coef(a)_Acu-MLP-PM,rsquared_Acu-MLP-PM,Standard Error_Acu-MLP-PM,coef(b)_Acu-MLP-PM,coef(a)_Pd-MLP-LM,rsquared_Pd-MLP-LM,Standard Error_Pd-MLP-LM,coef(b)_Pd-MLP-LM,coef(a)_Acu-Pd-MLP-LM,rsquared_Acu-Pd-MLP-LM,Standard Error_Acu-Pd-MLP-LM,coef(b)_Acu-Pd-MLP-LM,coef(a)_6am-MLP-LM,rsquared_6am-MLP-LM,Standard Error_6am-MLP-LM,coef(b)_6am-MLP-LM,coef(a)_Acu-6am-MLP-LM,rsquared_Acu-6am-MLP-LM,Standard Error_Acu-6am-MLP-LM,coef(b)_Acu-6am-MLP-LM
0,10.0,0.5561708153958322,0.5064379416715467,0.0497091189598351,0.019101946944499425,1.3906939964815395,0.963703083388272,0.024435144239665172,-0.43951218886675986,0.7178127304200923,0.32746713199848587,0.09313311734037723,0.018019845357318827,1.5552880327254446,0.968672663927098,0.025322356925550054,-0.34752366975850885,0.0015425942428954717,0.004691259441516604,0.0020342577260384557,0.0003356298326624065,0.1496812028403763,0.7960619748855554,0.006859034921925682,-0.12147554106184985,0.2897799736853224,0.21194756062190667,0.05058849460199802,0.027438180108815557,1.351427054929065,0.9564833167769676,0.026097679008289527,-0.36390217135649305,0.3137229594093446,0.2187974699533065,0.05366944019573003,0.021398410831582868,0.9611101463723459,0.9940084629026757,0.004816611616550498,0.07756662382112928,0.517410831806807,0.501854614461295,0.046670741488744776,0.01574260294118282,1.1950948143779465,0.9653593338949614,0.02049609206828149,-0.37711853561050446
