,Pruebas,coef(a)_6am-MLP,rsquared_6am-MLP,Standard Error_6am-MLP,coef(b)_6am-MLP,coef(a)_Acu-6am-MLP,rsquared_Acu-6am-MLP,Standard Error_Acu-6am-MLP,coef(b)_Acu-6am-MLP,coef(a)_6am-Beysens,rsquared_6am-Beysens,Standard Error_6am-Beysens,coef(b)_6am-Beysens,coef(a)_Acu-6am-Beysens,rsquared_Acu-6am-Beysens,Standard Error_Acu-6am-Beysens,coef(b)_Acu-6am-Beysens,coef(a)_Beysens-PM,rsquared_Beysens-PM,Standard Error_Beysens-PM,coef(b)_Beysens-PM,coef(a)_Acu-Beysens-PM,rsquared_Acu-Beysens-PM,Standard Error_Acu-Beysens-PM,coef(b)_Acu-Beysens-PM,coef(a)_MLP-PM,rsquared_MLP-PM,Standard Error_MLP-PM,coef(b)_MLP-PM,coef(a)_Acu-MLP-PM,rsquared_Acu-MLP-PM,Standard Error_Acu-MLP-PM,coef(b)_Acu-MLP-PM,coef(a)_Pd-MLP-LM,rsquared_Pd-MLP-LM,Standard Error_Pd-MLP-LM,coef(b)_Pd-MLP-LM,coef(a)_Acu-Pd-MLP-LM,rsquared_Acu-Pd-MLP-LM,Standard Error_Acu-Pd-MLP-LM,coef(b)_Acu-Pd-MLP-LM,coef(a)_6am-MLP-LM,rsquared_6am-MLP-LM,Standard Error_6am-MLP-LM,coef(b)_6am-MLP-LM,coef(a)_Acu-6am-MLP-LM,rsquared_Acu-6am-MLP-LM,Standard Error_Acu-6am-MLP-LM,coef(b)_Acu-6am-MLP-LM
0,5.0,0.50756816051139,0.5392742523282676,0.042474750492213935,0.017689249689116452,1.0256277057331662,0.9952542877668764,0.006411999784635193,0.13434359413682617,0.6774741593490794,0.33366754888870964,0.08667648999869153,0.022778649223100918,1.3545198825668345,0.9815574103505864,0.016809645996693684,0.3197186107132787,-0.00016525127672019108,0.00046667261757737943,0.0006924005247239353,0.002065064588201102,0.06146894216033821,0.935120687321983,0.0014658688351521486,0.005550582263486874,0.30917784459141756,0.3412634507917326,0.03889013187181354,0.022189689530185075,1.0254615950539976,0.9943056370345396,0.007025902320242231,0.011790305561495927,0.34288820275549026,0.2822273561239189,0.049506990041296856,0.021092295210744655,1.0083194787863798,0.9952027395281041,0.00451890702028864,0.08911094528625402,0.46863688561697253,0.5162839576142693,0.04106837256714468,0.016671230112150083,0.9709194997232753,0.9953874215664715,0.005983828187577983,0.08251755541408182
