,Pruebas,coef(a)_6am-MLP,rsquared_6am-MLP,Standard Error_6am-MLP,coef(b)_6am-MLP,coef(a)_Acu-6am-MLP,rsquared_Acu-6am-MLP,Standard Error_Acu-6am-MLP,coef(b)_Acu-6am-MLP,coef(a)_6am-Beysens,rsquared_6am-Beysens,Standard Error_6am-Beysens,coef(b)_6am-Beysens,coef(a)_Acu-6am-Beysens,rsquared_Acu-6am-Beysens,Standard Error_Acu-6am-Beysens,coef(b)_Acu-6am-Beysens,coef(a)_Beysens-PM,rsquared_Beysens-PM,Standard Error_Beysens-PM,coef(b)_Beysens-PM,coef(a)_Acu-Beysens-PM,rsquared_Acu-Beysens-PM,Standard Error_Acu-Beysens-PM,coef(b)_Acu-Beysens-PM,coef(a)_MLP-PM,rsquared_MLP-PM,Standard Error_MLP-PM,coef(b)_MLP-PM,coef(a)_Acu-MLP-PM,rsquared_Acu-MLP-PM,Standard Error_Acu-MLP-PM,coef(b)_Acu-MLP-PM,coef(a)_Pd-MLP-LM,rsquared_Pd-MLP-LM,Standard Error_Pd-MLP-LM,coef(b)_Pd-MLP-LM,coef(a)_Acu-Pd-MLP-LM,rsquared_Acu-Pd-MLP-LM,Standard Error_Acu-Pd-MLP-LM,coef(b)_Acu-Pd-MLP-LM,coef(a)_6am-MLP-LM,rsquared_6am-MLP-LM,Standard Error_6am-MLP-LM,coef(b)_6am-MLP-LM,coef(a)_Acu-6am-MLP-LM,rsquared_Acu-6am-MLP-LM,Standard Error_Acu-6am-MLP-LM,coef(b)_Acu-6am-MLP-LM
0,7.0,0.4157670646119913,0.5096143128719502,0.03692480692087105,0.01606484825183529,0.8769011629497874,0.9912163940774084,0.007473480645802171,0.15493226561254358,0.6178673219822592,0.4129573405492828,0.06669565578482582,0.012114326956978918,0.9748841895391664,0.9848507838406331,0.010946693935679812,0.09756899197104883,0.00026729205880179257,0.00038193491242977107,0.0012380224195362292,0.0022156825129863453,0.10174938425139224,0.9206275414002864,0.0027048601110818355,-0.011693036343338107,0.3466158934529182,0.3909241259137485,0.03917039888627463,0.024118298689750885,1.1026016810253443,0.9806080199677542,0.014037898334462742,0.10388264740364056,0.4468233399281577,0.2727191176249095,0.06606161892697461,0.024053183216350228,0.9781814529297914,0.9951698954788374,0.004398893550536743,0.2226085506407403,0.40226895091008524,0.509937709214914,0.03570291617465081,0.014862830651753462,0.8273514286418759,0.9897325112617779,0.007629275632268785,0.1222876279485147
