,Pruebas,coef(a)_6am-MLP,rsquared_6am-MLP,Standard Error_6am-MLP,coef(b)_6am-MLP,coef(a)_Acu-6am-MLP,rsquared_Acu-6am-MLP,Standard Error_Acu-6am-MLP,coef(b)_Acu-6am-MLP,coef(a)_6am-Beysens,rsquared_6am-Beysens,Standard Error_6am-Beysens,coef(b)_6am-Beysens,coef(a)_Acu-6am-Beysens,rsquared_Acu-6am-Beysens,Standard Error_Acu-6am-Beysens,coef(b)_Acu-6am-Beysens,coef(a)_Beysens-PM,rsquared_Beysens-PM,Standard Error_Beysens-PM,coef(b)_Beysens-PM,coef(a)_Acu-Beysens-PM,rsquared_Acu-Beysens-PM,Standard Error_Acu-Beysens-PM,coef(b)_Acu-Beysens-PM,coef(a)_MLP-PM,rsquared_MLP-PM,Standard Error_MLP-PM,coef(b)_MLP-PM,coef(a)_Acu-MLP-PM,rsquared_Acu-MLP-PM,Standard Error_Acu-MLP-PM,coef(b)_Acu-MLP-PM,coef(a)_Pd-MLP-LM,rsquared_Pd-MLP-LM,Standard Error_Pd-MLP-LM,coef(b)_Pd-MLP-LM,coef(a)_Acu-Pd-MLP-LM,rsquared_Acu-Pd-MLP-LM,Standard Error_Acu-Pd-MLP-LM,coef(b)_Acu-Pd-MLP-LM,coef(a)_6am-MLP-LM,rsquared_6am-MLP-LM,Standard Error_6am-MLP-LM,coef(b)_6am-MLP-LM,coef(a)_Acu-6am-MLP-LM,rsquared_Acu-6am-MLP-LM,Standard Error_Acu-6am-MLP-LM,coef(b)_Acu-6am-MLP-LM
0,4.0,0.4847405196275417,0.3813344104919063,0.05589904202359159,0.024080011953769426,1.3763206424035368,0.9351486450376865,0.03281398020365045,-0.30806493954530106,0.7059218718524356,0.3593150670369656,0.0853416948894461,0.02055777945849619,1.435432342488855,0.9572289727578925,0.027470700556691215,-0.28951856071396487,0.003633422913171621,0.014960279156236322,0.002669273397658102,-0.0015864756803203772,0.2204048645200022,0.8866258574233765,0.007135560152414782,-0.18846462935448982,0.3554451457022326,0.24593007838308656,0.05634983870782722,0.03017640358546688,1.589322312111995,0.9327726789651608,0.03862931976762128,-0.6716984682736468,0.40160349651172866,0.2800882590664874,0.05829210960154956,0.027628639173521256,1.0156407667790515,0.9937767623267835,0.005187979831653152,0.1644759609348726,0.45307506845909384,0.37729596469264715,0.052697502528187626,0.02593880937398981,1.3948491513821901,0.9377432911957646,0.03253856690128835,-0.29564363775664376
