,Pruebas,coef(a)_6am-MLP,rsquared_6am-MLP,Standard Error_6am-MLP,coef(b)_6am-MLP,coef(a)_Acu-6am-MLP,rsquared_Acu-6am-MLP,Standard Error_Acu-6am-MLP,coef(b)_Acu-6am-MLP,coef(a)_6am-Beysens,rsquared_6am-Beysens,Standard Error_6am-Beysens,coef(b)_6am-Beysens,coef(a)_Acu-6am-Beysens,rsquared_Acu-6am-Beysens,Standard Error_Acu-6am-Beysens,coef(b)_Acu-6am-Beysens,coef(a)_Beysens-PM,rsquared_Beysens-PM,Standard Error_Beysens-PM,coef(b)_Beysens-PM,coef(a)_Acu-Beysens-PM,rsquared_Acu-Beysens-PM,Standard Error_Acu-Beysens-PM,coef(b)_Acu-Beysens-PM,coef(a)_MLP-PM,rsquared_MLP-PM,Standard Error_MLP-PM,coef(b)_MLP-PM,coef(a)_Acu-MLP-PM,rsquared_Acu-MLP-PM,Standard Error_Acu-MLP-PM,coef(b)_Acu-MLP-PM,coef(a)_Pd-MLP-LM,rsquared_Pd-MLP-LM,Standard Error_Pd-MLP-LM,coef(b)_Pd-MLP-LM,coef(a)_Acu-Pd-MLP-LM,rsquared_Acu-Pd-MLP-LM,Standard Error_Acu-Pd-MLP-LM,coef(b)_Acu-Pd-MLP-LM,coef(a)_6am-MLP-LM,rsquared_6am-MLP-LM,Standard Error_6am-MLP-LM,coef(b)_6am-MLP-LM,coef(a)_Acu-6am-MLP-LM,rsquared_Acu-6am-MLP-LM,Standard Error_Acu-6am-MLP-LM,coef(b)_Acu-6am-MLP-LM
0,10.0,0.6308980037422067,0.3073365548822473,0.08574982620675535,0.021927273413652002,1.4068996791192998,0.9791067611669716,0.018606773749191115,-0.19720421931968796,0.6463179247177431,0.3224005586530031,0.0848310635870605,0.013425678448517291,1.1217579584774717,0.9786355365999272,0.015005647761608943,-0.34133987662389986,0.000623543185794385,0.0005456634041974828,0.002416048713600986,0.004311942740123243,0.2526323190325924,0.9256844603165001,0.006480631460434995,-0.10819069805192431,0.3935154033035641,0.22746867362837264,0.06565670915756279,0.023473103070164425,1.301890905646836,0.9906439907536565,0.011454633437013502,-0.06891164016209483,0.4066158614160278,0.20746706880208488,0.07195126584083568,0.023093644432890026,0.955675348770849,0.9968548434067157,0.003465053448107869,-0.1185177154895865,0.42708308581103394,0.23624859922842356,0.06952224985137608,0.019698859130720885,1.0762850876766263,0.976150007131363,0.015231169587142303,-0.04180014497177754
