,Pruebas,coef(a)_6am-MLP,rsquared_6am-MLP,Standard Error_6am-MLP,coef(b)_6am-MLP,coef(a)_Acu-6am-MLP,rsquared_Acu-6am-MLP,Standard Error_Acu-6am-MLP,coef(b)_Acu-6am-MLP,coef(a)_6am-Beysens,rsquared_6am-Beysens,Standard Error_6am-Beysens,coef(b)_6am-Beysens,coef(a)_Acu-6am-Beysens,rsquared_Acu-6am-Beysens,Standard Error_Acu-6am-Beysens,coef(b)_Acu-6am-Beysens,coef(a)_Beysens-PM,rsquared_Beysens-PM,Standard Error_Beysens-PM,coef(b)_Beysens-PM,coef(a)_Acu-Beysens-PM,rsquared_Acu-Beysens-PM,Standard Error_Acu-Beysens-PM,coef(b)_Acu-Beysens-PM,coef(a)_MLP-PM,rsquared_MLP-PM,Standard Error_MLP-PM,coef(b)_MLP-PM,coef(a)_Acu-MLP-PM,rsquared_Acu-MLP-PM,Standard Error_Acu-MLP-PM,coef(b)_Acu-MLP-PM,coef(a)_Pd-MLP-LM,rsquared_Pd-MLP-LM,Standard Error_Pd-MLP-LM,coef(b)_Pd-MLP-LM,coef(a)_Acu-Pd-MLP-LM,rsquared_Acu-Pd-MLP-LM,Standard Error_Acu-Pd-MLP-LM,coef(b)_Acu-Pd-MLP-LM,coef(a)_6am-MLP-LM,rsquared_6am-MLP-LM,Standard Error_6am-MLP-LM,coef(b)_6am-MLP-LM,coef(a)_Acu-6am-MLP-LM,rsquared_Acu-6am-MLP-LM,Standard Error_Acu-6am-MLP-LM,coef(b)_Acu-6am-MLP-LM
0,5.0,0.4464953022472082,0.37042897597153235,0.0526995479040493,0.021098216584848457,1.1788324247931201,0.9885758642455638,0.011473048651334776,-0.030032683483981776,0.5945523241035187,0.26717338869311413,0.08914852913494663,0.021605472880481768,1.3861424428466365,0.9808738303049087,0.017524085955077456,-0.3346432329771492,0.0011477524260323016,0.0025011760216440138,0.0020751637483620985,0.0024019283586311263,0.1846811889942549,0.9168509626901089,0.005035260996628177,-0.06548432623830758,0.25161925094521653,0.25114028080405026,0.039337427786253536,0.027057927966466975,1.3052520806943728,0.9843286592786977,0.01491068142014173,-0.04932957544483019,0.31026244865654456,0.3008907046522519,0.04281712288696784,0.023622763394434535,1.0682959329150337,0.9953007660531847,0.004738297423425256,0.12074309062224295,0.44576703913187465,0.3740332240588128,0.052209386599278415,0.02287479442868368,1.2425776251385825,0.9886145348692091,0.01207273046024466,-0.04194263074747259
