,Pruebas,coef(a)_6am-MLP,rsquared_6am-MLP,Standard Error_6am-MLP,coef(b)_6am-MLP,coef(a)_Acu-6am-MLP,rsquared_Acu-6am-MLP,Standard Error_Acu-6am-MLP,coef(b)_Acu-6am-MLP,coef(a)_6am-Beysens,rsquared_6am-Beysens,Standard Error_6am-Beysens,coef(b)_6am-Beysens,coef(a)_Acu-6am-Beysens,rsquared_Acu-6am-Beysens,Standard Error_Acu-6am-Beysens,coef(b)_Acu-6am-Beysens,coef(a)_Beysens-PM,rsquared_Beysens-PM,Standard Error_Beysens-PM,coef(b)_Beysens-PM,coef(a)_Acu-Beysens-PM,rsquared_Acu-Beysens-PM,Standard Error_Acu-Beysens-PM,coef(b)_Acu-Beysens-PM,coef(a)_MLP-PM,rsquared_MLP-PM,Standard Error_MLP-PM,coef(b)_MLP-PM,coef(a)_Acu-MLP-PM,rsquared_Acu-MLP-PM,Standard Error_Acu-MLP-PM,coef(b)_Acu-MLP-PM,coef(a)_Pd-MLP-LM,rsquared_Pd-MLP-LM,Standard Error_Pd-MLP-LM,coef(b)_Pd-MLP-LM,coef(a)_Acu-Pd-MLP-LM,rsquared_Acu-Pd-MLP-LM,Standard Error_Acu-Pd-MLP-LM,coef(b)_Acu-Pd-MLP-LM,coef(a)_6am-MLP-LM,rsquared_6am-MLP-LM,Standard Error_6am-MLP-LM,coef(b)_6am-MLP-LM,coef(a)_Acu-6am-MLP-LM,rsquared_Acu-6am-MLP-LM,Standard Error_Acu-6am-MLP-LM,coef(b)_Acu-6am-MLP-LM
0,9.0,0.4556881148384794,0.3216547797049488,0.05991259571038849,0.024150076231910324,1.384735985148934,0.9930456301244931,0.010491349458664872,-0.07671955708791585,0.8008328181136278,0.4950842511909044,0.07322035827841318,0.013905717384137851,1.31656905627753,0.9885393204669896,0.01283429266020115,-0.20401103284621835,-0.00027532174034088953,7.481690530808383e-05,0.0028816715161178843,0.005714029175487921,0.2796176747855901,0.8779486767309488,0.009438900032137758,-0.12010571956034428,0.26991108291572685,0.16194779964230865,0.05558899563015835,0.027394914718860616,1.5211412980685441,0.9731680863912895,0.022867649927302214,-0.4379281628423559,0.27262967716569475,0.16645841990151644,0.055233682759979794,0.02578210091415936,0.9903768260539458,0.9899065712186466,0.006455310049630407,0.525560432228345,0.36465984255073636,0.17536877482254465,0.07159154984786166,0.02586202678558951,1.3877938811843835,0.9911633919531236,0.011863565240743645,-0.13142135579568526
