,Pruebas,coef(a)_6am-MLP,rsquared_6am-MLP,Standard Error_6am-MLP,coef(b)_6am-MLP,coef(a)_Acu-6am-MLP,rsquared_Acu-6am-MLP,Standard Error_Acu-6am-MLP,coef(b)_Acu-6am-MLP,coef(a)_6am-Beysens,rsquared_6am-Beysens,Standard Error_6am-Beysens,coef(b)_6am-Beysens,coef(a)_Acu-6am-Beysens,rsquared_Acu-6am-Beysens,Standard Error_Acu-6am-Beysens,coef(b)_Acu-6am-Beysens,coef(a)_Beysens-PM,rsquared_Beysens-PM,Standard Error_Beysens-PM,coef(b)_Beysens-PM,coef(a)_Acu-Beysens-PM,rsquared_Acu-Beysens-PM,Standard Error_Acu-Beysens-PM,coef(b)_Acu-Beysens-PM,coef(a)_MLP-PM,rsquared_MLP-PM,Standard Error_MLP-PM,coef(b)_MLP-PM,coef(a)_Acu-MLP-PM,rsquared_Acu-MLP-PM,Standard Error_Acu-MLP-PM,coef(b)_Acu-MLP-PM,coef(a)_Pd-MLP-LM,rsquared_Pd-MLP-LM,Standard Error_Pd-MLP-LM,coef(b)_Pd-MLP-LM,coef(a)_Acu-Pd-MLP-LM,rsquared_Acu-Pd-MLP-LM,Standard Error_Acu-Pd-MLP-LM,coef(b)_Acu-Pd-MLP-LM,coef(a)_6am-MLP-LM,rsquared_6am-MLP-LM,Standard Error_6am-MLP-LM,coef(b)_6am-MLP-LM,coef(a)_Acu-6am-MLP-LM,rsquared_Acu-6am-MLP-LM,Standard Error_Acu-6am-MLP-LM,coef(b)_Acu-6am-MLP-LM
0,4.0,0.4599956239999149,0.3252220808915629,0.0599879766923139,0.021674227676897924,1.1926401061533451,0.9772690881755767,0.016467620218138784,0.19014323176989162,0.43925163523125366,0.24623718324220045,0.06957833136766407,0.015693886372973403,0.8926497887700047,0.9834135619644608,0.01049565773614763,0.41802005742201404,0.0005015480083237105,0.00032912736384782537,0.002502528996464499,0.0043861857410478905,0.14333740073658674,0.8505218677900608,0.005440335694600387,0.07458580024486129,0.3349068821905499,0.17336167199525276,0.06621027571370786,0.028748013034948484,1.3726885231685497,0.98179696089624,0.01692205875699145,0.023710492250273205,0.37522235902359946,0.11643760617024213,0.09357953373432465,0.028313867994552842,1.0232705767837633,0.9971038168228847,0.003559817134809875,0.023496244824653012,0.5142457620918317,0.2327655924466281,0.08452699927101358,0.02437641538453629,1.3779033152913969,0.9662419421468897,0.02331764116056216,0.14270135270886508
