,Pruebas,coef(a)_6am-MLP,rsquared_6am-MLP,Standard Error_6am-MLP,coef(b)_6am-MLP,coef(a)_Acu-6am-MLP,rsquared_Acu-6am-MLP,Standard Error_Acu-6am-MLP,coef(b)_Acu-6am-MLP,coef(a)_6am-Beysens,rsquared_6am-Beysens,Standard Error_6am-Beysens,coef(b)_6am-Beysens,coef(a)_Acu-6am-Beysens,rsquared_Acu-6am-Beysens,Standard Error_Acu-6am-Beysens,coef(b)_Acu-6am-Beysens,coef(a)_Beysens-PM,rsquared_Beysens-PM,Standard Error_Beysens-PM,coef(b)_Beysens-PM,coef(a)_Acu-Beysens-PM,rsquared_Acu-Beysens-PM,Standard Error_Acu-Beysens-PM,coef(b)_Acu-Beysens-PM,coef(a)_MLP-PM,rsquared_MLP-PM,Standard Error_MLP-PM,coef(b)_MLP-PM,coef(a)_Acu-MLP-PM,rsquared_Acu-MLP-PM,Standard Error_Acu-MLP-PM,coef(b)_Acu-MLP-PM,coef(a)_Pd-MLP-LM,rsquared_Pd-MLP-LM,Standard Error_Pd-MLP-LM,coef(b)_Pd-MLP-LM,coef(a)_Acu-Pd-MLP-LM,rsquared_Acu-Pd-MLP-LM,Standard Error_Acu-Pd-MLP-LM,coef(b)_Acu-Pd-MLP-LM,coef(a)_6am-MLP-LM,rsquared_6am-MLP-LM,Standard Error_6am-MLP-LM,coef(b)_6am-MLP-LM,coef(a)_Acu-6am-MLP-LM,rsquared_Acu-6am-MLP-LM,Standard Error_Acu-6am-MLP-LM,coef(b)_Acu-6am-MLP-LM
0,1.0,0.4030655795670185,0.24987367940359761,0.063227018331115,0.018752863103976766,1.0100382038024975,0.9819345155481112,0.01240341938987875,0.1842315032964783,0.6164911613725277,0.2759972458507812,0.09039921811079427,0.01219944666308856,1.0520673592614194,0.9759275375956616,0.014959431987624856,-0.023286342977880035,-0.0008383391281730941,0.0023844286803067494,0.0015524916121942623,0.0038665706468086663,0.07656009296782416,0.714903848141687,0.004377179908350963,0.03323795630238261,0.3316887164968936,0.2267995746957202,0.05544670086473109,0.021252064737496197,1.0142340562617642,0.9899407381523179,0.009256285251247538,0.09639107258051216,0.3302949147438786,0.28627848464944805,0.04721630630315073,0.020266306026690127,0.9634996066823694,0.9947220548048272,0.004530305457198196,0.38237478567946903,0.4434014213209326,0.3094666842542044,0.05996564563680712,0.01652919949651377,0.9815460859566076,0.9843654478419518,0.01119941456345743,0.14453372944538811
