,Pruebas,coef(a)_6am-MLP,rsquared_6am-MLP,Standard Error_6am-MLP,coef(b)_6am-MLP,coef(a)_Acu-6am-MLP,rsquared_Acu-6am-MLP,Standard Error_Acu-6am-MLP,coef(b)_Acu-6am-MLP,coef(a)_6am-Beysens,rsquared_6am-Beysens,Standard Error_6am-Beysens,coef(b)_6am-Beysens,coef(a)_Acu-6am-Beysens,rsquared_Acu-6am-Beysens,Standard Error_Acu-6am-Beysens,coef(b)_Acu-6am-Beysens,coef(a)_Beysens-PM,rsquared_Beysens-PM,Standard Error_Beysens-PM,coef(b)_Beysens-PM,coef(a)_Acu-Beysens-PM,rsquared_Acu-Beysens-PM,Standard Error_Acu-Beysens-PM,coef(b)_Acu-Beysens-PM,coef(a)_MLP-PM,rsquared_MLP-PM,Standard Error_MLP-PM,coef(b)_MLP-PM,coef(a)_Acu-MLP-PM,rsquared_Acu-MLP-PM,Standard Error_Acu-MLP-PM,coef(b)_Acu-MLP-PM,coef(a)_Pd-MLP-LM,rsquared_Pd-MLP-LM,Standard Error_Pd-MLP-LM,coef(b)_Pd-MLP-LM,coef(a)_Acu-Pd-MLP-LM,rsquared_Acu-Pd-MLP-LM,Standard Error_Acu-Pd-MLP-LM,coef(b)_Acu-Pd-MLP-LM,coef(a)_6am-MLP-LM,rsquared_6am-MLP-LM,Standard Error_6am-MLP-LM,coef(b)_6am-MLP-LM,coef(a)_Acu-6am-MLP-LM,rsquared_Acu-6am-MLP-LM,Standard Error_Acu-6am-MLP-LM,coef(b)_Acu-6am-MLP-LM
0,1.0,0.6517382751820949,0.4843895650847755,0.0608774925274121,0.020884629675624385,1.3066602899363642,0.9903781154270151,0.011660369925860385,0.0006056093630240275,0.8519595936008707,0.4388958200128038,0.08721277633034823,0.015152956382886463,1.3396611566798309,0.9772588142975981,0.018501920226509712,0.2236647932310239,-0.0002922902205361581,0.0002853742922664937,0.0015662640103168888,0.00411229924795238,0.10751232631065467,0.850983177446828,0.004073197848440628,0.021991649580218844,0.3375354787127794,0.33672762018282654,0.04288901731711916,0.02174127324191353,0.9838897718276715,0.9925829517213597,0.007700141035339433,0.10394786226558228,0.38070730474957126,0.3971278400168273,0.04246770132414047,0.019020486927792825,1.017386664342626,0.9968848160582952,0.00367113011377843,-0.014481183501412642,0.5003747676198328,0.3162489087627688,0.06661161324381876,0.02092107542625223,1.1817036014886932,0.9869398246113892,0.01230715901084601,-0.08700677345321253
