,Pruebas,coef(a)_6am-MLP,rsquared_6am-MLP,Standard Error_6am-MLP,coef(b)_6am-MLP,coef(a)_Acu-6am-MLP,rsquared_Acu-6am-MLP,Standard Error_Acu-6am-MLP,coef(b)_Acu-6am-MLP,coef(a)_6am-Beysens,rsquared_6am-Beysens,Standard Error_6am-Beysens,coef(b)_6am-Beysens,coef(a)_Acu-6am-Beysens,rsquared_Acu-6am-Beysens,Standard Error_Acu-6am-Beysens,coef(b)_Acu-6am-Beysens,coef(a)_Beysens-PM,rsquared_Beysens-PM,Standard Error_Beysens-PM,coef(b)_Beysens-PM,coef(a)_Acu-Beysens-PM,rsquared_Acu-Beysens-PM,Standard Error_Acu-Beysens-PM,coef(b)_Acu-Beysens-PM,coef(a)_MLP-PM,rsquared_MLP-PM,Standard Error_MLP-PM,coef(b)_MLP-PM,coef(a)_Acu-MLP-PM,rsquared_Acu-MLP-PM,Standard Error_Acu-MLP-PM,coef(b)_Acu-MLP-PM,coef(a)_Pd-MLP-LM,rsquared_Pd-MLP-LM,Standard Error_Pd-MLP-LM,coef(b)_Pd-MLP-LM,coef(a)_Acu-Pd-MLP-LM,rsquared_Acu-Pd-MLP-LM,Standard Error_Acu-Pd-MLP-LM,coef(b)_Acu-Pd-MLP-LM,coef(a)_6am-MLP-LM,rsquared_6am-MLP-LM,Standard Error_6am-MLP-LM,coef(b)_6am-MLP-LM,coef(a)_Acu-6am-MLP-LM,rsquared_Acu-6am-MLP-LM,Standard Error_Acu-6am-MLP-LM,coef(b)_Acu-6am-MLP-LM
0,1.0,0.353860932165946,0.24214544533143756,0.05667707679463539,0.02176467307945503,1.0973256404158458,0.9897884487485161,0.010090908829654093,0.04852276542217518,0.6605155015525832,0.37488637939300695,0.07722052487465418,0.01999457152558015,1.3986320167143753,0.9938935445461866,0.009925404431772894,-0.11122295095157006,0.0034788887293006623,0.024718884534266072,0.0019783863001381686,-0.0020425870975752953,0.10549972418209905,0.7133562036955594,0.006054655829294603,-0.08145863498221453,0.25469720320833084,0.2082583193897939,0.04496088618903415,0.021014586439699,0.8809056538740658,0.9841870294268037,0.010109214114271873,0.15894777706322005,0.24967815578424346,0.2076550032316582,0.044155685530558035,0.01789856733056765,0.9865073804827381,0.9916474324185691,0.005844213466849585,0.16482168533655622,0.37736196577149017,0.2989930910076998,0.05231289783107914,0.017395880677491076,0.9271708376847492,0.9904008547688372,0.008264006069912046,0.07688753626323269
