,Pruebas,coef(a)_6am-MLP,rsquared_6am-MLP,Standard Error_6am-MLP,coef(b)_6am-MLP,coef(a)_Acu-6am-MLP,rsquared_Acu-6am-MLP,Standard Error_Acu-6am-MLP,coef(b)_Acu-6am-MLP,coef(a)_6am-Beysens,rsquared_6am-Beysens,Standard Error_6am-Beysens,coef(b)_6am-Beysens,coef(a)_Acu-6am-Beysens,rsquared_Acu-6am-Beysens,Standard Error_Acu-6am-Beysens,coef(b)_Acu-6am-Beysens,coef(a)_Beysens-PM,rsquared_Beysens-PM,Standard Error_Beysens-PM,coef(b)_Beysens-PM,coef(a)_Acu-Beysens-PM,rsquared_Acu-Beysens-PM,Standard Error_Acu-Beysens-PM,coef(b)_Acu-Beysens-PM,coef(a)_MLP-PM,rsquared_MLP-PM,Standard Error_MLP-PM,coef(b)_MLP-PM,coef(a)_Acu-MLP-PM,rsquared_Acu-MLP-PM,Standard Error_Acu-MLP-PM,coef(b)_Acu-MLP-PM,coef(a)_Pd-MLP-LM,rsquared_Pd-MLP-LM,Standard Error_Pd-MLP-LM,coef(b)_Pd-MLP-LM,coef(a)_Acu-Pd-MLP-LM,rsquared_Acu-Pd-MLP-LM,Standard Error_Acu-Pd-MLP-LM,coef(b)_Acu-Pd-MLP-LM,coef(a)_6am-MLP-LM,rsquared_6am-MLP-LM,Standard Error_6am-MLP-LM,coef(b)_6am-MLP-LM,coef(a)_Acu-6am-MLP-LM,rsquared_Acu-6am-MLP-LM,Standard Error_Acu-6am-MLP-LM,coef(b)_Acu-6am-MLP-LM
0,6.0,0.39794303950751875,0.2325421916565451,0.06545116325738023,0.02156976916777117,1.0502293509369613,0.9344922589549249,0.025174606726608983,0.5061342477251332,0.7354007163514692,0.3760483766473586,0.08576255949506591,0.01856639955371426,1.37980987206103,0.97486523138582,0.020058778723561797,0.30370750914686406,0.0035913793138130784,0.022279549559738432,0.002153949455628939,0.00017107171933029462,0.12494123569490234,0.7930895465924962,0.005777713264328805,0.03321525047853968,0.37298632613409544,0.3171458684147078,0.04955043438280102,0.026167846633792388,1.2792830808415832,0.9582134066001844,0.024186559980750436,0.5695359398953903,0.390889333390683,0.3049723305508998,0.05342502491907998,0.024951528800921784,1.0349653322600405,0.9928037914038931,0.005687747930802921,-0.14944898661642037,0.45310290188664276,0.4178463908673675,0.04842028811362669,0.020800975879160726,1.1218626609946836,0.9556439833363832,0.021882048782403494,0.4373199727745549
