,Pruebas,coef(a)_6am-MLP,rsquared_6am-MLP,Standard Error_6am-MLP,coef(b)_6am-MLP,coef(a)_Acu-6am-MLP,rsquared_Acu-6am-MLP,Standard Error_Acu-6am-MLP,coef(b)_Acu-6am-MLP,coef(a)_6am-Beysens,rsquared_6am-Beysens,Standard Error_6am-Beysens,coef(b)_6am-Beysens,coef(a)_Acu-6am-Beysens,rsquared_Acu-6am-Beysens,Standard Error_Acu-6am-Beysens,coef(b)_Acu-6am-Beysens,coef(a)_Beysens-PM,rsquared_Beysens-PM,Standard Error_Beysens-PM,coef(b)_Beysens-PM,coef(a)_Acu-Beysens-PM,rsquared_Acu-Beysens-PM,Standard Error_Acu-Beysens-PM,coef(b)_Acu-Beysens-PM,coef(a)_MLP-PM,rsquared_MLP-PM,Standard Error_MLP-PM,coef(b)_MLP-PM,coef(a)_Acu-MLP-PM,rsquared_Acu-MLP-PM,Standard Error_Acu-MLP-PM,coef(b)_Acu-MLP-PM,coef(a)_Pd-MLP-LM,rsquared_Pd-MLP-LM,Standard Error_Pd-MLP-LM,coef(b)_Pd-MLP-LM,coef(a)_Acu-Pd-MLP-LM,rsquared_Acu-Pd-MLP-LM,Standard Error_Acu-Pd-MLP-LM,coef(b)_Acu-Pd-MLP-LM,coef(a)_6am-MLP-LM,rsquared_6am-MLP-LM,Standard Error_6am-MLP-LM,coef(b)_6am-MLP-LM,coef(a)_Acu-6am-MLP-LM,rsquared_Acu-6am-MLP-LM,Standard Error_Acu-6am-MLP-LM,coef(b)_Acu-6am-MLP-LM
0,2.0,0.36759777153857853,0.5113886824763468,0.03253113223332392,0.016954192946870027,0.8094689221893592,0.9113202051572921,0.022861098927337644,0.65165296805736,0.6838734008685707,0.4741948325024682,0.06519733041894847,0.012198863125128698,1.0741222435462467,0.9755676646628392,0.0153896090245494,0.3634783738929242,-0.0005220626006831535,0.0007991986157470654,0.0016712510476350425,0.004172019760270852,0.10136300024048626,0.6710056729575983,0.006425850985644869,0.10064856122981988,0.3053185655257653,0.44889321753319744,0.030628070289233703,0.017710708465093296,0.8473476357917265,0.9369498286372527,0.019900623096100963,0.4452387797051742,0.3273023644611331,0.45813671448876736,0.032226751003654436,0.01582765819977057,1.0548251845450956,0.9943386200157389,0.0051377015126917855,0.14810530967614274,0.34323404727393664,0.5304827233773406,0.029234831565934653,0.015696588070019418,0.754953528478872,0.9157567654212787,0.02073088051922466,0.5660548341297056
