,Pruebas,coef(a)_6am-MLP,rsquared_6am-MLP,Standard Error_6am-MLP,coef(b)_6am-MLP,coef(a)_Acu-6am-MLP,rsquared_Acu-6am-MLP,Standard Error_Acu-6am-MLP,coef(b)_Acu-6am-MLP,coef(a)_6am-Beysens,rsquared_6am-Beysens,Standard Error_6am-Beysens,coef(b)_6am-Beysens,coef(a)_Acu-6am-Beysens,rsquared_Acu-6am-Beysens,Standard Error_Acu-6am-Beysens,coef(b)_Acu-6am-Beysens,coef(a)_Beysens-PM,rsquared_Beysens-PM,Standard Error_Beysens-PM,coef(b)_Beysens-PM,coef(a)_Acu-Beysens-PM,rsquared_Acu-Beysens-PM,Standard Error_Acu-Beysens-PM,coef(b)_Acu-Beysens-PM,coef(a)_MLP-PM,rsquared_MLP-PM,Standard Error_MLP-PM,coef(b)_MLP-PM,coef(a)_Acu-MLP-PM,rsquared_Acu-MLP-PM,Standard Error_Acu-MLP-PM,coef(b)_Acu-MLP-PM,coef(a)_Pd-MLP-LM,rsquared_Pd-MLP-LM,Standard Error_Pd-MLP-LM,coef(b)_Pd-MLP-LM,coef(a)_Acu-Pd-MLP-LM,rsquared_Acu-Pd-MLP-LM,Standard Error_Acu-Pd-MLP-LM,coef(b)_Acu-Pd-MLP-LM,coef(a)_6am-MLP-LM,rsquared_6am-MLP-LM,Standard Error_6am-MLP-LM,coef(b)_6am-MLP-LM,coef(a)_Acu-6am-MLP-LM,rsquared_Acu-6am-MLP-LM,Standard Error_Acu-6am-MLP-LM,coef(b)_Acu-6am-MLP-LM
0,1.0,0.4432812248563913,0.7094187739462607,0.025685135492488822,0.013410438331940347,0.9431735635366079,0.9937667589692936,0.006762798220113023,-0.07457834554857073,0.6364201438537339,0.4823339992953122,0.05969182886418875,0.005341655750246726,0.8879851180842045,0.9671532564948254,0.014815771877149863,-0.4511295497531208,0.0004894083914755267,0.021441587903073933,0.00029933424258003283,-0.0005809722191849857,0.0029563567058361606,0.13592509423517085,0.0006748430712636179,-0.0035217116339393076,0.34999312892128986,0.18059879566835846,0.0674948298217268,0.0211961281965767,1.0260181326970286,0.9718081543875374,0.01582146177255068,0.18065368376028604,0.3515833619192245,0.1574913962261365,0.07362192348893613,0.01647930267983075,1.016888004717445,0.9934132976306941,0.00534486252973774,-0.14633500902708607,0.38003661309523196,0.5712390889897778,0.02980877749086863,0.012863396944668114,0.8647427551709324,0.9940554657153992,0.006054253838700897,0.018505850002333325
