,Pruebas,coef(a)_6am-MLP,rsquared_6am-MLP,Standard Error_6am-MLP,coef(b)_6am-MLP,coef(a)_Acu-6am-MLP,rsquared_Acu-6am-MLP,Standard Error_Acu-6am-MLP,coef(b)_Acu-6am-MLP,coef(a)_6am-Beysens,rsquared_6am-Beysens,Standard Error_6am-Beysens,coef(b)_6am-Beysens,coef(a)_Acu-6am-Beysens,rsquared_Acu-6am-Beysens,Standard Error_Acu-6am-Beysens,coef(b)_Acu-6am-Beysens,coef(a)_Beysens-PM,rsquared_Beysens-PM,Standard Error_Beysens-PM,coef(b)_Beysens-PM,coef(a)_Acu-Beysens-PM,rsquared_Acu-Beysens-PM,Standard Error_Acu-Beysens-PM,coef(b)_Acu-Beysens-PM,coef(a)_MLP-PM,rsquared_MLP-PM,Standard Error_MLP-PM,coef(b)_MLP-PM,coef(a)_Acu-MLP-PM,rsquared_Acu-MLP-PM,Standard Error_Acu-MLP-PM,coef(b)_Acu-MLP-PM,coef(a)_Pd-MLP-LM,rsquared_Pd-MLP-LM,Standard Error_Pd-MLP-LM,coef(b)_Pd-MLP-LM,coef(a)_Acu-Pd-MLP-LM,rsquared_Acu-Pd-MLP-LM,Standard Error_Acu-Pd-MLP-LM,coef(b)_Acu-Pd-MLP-LM,coef(a)_6am-MLP-LM,rsquared_6am-MLP-LM,Standard Error_6am-MLP-LM,coef(b)_6am-MLP-LM,coef(a)_Acu-6am-MLP-LM,rsquared_Acu-6am-MLP-LM,Standard Error_Acu-6am-MLP-LM,coef(b)_Acu-6am-MLP-LM
0,5.0,0.6157223647976939,0.5691885768147209,0.04849762996007146,0.016020109541595315,1.2128037040123627,0.9892217056433833,0.011461429831647094,0.006265273849598872,0.8270740478491485,0.456545478603131,0.08169661424009127,0.007654863865682977,1.0591573776906293,0.9926761936797713,0.008236547405377834,0.09201629899792561,-0.0006490396861434438,0.004423677623150102,0.0008815295646821197,0.002242760334152517,0.04275419152662441,0.8685653533520911,0.0015057485833752482,-0.002041342815859098,0.4155892196222086,0.40646253571496604,0.04546719367825087,0.017909414866052145,1.1089532681196843,0.9465609918365038,0.023855483518744558,-0.2727567159498052,0.4325465897444313,0.37374527130446855,0.050692143940146046,0.015509615735854649,1.0422385607530629,0.9815011175043338,0.009236105053987545,-0.5837131014987342,0.522724325183622,0.5695412018197521,0.041143007112094794,0.014840169239270916,1.0814010608620155,0.9877401315381845,0.010907580626566795,-0.011615852753215264
