,Pruebas,coef(a)_6am-MLP,rsquared_6am-MLP,Standard Error_6am-MLP,coef(b)_6am-MLP,coef(a)_Acu-6am-MLP,rsquared_Acu-6am-MLP,Standard Error_Acu-6am-MLP,coef(b)_Acu-6am-MLP,coef(a)_6am-Beysens,rsquared_6am-Beysens,Standard Error_6am-Beysens,coef(b)_6am-Beysens,coef(a)_Acu-6am-Beysens,rsquared_Acu-6am-Beysens,Standard Error_Acu-6am-Beysens,coef(b)_Acu-6am-Beysens,coef(a)_Beysens-PM,rsquared_Beysens-PM,Standard Error_Beysens-PM,coef(b)_Beysens-PM,coef(a)_Acu-Beysens-PM,rsquared_Acu-Beysens-PM,Standard Error_Acu-Beysens-PM,coef(b)_Acu-Beysens-PM,coef(a)_MLP-PM,rsquared_MLP-PM,Standard Error_MLP-PM,coef(b)_MLP-PM,coef(a)_Acu-MLP-PM,rsquared_Acu-MLP-PM,Standard Error_Acu-MLP-PM,coef(b)_Acu-MLP-PM,coef(a)_Pd-MLP-LM,rsquared_Pd-MLP-LM,Standard Error_Pd-MLP-LM,coef(b)_Pd-MLP-LM,coef(a)_Acu-Pd-MLP-LM,rsquared_Acu-Pd-MLP-LM,Standard Error_Acu-Pd-MLP-LM,coef(b)_Acu-Pd-MLP-LM,coef(a)_6am-MLP-LM,rsquared_6am-MLP-LM,Standard Error_6am-MLP-LM,coef(b)_6am-MLP-LM,coef(a)_Acu-6am-MLP-LM,rsquared_Acu-6am-MLP-LM,Standard Error_Acu-6am-MLP-LM,coef(b)_Acu-6am-MLP-LM
0,9.0,0.36941394080210516,0.3400008368049354,0.04659776585917754,0.016802646106223618,0.8669857927763522,0.9765461666004925,0.012164453238151886,0.4383150184127255,0.7868077456556113,0.4958248981392648,0.07183155084954851,0.010591590334593079,1.0851722224649583,0.9850387766284971,0.01210809007361901,0.3381126617301498,-0.00018644135412749884,0.0004265645552620212,0.0008171039376117067,0.001896177693344014,0.054162975423270865,0.9052622045483302,0.0015863427998606741,0.02817528264496722,0.22963483837785686,0.10968038068371422,0.05923336992677515,0.025353803282575797,0.9374520362581801,0.973649875448554,0.013962367645439728,0.7811386011215816,0.26653797348140085,0.16852887063689714,0.053600104090591946,0.02146872360329357,1.0388031338388306,0.9974276832381054,0.0034052511227382156,-0.07674875659874417,0.32474996952900537,0.3390043482787485,0.04105498048879475,0.01445518648926352,0.7585117294127501,0.9729039546562397,0.011460415289755424,0.4022385892606658
