,Pruebas,coef(a)_6am-MLP,rsquared_6am-MLP,Standard Error_6am-MLP,coef(b)_6am-MLP,coef(a)_Acu-6am-MLP,rsquared_Acu-6am-MLP,Standard Error_Acu-6am-MLP,coef(b)_Acu-6am-MLP,coef(a)_6am-Beysens,rsquared_6am-Beysens,Standard Error_6am-Beysens,coef(b)_6am-Beysens,coef(a)_Acu-6am-Beysens,rsquared_Acu-6am-Beysens,Standard Error_Acu-6am-Beysens,coef(b)_Acu-6am-Beysens,coef(a)_Beysens-PM,rsquared_Beysens-PM,Standard Error_Beysens-PM,coef(b)_Beysens-PM,coef(a)_Acu-Beysens-PM,rsquared_Acu-Beysens-PM,Standard Error_Acu-Beysens-PM,coef(b)_Acu-Beysens-PM,coef(a)_MLP-PM,rsquared_MLP-PM,Standard Error_MLP-PM,coef(b)_MLP-PM,coef(a)_Acu-MLP-PM,rsquared_Acu-MLP-PM,Standard Error_Acu-MLP-PM,coef(b)_Acu-MLP-PM,coef(a)_Pd-MLP-LM,rsquared_Pd-MLP-LM,Standard Error_Pd-MLP-LM,coef(b)_Pd-MLP-LM,coef(a)_Acu-Pd-MLP-LM,rsquared_Acu-Pd-MLP-LM,Standard Error_Acu-Pd-MLP-LM,coef(b)_Acu-Pd-MLP-LM,coef(a)_6am-MLP-LM,rsquared_6am-MLP-LM,Standard Error_6am-MLP-LM,coef(b)_6am-MLP-LM,coef(a)_Acu-6am-MLP-LM,rsquared_Acu-6am-MLP-LM,Standard Error_Acu-6am-MLP-LM,coef(b)_Acu-6am-MLP-LM
0,6.0,0.456390371863853,0.4894435252155144,0.042201426990977925,0.018076703871023253,1.2375230343818924,0.9250307078674511,0.03189605755019775,0.04878148010811453,0.6060706804707476,0.3280897962732807,0.07852403642483265,0.014664888157906814,1.2822169195583224,0.9449924079407936,0.028007783806433838,0.026399538312454812,-0.0005201912291388311,0.0006059070915896969,0.0019127071499119986,0.0044669125237444054,0.1397064564561421,0.7999282414168696,0.006325632276340343,0.08422806187217172,0.284967679875474,0.28741792054891036,0.04062339186192312,0.025431225609132385,1.3010089877975664,0.8979088832937039,0.03971716355032131,0.3279390488150694,0.29914887244358956,0.28851510839264216,0.04253103746753678,0.022994789004809307,1.1100592985758304,0.995048422546732,0.00505464010720352,-0.01837147633267157,0.39730685924222586,0.4624905816519481,0.0387782062315802,0.017413915637094258,1.1340193502105307,0.9254895236968745,0.029131541488938473,0.11809057822673125
