,Pruebas,coef(a)_6am-MLP,rsquared_6am-MLP,Standard Error_6am-MLP,coef(b)_6am-MLP,coef(a)_Acu-6am-MLP,rsquared_Acu-6am-MLP,Standard Error_Acu-6am-MLP,coef(b)_Acu-6am-MLP,coef(a)_6am-Beysens,rsquared_6am-Beysens,Standard Error_6am-Beysens,coef(b)_6am-Beysens,coef(a)_Acu-6am-Beysens,rsquared_Acu-6am-Beysens,Standard Error_Acu-6am-Beysens,coef(b)_Acu-6am-Beysens,coef(a)_Beysens-PM,rsquared_Beysens-PM,Standard Error_Beysens-PM,coef(b)_Beysens-PM,coef(a)_Acu-Beysens-PM,rsquared_Acu-Beysens-PM,Standard Error_Acu-Beysens-PM,coef(b)_Acu-Beysens-PM,coef(a)_MLP-PM,rsquared_MLP-PM,Standard Error_MLP-PM,coef(b)_MLP-PM,coef(a)_Acu-MLP-PM,rsquared_Acu-MLP-PM,Standard Error_Acu-MLP-PM,coef(b)_Acu-MLP-PM,coef(a)_Pd-MLP-LM,rsquared_Pd-MLP-LM,Standard Error_Pd-MLP-LM,coef(b)_Pd-MLP-LM,coef(a)_Acu-Pd-MLP-LM,rsquared_Acu-Pd-MLP-LM,Standard Error_Acu-Pd-MLP-LM,coef(b)_Acu-Pd-MLP-LM,coef(a)_6am-MLP-LM,rsquared_6am-MLP-LM,Standard Error_6am-MLP-LM,coef(b)_6am-MLP-LM,coef(a)_Acu-6am-MLP-LM,rsquared_Acu-6am-MLP-LM,Standard Error_Acu-6am-MLP-LM,coef(b)_Acu-6am-MLP-LM
0,7.0,0.4985458546083713,0.3213389878354521,0.06559487664857445,0.020533888284280717,1.102542588514258,0.9796292543407621,0.014394217077834595,-0.0351149779132269,0.6977640732778709,0.2824231899009516,0.10069611376575922,0.017087805158199944,1.1176880920192243,0.9650918738504309,0.01924507675549889,0.02876398623081198,0.0004035107878380653,0.0013452129172594196,0.0009953765713330827,0.0008583609690467362,0.029657695691524245,0.5881873422108193,0.002246722827360564,0.02254236112914336,0.30099717227993317,0.3118035074526022,0.04048538392638575,0.02164598070646428,0.9859182923070839,0.9783198414465514,0.013287760908828218,0.06407823107296987,0.2952744095917056,0.28251663934366755,0.04260198476362036,0.01897521155434176,1.0252546718044258,0.9928259430839719,0.005625640653076002,0.312471046311489,0.44702338747327325,0.24458282731759196,0.07112639432733614,0.02409314600017903,1.246839762550044,0.9826424494994898,0.015002968045813638,-0.22558664355655766
