,Pruebas,coef(a)_6am-MLP,rsquared_6am-MLP,Standard Error_6am-MLP,coef(b)_6am-MLP,coef(a)_Acu-6am-MLP,rsquared_Acu-6am-MLP,Standard Error_Acu-6am-MLP,coef(b)_Acu-6am-MLP,coef(a)_6am-Beysens,rsquared_6am-Beysens,Standard Error_6am-Beysens,coef(b)_6am-Beysens,coef(a)_Acu-6am-Beysens,rsquared_Acu-6am-Beysens,Standard Error_Acu-6am-Beysens,coef(b)_Acu-6am-Beysens,coef(a)_Beysens-PM,rsquared_Beysens-PM,Standard Error_Beysens-PM,coef(b)_Beysens-PM,coef(a)_Acu-Beysens-PM,rsquared_Acu-Beysens-PM,Standard Error_Acu-Beysens-PM,coef(b)_Acu-Beysens-PM,coef(a)_MLP-PM,rsquared_MLP-PM,Standard Error_MLP-PM,coef(b)_MLP-PM,coef(a)_Acu-MLP-PM,rsquared_Acu-MLP-PM,Standard Error_Acu-MLP-PM,coef(b)_Acu-MLP-PM,coef(a)_Pd-MLP-LM,rsquared_Pd-MLP-LM,Standard Error_Pd-MLP-LM,coef(b)_Pd-MLP-LM,coef(a)_Acu-Pd-MLP-LM,rsquared_Acu-Pd-MLP-LM,Standard Error_Acu-Pd-MLP-LM,coef(b)_Acu-Pd-MLP-LM,coef(a)_6am-MLP-LM,rsquared_6am-MLP-LM,Standard Error_6am-MLP-LM,coef(b)_6am-MLP-LM,coef(a)_Acu-6am-MLP-LM,rsquared_Acu-6am-MLP-LM,Standard Error_Acu-6am-MLP-LM,coef(b)_Acu-6am-MLP-LM
0,10.0,0.44493332228212307,0.32877240491096194,0.057557541197435856,0.015264549606979788,0.969238047569074,0.9912224650673576,0.00825755080319862,-0.023007923366737057,0.6747048994136493,0.43885763656180254,0.06907305219904243,0.008352110956905313,0.9707770876621326,0.9904801356375262,0.008616523910566483,0.09190293318353561,-0.00036859675780506176,0.0012497850515420517,0.0009433706826755149,0.0027826625062779436,0.08210424720023082,0.8718535889226373,0.0028498181766536705,0.01851430545307014,0.31947659421915603,0.43452404299514324,0.03299584934691898,0.023290620768394544,1.1036921437629816,0.9939191264997397,0.00781583698145861,0.08312306312755505,0.34358272766781456,0.43039467015111665,0.03578532556277312,0.020323595815628107,0.9782687053431409,0.9954490754649107,0.0042696554928045236,0.07859353847668787,0.39920831032838733,0.3265776112286144,0.05190034628005956,0.014370105107146664,0.8811361735859135,0.9932447881217922,0.006578917743488375,-0.047642317506787844
