,Pruebas,coef(a)_6am-MLP,rsquared_6am-MLP,Standard Error_6am-MLP,coef(b)_6am-MLP,coef(a)_Acu-6am-MLP,rsquared_Acu-6am-MLP,Standard Error_Acu-6am-MLP,coef(b)_Acu-6am-MLP,coef(a)_6am-Beysens,rsquared_6am-Beysens,Standard Error_6am-Beysens,coef(b)_6am-Beysens,coef(a)_Acu-6am-Beysens,rsquared_Acu-6am-Beysens,Standard Error_Acu-6am-Beysens,coef(b)_Acu-6am-Beysens,coef(a)_Beysens-PM,rsquared_Beysens-PM,Standard Error_Beysens-PM,coef(b)_Beysens-PM,coef(a)_Acu-Beysens-PM,rsquared_Acu-Beysens-PM,Standard Error_Acu-Beysens-PM,coef(b)_Acu-Beysens-PM,coef(a)_MLP-PM,rsquared_MLP-PM,Standard Error_MLP-PM,coef(b)_MLP-PM,coef(a)_Acu-MLP-PM,rsquared_Acu-MLP-PM,Standard Error_Acu-MLP-PM,coef(b)_Acu-MLP-PM,coef(a)_Pd-MLP-LM,rsquared_Pd-MLP-LM,Standard Error_Pd-MLP-LM,coef(b)_Pd-MLP-LM,coef(a)_Acu-Pd-MLP-LM,rsquared_Acu-Pd-MLP-LM,Standard Error_Acu-Pd-MLP-LM,coef(b)_Acu-Pd-MLP-LM,coef(a)_6am-MLP-LM,rsquared_6am-MLP-LM,Standard Error_6am-MLP-LM,coef(b)_6am-MLP-LM,coef(a)_Acu-6am-MLP-LM,rsquared_Acu-6am-MLP-LM,Standard Error_Acu-6am-MLP-LM,coef(b)_Acu-6am-MLP-LM
0,4.0,0.45778705888728144,0.26072939086609004,0.069789543515508,0.02341096667712108,1.2192162384805678,0.9817826855553136,0.015036103813953644,0.41154652321996715,0.4239527184394334,0.1305494462985648,0.09905409538649806,0.014685787514117914,0.8293117839785925,0.8903179828196249,0.02635318209572718,0.24493754331778933,0.0011621448736329866,0.0047831158261218976,0.001517692452239336,6.91198486414532e-05,0.047954872244936345,0.37523001694446967,0.005602271015232758,0.007134463990399983,0.2502607852374329,0.1286090597478734,0.05897711990912225,0.025557666052961607,1.0566019631846235,0.967542971648925,0.017520671427070235,0.3463489075744802,0.25618839826310524,0.12751625521203191,0.06067020002561622,0.0236810478569409,1.0670238086190689,0.994292457641601,0.00521838344573266,-0.41058953890962235,0.3500883465954812,0.15417792829494692,0.07423797899262274,0.01662820946902005,0.9247887503667666,0.977950490400376,0.012571979306958705,0.1471821240257254
