,Pruebas,coef(a)_6am-MLP,rsquared_6am-MLP,Standard Error_6am-MLP,coef(b)_6am-MLP,coef(a)_Acu-6am-MLP,rsquared_Acu-6am-MLP,Standard Error_Acu-6am-MLP,coef(b)_Acu-6am-MLP,coef(a)_6am-Beysens,rsquared_6am-Beysens,Standard Error_6am-Beysens,coef(b)_6am-Beysens,coef(a)_Acu-6am-Beysens,rsquared_Acu-6am-Beysens,Standard Error_Acu-6am-Beysens,coef(b)_Acu-6am-Beysens,coef(a)_Beysens-PM,rsquared_Beysens-PM,Standard Error_Beysens-PM,coef(b)_Beysens-PM,coef(a)_Acu-Beysens-PM,rsquared_Acu-Beysens-PM,Standard Error_Acu-Beysens-PM,coef(b)_Acu-Beysens-PM,coef(a)_MLP-PM,rsquared_MLP-PM,Standard Error_MLP-PM,coef(b)_MLP-PM,coef(a)_Acu-MLP-PM,rsquared_Acu-MLP-PM,Standard Error_Acu-MLP-PM,coef(b)_Acu-MLP-PM,coef(a)_Pd-MLP-LM,rsquared_Pd-MLP-LM,Standard Error_Pd-MLP-LM,coef(b)_Pd-MLP-LM,coef(a)_Acu-Pd-MLP-LM,rsquared_Acu-Pd-MLP-LM,Standard Error_Acu-Pd-MLP-LM,coef(b)_Acu-Pd-MLP-LM,coef(a)_6am-MLP-LM,rsquared_6am-MLP-LM,Standard Error_6am-MLP-LM,coef(b)_6am-MLP-LM,coef(a)_Acu-6am-MLP-LM,rsquared_Acu-6am-MLP-LM,Standard Error_Acu-6am-MLP-LM,coef(b)_Acu-6am-MLP-LM
0,1.0,0.5066653357601858,0.4169851963030734,0.05424013320376514,0.02267942229255658,1.4922750955376172,0.972489480310089,0.02272353621802189,-0.7765332047373683,0.8293855171318147,0.5198180476168346,0.07216951250481757,0.011257855850626598,1.3656070412789096,0.9787361036370226,0.018223611615632677,-0.19587583911239376,-3.6549274376764234e-05,1.6073226049018174e-06,0.0026100388304877145,0.004468554059558025,0.13865621988658453,0.7887452172296168,0.006496722942898301,0.015358648214769784,0.24185528028266473,0.22197625790588416,0.04099385696075674,0.027434491669848467,1.4958298125234184,0.9708127034704487,0.023481805094820295,-0.6727350916942445,0.3611786609093521,0.26438499799627424,0.05454426029118557,0.022372238091208446,1.0709837970055174,0.9960220545471705,0.004368901105582463,0.11298036736806602,0.4101378311491939,0.34650879599877826,0.050993249282340385,0.02040753007867824,1.3234098737699733,0.9711460781344241,0.020652593628304544,-0.6940890147177114
