,Pruebas,coef(a)_6am-MLP,rsquared_6am-MLP,Standard Error_6am-MLP,coef(b)_6am-MLP,coef(a)_Acu-6am-MLP,rsquared_Acu-6am-MLP,Standard Error_Acu-6am-MLP,coef(b)_Acu-6am-MLP,coef(a)_6am-Beysens,rsquared_6am-Beysens,Standard Error_6am-Beysens,coef(b)_6am-Beysens,coef(a)_Acu-6am-Beysens,rsquared_Acu-6am-Beysens,Standard Error_Acu-6am-Beysens,coef(b)_Acu-6am-Beysens,coef(a)_Beysens-PM,rsquared_Beysens-PM,Standard Error_Beysens-PM,coef(b)_Beysens-PM,coef(a)_Acu-Beysens-PM,rsquared_Acu-Beysens-PM,Standard Error_Acu-Beysens-PM,coef(b)_Acu-Beysens-PM,coef(a)_MLP-PM,rsquared_MLP-PM,Standard Error_MLP-PM,coef(b)_MLP-PM,coef(a)_Acu-MLP-PM,rsquared_Acu-MLP-PM,Standard Error_Acu-MLP-PM,coef(b)_Acu-MLP-PM,coef(a)_Pd-MLP-LM,rsquared_Pd-MLP-LM,Standard Error_Pd-MLP-LM,coef(b)_Pd-MLP-LM,coef(a)_Acu-Pd-MLP-LM,rsquared_Acu-Pd-MLP-LM,Standard Error_Acu-Pd-MLP-LM,coef(b)_Acu-Pd-MLP-LM,coef(a)_6am-MLP-LM,rsquared_6am-MLP-LM,Standard Error_6am-MLP-LM,coef(b)_6am-MLP-LM,coef(a)_Acu-6am-MLP-LM,rsquared_Acu-6am-MLP-LM,Standard Error_Acu-6am-MLP-LM,coef(b)_Acu-6am-MLP-LM
0,10.0,0.5585060897158332,0.3624164258930904,0.06706758153990883,0.01876015174605442,1.0632146783118634,0.9839912982705141,0.012277882596392599,0.18279968700703392,0.6535235473618932,0.26916348327425177,0.0974952314579244,0.017791269201645254,1.1564282162105797,0.9875081303606351,0.011775575629393534,0.04082555548159032,0.0033203593252343136,0.03888196933354626,0.0014945808225933052,-0.0025071917933953,0.06925684186045737,0.6588464544003036,0.004511963797925973,-0.0557537820774239,0.33997970145376705,0.4277774289594819,0.03559972258572232,0.019408474060235072,0.884655037987634,0.9867281745108507,0.009288821312211357,0.17179201695295687,0.36674665854209876,0.43110874339322525,0.03814234982451939,0.017399392231231752,0.9496485683271887,0.9956407936030952,0.004056109506964917,0.11202914882380383,0.4751167554256359,0.39349174969867995,0.05340365685080577,0.018275081492161834,1.006016039019179,0.9857599722052718,0.010946992455754955,0.15777111036089006
