,Pruebas,coef(a)_6am-MLP,rsquared_6am-MLP,Standard Error_6am-MLP,coef(b)_6am-MLP,coef(a)_Acu-6am-MLP,rsquared_Acu-6am-MLP,Standard Error_Acu-6am-MLP,coef(b)_Acu-6am-MLP,coef(a)_6am-Beysens,rsquared_6am-Beysens,Standard Error_6am-Beysens,coef(b)_6am-Beysens,coef(a)_Acu-6am-Beysens,rsquared_Acu-6am-Beysens,Standard Error_Acu-6am-Beysens,coef(b)_Acu-6am-Beysens,coef(a)_Beysens-PM,rsquared_Beysens-PM,Standard Error_Beysens-PM,coef(b)_Beysens-PM,coef(a)_Acu-Beysens-PM,rsquared_Acu-Beysens-PM,Standard Error_Acu-Beysens-PM,coef(b)_Acu-Beysens-PM,coef(a)_MLP-PM,rsquared_MLP-PM,Standard Error_MLP-PM,coef(b)_MLP-PM,coef(a)_Acu-MLP-PM,rsquared_Acu-MLP-PM,Standard Error_Acu-MLP-PM,coef(b)_Acu-MLP-PM,coef(a)_Pd-MLP-LM,rsquared_Pd-MLP-LM,Standard Error_Pd-MLP-LM,coef(b)_Pd-MLP-LM,coef(a)_Acu-Pd-MLP-LM,rsquared_Acu-Pd-MLP-LM,Standard Error_Acu-Pd-MLP-LM,coef(b)_Acu-Pd-MLP-LM,coef(a)_6am-MLP-LM,rsquared_6am-MLP-LM,Standard Error_6am-MLP-LM,coef(b)_6am-MLP-LM,coef(a)_Acu-6am-MLP-LM,rsquared_Acu-6am-MLP-LM,Standard Error_Acu-6am-MLP-LM,coef(b)_Acu-6am-MLP-LM
0,5.0,0.3304023214292526,0.3752359152166953,0.038598372043825435,0.018862290456259048,0.9931037385436089,0.9872645822676525,0.010211852167047702,-0.05736949909686946,0.6145218191027668,0.40684707997173275,0.06717769942246023,0.013132467001942306,1.10209280425159,0.9909601434339453,0.009529956704071006,-0.11079091578839477,0.00039183739244776235,0.0006434859269648374,0.0013980305427229991,0.0011742865532222589,0.07192411055450465,0.7900365363730003,0.003356934447322586,-0.02002902409609288,0.26043524916690325,0.25008014861145844,0.0408307804129744,0.02345877459767881,1.141925539287961,0.967748475574417,0.018873469606254346,-0.03440438257440706,0.27437024749606864,0.2155338100453431,0.04738998032917038,0.02186101066202216,1.0054094819159132,0.9865166195417673,0.007587252677291394,0.6111085492295196,0.3805408805104692,0.4525906242845946,0.03789001181908547,0.018056877317830976,1.037591178265014,0.9891739721210048,0.009827534680931851,-0.11888947656926649
