,Pruebas,coef(a)_6am-MLP,rsquared_6am-MLP,Standard Error_6am-MLP,coef(b)_6am-MLP,coef(a)_Acu-6am-MLP,rsquared_Acu-6am-MLP,Standard Error_Acu-6am-MLP,coef(b)_Acu-6am-MLP,coef(a)_6am-Beysens,rsquared_6am-Beysens,Standard Error_6am-Beysens,coef(b)_6am-Beysens,coef(a)_Acu-6am-Beysens,rsquared_Acu-6am-Beysens,Standard Error_Acu-6am-Beysens,coef(b)_Acu-6am-Beysens,coef(a)_Beysens-PM,rsquared_Beysens-PM,Standard Error_Beysens-PM,coef(b)_Beysens-PM,coef(a)_Acu-Beysens-PM,rsquared_Acu-Beysens-PM,Standard Error_Acu-Beysens-PM,coef(b)_Acu-Beysens-PM,coef(a)_MLP-PM,rsquared_MLP-PM,Standard Error_MLP-PM,coef(b)_MLP-PM,coef(a)_Acu-MLP-PM,rsquared_Acu-MLP-PM,Standard Error_Acu-MLP-PM,coef(b)_Acu-MLP-PM,coef(a)_Pd-MLP-LM,rsquared_Pd-MLP-LM,Standard Error_Pd-MLP-LM,coef(b)_Pd-MLP-LM,coef(a)_Acu-Pd-MLP-LM,rsquared_Acu-Pd-MLP-LM,Standard Error_Acu-Pd-MLP-LM,coef(b)_Acu-Pd-MLP-LM,coef(a)_6am-MLP-LM,rsquared_6am-MLP-LM,Standard Error_6am-MLP-LM,coef(b)_6am-MLP-LM,coef(a)_Acu-6am-MLP-LM,rsquared_Acu-6am-MLP-LM,Standard Error_Acu-6am-MLP-LM,coef(b)_Acu-6am-MLP-LM
0,10.0,0.5677976903321736,0.5142901878677341,0.0499571902583611,0.02300054381550093,1.2101589450382777,0.965024853941357,0.02085801712481106,0.4886950463783034,0.8193139788018766,0.4733963240028133,0.07823479554258835,0.01741222965053816,1.3337431951718017,0.9791578292767492,0.017617221931997187,0.3232208751959619,0.08083595921309614,0.033190699336069995,0.03949907169521596,0.003790835469374484,0.24002311763774775,0.9561718716365988,0.0046524491786576055,-0.09428721232871014,0.43031898603495033,0.35741722723602165,0.05223810565564725,0.026027012684671412,1.2459705721775718,0.9466837932654767,0.026770409899526622,0.3823771503927413,0.43514629847859854,0.34872522591279564,0.05383885152357076,0.023518721221083047,1.040931290202272,0.9930321465257967,0.005628391444814522,-0.32737545533295836,0.5334514853720205,0.5098332193218695,0.04735577049152278,0.021016676256164976,1.1169788690411353,0.9676104707432736,0.018501931988007,0.46499999924371754
