,Pruebas,coef(a)_6am-MLP,rsquared_6am-MLP,Standard Error_6am-MLP,coef(b)_6am-MLP,coef(a)_Acu-6am-MLP,rsquared_Acu-6am-MLP,Standard Error_Acu-6am-MLP,coef(b)_Acu-6am-MLP,coef(a)_6am-Beysens,rsquared_6am-Beysens,Standard Error_6am-Beysens,coef(b)_6am-Beysens,coef(a)_Acu-6am-Beysens,rsquared_Acu-6am-Beysens,Standard Error_Acu-6am-Beysens,coef(b)_Acu-6am-Beysens,coef(a)_Beysens-PM,rsquared_Beysens-PM,Standard Error_Beysens-PM,coef(b)_Beysens-PM,coef(a)_Acu-Beysens-PM,rsquared_Acu-Beysens-PM,Standard Error_Acu-Beysens-PM,coef(b)_Acu-Beysens-PM,coef(a)_MLP-PM,rsquared_MLP-PM,Standard Error_MLP-PM,coef(b)_MLP-PM,coef(a)_Acu-MLP-PM,rsquared_Acu-MLP-PM,Standard Error_Acu-MLP-PM,coef(b)_Acu-MLP-PM,coef(a)_Pd-MLP-LM,rsquared_Pd-MLP-LM,Standard Error_Pd-MLP-LM,coef(b)_Pd-MLP-LM,coef(a)_Acu-Pd-MLP-LM,rsquared_Acu-Pd-MLP-LM,Standard Error_Acu-Pd-MLP-LM,coef(b)_Acu-Pd-MLP-LM,coef(a)_6am-MLP-LM,rsquared_6am-MLP-LM,Standard Error_6am-MLP-LM,coef(b)_6am-MLP-LM,coef(a)_Acu-6am-MLP-LM,rsquared_Acu-6am-MLP-LM,Standard Error_Acu-6am-MLP-LM,coef(b)_Acu-6am-MLP-LM
0,1.0,0.3932893313329586,0.34678316226004524,0.04886882619879583,0.021240611504786663,0.98179238069185,0.9822067566224375,0.011963709143193512,0.007679305789487556,0.713355345706244,0.4763228074181881,0.06771847137317931,0.00946951017725976,0.8808535742217733,0.962519313671274,0.01573703267875914,0.4280268124668619,-0.0018533904726831226,0.006903737738525373,0.0020125215621161867,0.0076274734711271235,0.10181519195644331,0.7122196178199728,0.0058594424835591696,0.14673780031166056,0.37092337410940524,0.3820545624180771,0.04270872782947242,0.02465185903597813,1.138508562623099,0.9917801016962299,0.009383868499916138,0.14102277039790517,0.36974119749724865,0.3009196844054519,0.051021847278844575,0.020968110544913973,1.0681852683472113,0.9953307133759747,0.00472261484203245,0.13590856709049098,0.36952092399425573,0.26672397934500325,0.05547046559876005,0.023437661493572758,1.1023211411518434,0.9742899367303419,0.01621196601948367,-0.15021762425964863
