,Pruebas,coef(a)_6am-MLP,rsquared_6am-MLP,Standard Error_6am-MLP,coef(b)_6am-MLP,coef(a)_Acu-6am-MLP,rsquared_Acu-6am-MLP,Standard Error_Acu-6am-MLP,coef(b)_Acu-6am-MLP,coef(a)_6am-Beysens,rsquared_6am-Beysens,Standard Error_6am-Beysens,coef(b)_6am-Beysens,coef(a)_Acu-6am-Beysens,rsquared_Acu-6am-Beysens,Standard Error_Acu-6am-Beysens,coef(b)_Acu-6am-Beysens,coef(a)_Beysens-PM,rsquared_Beysens-PM,Standard Error_Beysens-PM,coef(b)_Beysens-PM,coef(a)_Acu-Beysens-PM,rsquared_Acu-Beysens-PM,Standard Error_Acu-Beysens-PM,coef(b)_Acu-Beysens-PM,coef(a)_MLP-PM,rsquared_MLP-PM,Standard Error_MLP-PM,coef(b)_MLP-PM,coef(a)_Acu-MLP-PM,rsquared_Acu-MLP-PM,Standard Error_Acu-MLP-PM,coef(b)_Acu-MLP-PM,coef(a)_Pd-MLP-LM,rsquared_Pd-MLP-LM,Standard Error_Pd-MLP-LM,coef(b)_Pd-MLP-LM,coef(a)_Acu-Pd-MLP-LM,rsquared_Acu-Pd-MLP-LM,Standard Error_Acu-Pd-MLP-LM,coef(b)_Acu-Pd-MLP-LM,coef(a)_6am-MLP-LM,rsquared_6am-MLP-LM,Standard Error_6am-MLP-LM,coef(b)_6am-MLP-LM,coef(a)_Acu-6am-MLP-LM,rsquared_Acu-6am-MLP-LM,Standard Error_Acu-6am-MLP-LM,coef(b)_Acu-6am-MLP-LM
0,2.0,0.3976460293379622,0.458675251965561,0.03911047087984917,0.017945984562444842,0.893395379155928,0.99427729847415,0.0061363563597954945,-0.016931502387405158,0.6341160142168981,0.3612406445891293,0.07634122746395325,0.01828357871103202,1.2294628552364988,0.9948041329199493,0.008044438257603955,-0.3084219856353603,-0.000323509185465921,0.0002979650804572076,0.0016965212491811931,0.005242350809295779,0.12951347895095155,0.8593879614848743,0.004742984151301814,0.04738756074860759,0.29589014584459944,0.2527653162175336,0.04605962027188047,0.024001009371776846,0.9364990116700262,0.9780697708162782,0.012695917028046037,0.25007318634895537,0.3049063077323885,0.18203522877506217,0.05851619997857841,0.02537529163754596,1.0271420023762352,0.9934992967094219,0.005363166222669997,-0.05819509152650874,0.42666541005730635,0.46735635558886923,0.04123840291049146,0.015178628670179384,0.8258677068324316,0.9936696820732779,0.005967910641867087,0.09630942155022246
