,Pruebas,coef(a)_6am-MLP,rsquared_6am-MLP,Standard Error_6am-MLP,coef(b)_6am-MLP,coef(a)_Acu-6am-MLP,rsquared_Acu-6am-MLP,Standard Error_Acu-6am-MLP,coef(b)_Acu-6am-MLP,coef(a)_6am-Beysens,rsquared_6am-Beysens,Standard Error_6am-Beysens,coef(b)_6am-Beysens,coef(a)_Acu-6am-Beysens,rsquared_Acu-6am-Beysens,Standard Error_Acu-6am-Beysens,coef(b)_Acu-6am-Beysens,coef(a)_Beysens-PM,rsquared_Beysens-PM,Standard Error_Beysens-PM,coef(b)_Beysens-PM,coef(a)_Acu-Beysens-PM,rsquared_Acu-Beysens-PM,Standard Error_Acu-Beysens-PM,coef(b)_Acu-Beysens-PM,coef(a)_MLP-PM,rsquared_MLP-PM,Standard Error_MLP-PM,coef(b)_MLP-PM,coef(a)_Acu-MLP-PM,rsquared_Acu-MLP-PM,Standard Error_Acu-MLP-PM,coef(b)_Acu-MLP-PM,coef(a)_Pd-MLP-LM,rsquared_Pd-MLP-LM,Standard Error_Pd-MLP-LM,coef(b)_Pd-MLP-LM,coef(a)_Acu-Pd-MLP-LM,rsquared_Acu-Pd-MLP-LM,Standard Error_Acu-Pd-MLP-LM,coef(b)_Acu-Pd-MLP-LM,coef(a)_6am-MLP-LM,rsquared_6am-MLP-LM,Standard Error_6am-MLP-LM,coef(b)_6am-MLP-LM,coef(a)_Acu-6am-MLP-LM,rsquared_Acu-6am-MLP-LM,Standard Error_Acu-6am-MLP-LM,coef(b)_Acu-6am-MLP-LM
0,5.0,0.4557239715329976,0.42909050032817075,0.04759169321567911,0.01738976794247134,1.1203129542447172,0.9920122758047206,0.00910148902024204,0.034533865249756546,0.7195324180143243,0.37461918848493825,0.08416813742461729,0.014208930651255548,1.2135613764780842,0.9880989681516023,0.012057962152493431,-0.00034069756623068825,0.006262030621160374,0.0003941955077897408,0.02854919197068198,0.0023249903002232194,0.0937690811297622,0.7713578606198354,0.004621999856551341,-0.0007359562710311032,0.28577194547361573,0.1933431085024131,0.05284692961345458,0.022686112225716003,1.030428607827619,0.9800012793611023,0.013326796772093301,0.2053419199854397,0.22653394614292688,0.07722138809898571,0.07089789347404485,0.024687379955528485,0.9958003846814636,0.9905170923467876,0.006289359831396395,0.01870526333005007,0.5037620760820857,0.5601265914365201,0.04041720689190869,0.015099502985024054,1.0621422549435504,0.9930384680876901,0.008051413826782528,0.051761009769591984
