,Pruebas,coef(a)_6am-MLP,rsquared_6am-MLP,Standard Error_6am-MLP,coef(b)_6am-MLP,coef(a)_Acu-6am-MLP,rsquared_Acu-6am-MLP,Standard Error_Acu-6am-MLP,coef(b)_Acu-6am-MLP,coef(a)_6am-Beysens,rsquared_6am-Beysens,Standard Error_6am-Beysens,coef(b)_6am-Beysens,coef(a)_Acu-6am-Beysens,rsquared_Acu-6am-Beysens,Standard Error_Acu-6am-Beysens,coef(b)_Acu-6am-Beysens,coef(a)_Beysens-PM,rsquared_Beysens-PM,Standard Error_Beysens-PM,coef(b)_Beysens-PM,coef(a)_Acu-Beysens-PM,rsquared_Acu-Beysens-PM,Standard Error_Acu-Beysens-PM,coef(b)_Acu-Beysens-PM,coef(a)_MLP-PM,rsquared_MLP-PM,Standard Error_MLP-PM,coef(b)_MLP-PM,coef(a)_Acu-MLP-PM,rsquared_Acu-MLP-PM,Standard Error_Acu-MLP-PM,coef(b)_Acu-MLP-PM,coef(a)_Pd-MLP-LM,rsquared_Pd-MLP-LM,Standard Error_Pd-MLP-LM,coef(b)_Pd-MLP-LM,coef(a)_Acu-Pd-MLP-LM,rsquared_Acu-Pd-MLP-LM,Standard Error_Acu-Pd-MLP-LM,coef(b)_Acu-Pd-MLP-LM,coef(a)_6am-MLP-LM,rsquared_6am-MLP-LM,Standard Error_6am-MLP-LM,coef(b)_6am-MLP-LM,coef(a)_Acu-6am-MLP-LM,rsquared_Acu-6am-MLP-LM,Standard Error_Acu-6am-MLP-LM,coef(b)_Acu-6am-MLP-LM
0,4.0,0.3838404740268021,0.37377369802553184,0.04498131023372614,0.019397936214555885,1.0230715048198689,0.9902774794904053,0.00917776754935548,0.007696305110538787,0.5586938514215825,0.3234427965125851,0.07315558643834111,0.010273002736804874,0.9706662290839159,0.9666235739236622,0.01632981365991798,-0.1710190474890248,0.0008972897276475992,0.002858104530552019,0.0015173724977608878,0.0013571008316512507,0.11997704859068992,0.8392556188253039,0.0047537794686765365,-0.06994432406132495,0.2479570442604716,0.19662005770542756,0.045377771070025094,0.022021658958576402,0.9359446023395794,0.9901201973315908,0.00846448234686067,0.06689311493532249,0.24858670386232745,0.1478571232861685,0.054029770004652894,0.019743590872416946,0.9730481508267289,0.9940429816784337,0.00486228707320171,0.06615224078978453,0.4091126911511197,0.40860723459715287,0.04456028797337382,0.01623927640355874,0.950678861745871,0.99207474026311,0.007692871496456518,-0.015271960839276115
