,Pruebas,coef(a)_6am-MLP,rsquared_6am-MLP,Standard Error_6am-MLP,coef(b)_6am-MLP,coef(a)_Acu-6am-MLP,rsquared_Acu-6am-MLP,Standard Error_Acu-6am-MLP,coef(b)_Acu-6am-MLP,coef(a)_6am-Beysens,rsquared_6am-Beysens,Standard Error_6am-Beysens,coef(b)_6am-Beysens,coef(a)_Acu-6am-Beysens,rsquared_Acu-6am-Beysens,Standard Error_Acu-6am-Beysens,coef(b)_Acu-6am-Beysens,coef(a)_Beysens-PM,rsquared_Beysens-PM,Standard Error_Beysens-PM,coef(b)_Beysens-PM,coef(a)_Acu-Beysens-PM,rsquared_Acu-Beysens-PM,Standard Error_Acu-Beysens-PM,coef(b)_Acu-Beysens-PM,coef(a)_MLP-PM,rsquared_MLP-PM,Standard Error_MLP-PM,coef(b)_MLP-PM,coef(a)_Acu-MLP-PM,rsquared_Acu-MLP-PM,Standard Error_Acu-MLP-PM,coef(b)_Acu-MLP-PM,coef(a)_Pd-MLP-LM,rsquared_Pd-MLP-LM,Standard Error_Pd-MLP-LM,coef(b)_Pd-MLP-LM,coef(a)_Acu-Pd-MLP-LM,rsquared_Acu-Pd-MLP-LM,Standard Error_Acu-Pd-MLP-LM,coef(b)_Acu-Pd-MLP-LM,coef(a)_6am-MLP-LM,rsquared_6am-MLP-LM,Standard Error_6am-MLP-LM,coef(b)_6am-MLP-LM,coef(a)_Acu-6am-MLP-LM,rsquared_Acu-6am-MLP-LM,Standard Error_Acu-6am-MLP-LM,coef(b)_Acu-6am-MLP-LM
0,9.0,0.24396228910459902,0.24949339939742443,0.03830808828869499,0.017389965606924723,0.7051678102164833,0.9690127058854575,0.011416675396044405,-0.058674357164306024,0.8030035611014233,0.5154610075866322,0.07048618617979412,0.015832280709902433,1.18677558283636,0.9881219447096269,0.01178029282980509,0.03934932812938763,0.0001528282391780126,4.872232789243647e-05,0.001982207425866289,0.004225858345017334,0.148023681871449,0.8968959757625158,0.004543787972805297,0.044382377160620795,0.28477597617845707,0.2930451826613987,0.04004533553350668,0.023886929302899332,1.155810816883164,0.9897131564867143,0.01066825121867154,0.04742505225298049,0.3277605189799019,0.29818423491650936,0.045524577082817555,0.021875365954948475,1.0194203618845292,0.9966614790913182,0.003808473137528757,0.17513493182431622,0.23121981336276656,0.24704325217970058,0.03654632311158827,0.0162058290850702,0.6562378811939398,0.9612013603507868,0.011936649469688802,-0.07791110388890285
