,Pruebas,coef(a)_6am-MLP,rsquared_6am-MLP,Standard Error_6am-MLP,coef(b)_6am-MLP,coef(a)_Acu-6am-MLP,rsquared_Acu-6am-MLP,Standard Error_Acu-6am-MLP,coef(b)_Acu-6am-MLP,coef(a)_6am-Beysens,rsquared_6am-Beysens,Standard Error_6am-Beysens,coef(b)_6am-Beysens,coef(a)_Acu-6am-Beysens,rsquared_Acu-6am-Beysens,Standard Error_Acu-6am-Beysens,coef(b)_Acu-6am-Beysens,coef(a)_Beysens-PM,rsquared_Beysens-PM,Standard Error_Beysens-PM,coef(b)_Beysens-PM,coef(a)_Acu-Beysens-PM,rsquared_Acu-Beysens-PM,Standard Error_Acu-Beysens-PM,coef(b)_Acu-Beysens-PM,coef(a)_MLP-PM,rsquared_MLP-PM,Standard Error_MLP-PM,coef(b)_MLP-PM,coef(a)_Acu-MLP-PM,rsquared_Acu-MLP-PM,Standard Error_Acu-MLP-PM,coef(b)_Acu-MLP-PM,coef(a)_Pd-MLP-LM,rsquared_Pd-MLP-LM,Standard Error_Pd-MLP-LM,coef(b)_Pd-MLP-LM,coef(a)_Acu-Pd-MLP-LM,rsquared_Acu-Pd-MLP-LM,Standard Error_Acu-Pd-MLP-LM,coef(b)_Acu-Pd-MLP-LM,coef(a)_6am-MLP-LM,rsquared_6am-MLP-LM,Standard Error_6am-MLP-LM,coef(b)_6am-MLP-LM,coef(a)_Acu-6am-MLP-LM,rsquared_Acu-6am-MLP-LM,Standard Error_Acu-6am-MLP-LM,coef(b)_Acu-6am-MLP-LM
0,7.0,0.6475989799535233,0.5275131757258892,0.05548868554758156,0.015707933646817114,1.1771915503815036,0.9894438000921387,0.011008431859591156,0.16839370824430916,0.7772113476332206,0.528244619370339,0.06649670218851937,0.009190386285052126,1.0648297111879406,0.9936653810885977,0.007697335420850955,-0.08652126872581087,0.001044729670313193,0.03746076292594913,0.00047945176927932843,-0.0010106122093690383,0.01873666876784779,0.513513013926596,0.0016510960950464392,-0.020238921345802255,0.24788105133025862,0.35555344555689616,0.03021373437137538,0.01943897240125063,0.9313313670881146,0.9801818127636166,0.011989552081759424,0.05130956188706299,0.320739692921644,0.44076551154900423,0.032708903423082136,0.016456481388245854,1.0367989546141816,0.9947569765334484,0.004858713965397032,0.17125196666371514,0.3983408849845003,0.5446135049811287,0.03297773467008797,0.015554418149303799,0.9331011017994972,0.9827107594182959,0.01120531039498603,0.2058194563865765
