,Pruebas,coef(a)_6am-MLP,rsquared_6am-MLP,Standard Error_6am-MLP,coef(b)_6am-MLP,coef(a)_Acu-6am-MLP,rsquared_Acu-6am-MLP,Standard Error_Acu-6am-MLP,coef(b)_Acu-6am-MLP,coef(a)_6am-Beysens,rsquared_6am-Beysens,Standard Error_6am-Beysens,coef(b)_6am-Beysens,coef(a)_Acu-6am-Beysens,rsquared_Acu-6am-Beysens,Standard Error_Acu-6am-Beysens,coef(b)_Acu-6am-Beysens,coef(a)_Beysens-PM,rsquared_Beysens-PM,Standard Error_Beysens-PM,coef(b)_Beysens-PM,coef(a)_Acu-Beysens-PM,rsquared_Acu-Beysens-PM,Standard Error_Acu-Beysens-PM,coef(b)_Acu-Beysens-PM,coef(a)_MLP-PM,rsquared_MLP-PM,Standard Error_MLP-PM,coef(b)_MLP-PM,coef(a)_Acu-MLP-PM,rsquared_Acu-MLP-PM,Standard Error_Acu-MLP-PM,coef(b)_Acu-MLP-PM,coef(a)_Pd-MLP-LM,rsquared_Pd-MLP-LM,Standard Error_Pd-MLP-LM,coef(b)_Pd-MLP-LM,coef(a)_Acu-Pd-MLP-LM,rsquared_Acu-Pd-MLP-LM,Standard Error_Acu-Pd-MLP-LM,coef(b)_Acu-Pd-MLP-LM,coef(a)_6am-MLP-LM,rsquared_6am-MLP-LM,Standard Error_6am-MLP-LM,coef(b)_6am-MLP-LM,coef(a)_Acu-6am-MLP-LM,rsquared_Acu-6am-MLP-LM,Standard Error_Acu-6am-MLP-LM,coef(b)_Acu-6am-MLP-LM
0,2.0,0.5134709035385809,0.4151113004995016,0.05518108544668105,0.018376335113421054,1.1975262733420031,0.9729030893385013,0.01809381868621007,0.12334575927979059,0.6169055416872858,0.30019196451909025,0.08527636645358161,0.016318089244837575,1.307317516600304,0.9748029327257247,0.019029078125333776,0.17576186501480076,-0.0004991295494871052,0.0006431954006187457,0.0017812389708302923,0.004700669385345239,0.14884064374616035,0.8631285608633004,0.00536611897483525,-0.03263459145063666,0.17981066600066997,0.1450315347754373,0.03952568405773788,0.02490437651929369,1.049499935587208,0.9666321017820708,0.017653723414482625,0.09788389009800477,0.23114580646856386,0.23017100295198845,0.03827171144307437,0.02266461018694673,1.0063525870907,0.9953133311503085,0.004457555611756504,0.1724263620632126,0.48289065686112315,0.45533014446227005,0.04781590000382572,0.018574305679674698,1.1210614209599783,0.9806473038643702,0.014258170757486966,0.16788915969760693
