,Pruebas,coef(a)_6am-MLP,rsquared_6am-MLP,Standard Error_6am-MLP,coef(b)_6am-MLP,coef(a)_Acu-6am-MLP,rsquared_Acu-6am-MLP,Standard Error_Acu-6am-MLP,coef(b)_Acu-6am-MLP,coef(a)_6am-Beysens,rsquared_6am-Beysens,Standard Error_6am-Beysens,coef(b)_6am-Beysens,coef(a)_Acu-6am-Beysens,rsquared_Acu-6am-Beysens,Standard Error_Acu-6am-Beysens,coef(b)_Acu-6am-Beysens,coef(a)_Beysens-PM,rsquared_Beysens-PM,Standard Error_Beysens-PM,coef(b)_Beysens-PM,coef(a)_Acu-Beysens-PM,rsquared_Acu-Beysens-PM,Standard Error_Acu-Beysens-PM,coef(b)_Acu-Beysens-PM,coef(a)_MLP-PM,rsquared_MLP-PM,Standard Error_MLP-PM,coef(b)_MLP-PM,coef(a)_Acu-MLP-PM,rsquared_Acu-MLP-PM,Standard Error_Acu-MLP-PM,coef(b)_Acu-MLP-PM,coef(a)_Pd-MLP-LM,rsquared_Pd-MLP-LM,Standard Error_Pd-MLP-LM,coef(b)_Pd-MLP-LM,coef(a)_Acu-Pd-MLP-LM,rsquared_Acu-Pd-MLP-LM,Standard Error_Acu-Pd-MLP-LM,coef(b)_Acu-Pd-MLP-LM,coef(a)_6am-MLP-LM,rsquared_6am-MLP-LM,Standard Error_6am-MLP-LM,coef(b)_6am-MLP-LM,coef(a)_Acu-6am-MLP-LM,rsquared_Acu-6am-MLP-LM,Standard Error_Acu-6am-MLP-LM,coef(b)_Acu-6am-MLP-LM
0,1.0,0.3693339007026275,0.5131962643066782,0.03256675468806037,0.017014170635880423,0.910668327964969,0.9872383205628741,0.009373962929903298,-0.02821098811702223,0.48767728829915047,0.3285934107858447,0.06311258803520306,0.015976470388677857,0.9667744443466113,0.9786416567324824,0.012930555376485386,-0.06609684173076122,-0.0017911500645020919,0.005814985687238261,0.0021203684764359737,0.006320767002581417,0.08333720680139123,0.7369497816463493,0.0045077457326298575,0.09300889501296603,0.32939797505230484,0.35780728432090847,0.03995297579851034,0.022072158571986043,1.1615563730702108,0.977032664087999,0.016123567770737583,-0.20842014518018376,0.3989957283796276,0.37776213772108036,0.04636148265542032,0.01904076511243906,1.1446373467610542,0.993485960980309,0.00598282916791124,0.09391586311743433,0.3712601522207988,0.5161164587715253,0.03254580223730405,0.016930595174234987,0.9108701203885647,0.988263668882376,0.008986825421646045,-0.0036453023141008734
