,Pruebas,coef(a)_6am-MLP,rsquared_6am-MLP,Standard Error_6am-MLP,coef(b)_6am-MLP,coef(a)_Acu-6am-MLP,rsquared_Acu-6am-MLP,Standard Error_Acu-6am-MLP,coef(b)_Acu-6am-MLP,coef(a)_6am-Beysens,rsquared_6am-Beysens,Standard Error_6am-Beysens,coef(b)_6am-Beysens,coef(a)_Acu-6am-Beysens,rsquared_Acu-6am-Beysens,Standard Error_Acu-6am-Beysens,coef(b)_Acu-6am-Beysens,coef(a)_Beysens-PM,rsquared_Beysens-PM,Standard Error_Beysens-PM,coef(b)_Beysens-PM,coef(a)_Acu-Beysens-PM,rsquared_Acu-Beysens-PM,Standard Error_Acu-Beysens-PM,coef(b)_Acu-Beysens-PM,coef(a)_MLP-PM,rsquared_MLP-PM,Standard Error_MLP-PM,coef(b)_MLP-PM,coef(a)_Acu-MLP-PM,rsquared_Acu-MLP-PM,Standard Error_Acu-MLP-PM,coef(b)_Acu-MLP-PM,coef(a)_Pd-MLP-LM,rsquared_Pd-MLP-LM,Standard Error_Pd-MLP-LM,coef(b)_Pd-MLP-LM,coef(a)_Acu-Pd-MLP-LM,rsquared_Acu-Pd-MLP-LM,Standard Error_Acu-Pd-MLP-LM,coef(b)_Acu-Pd-MLP-LM,coef(a)_6am-MLP-LM,rsquared_6am-MLP-LM,Standard Error_6am-MLP-LM,coef(b)_6am-MLP-LM,coef(a)_Acu-6am-MLP-LM,rsquared_Acu-6am-MLP-LM,Standard Error_Acu-6am-MLP-LM,coef(b)_Acu-6am-MLP-LM
0,6.0,0.41817702281375324,0.3307366898797255,0.05385643160553775,0.019856458307519455,1.1504738004825055,0.983108426445999,0.013653096591571571,0.2175424475269392,0.5479919016775237,0.2920441783893666,0.07724547126192381,0.012966457371544744,1.0089586996971662,0.9696190787767198,0.016169379983476437,-0.049448508547239395,-0.0008358649598205556,0.0014553935525449813,0.0019822102432260234,0.004713914244513624,0.09797730872490412,0.679821875703478,0.006087568356667323,0.05582126306861271,0.2321291368349763,0.12107742689103473,0.05662307273870067,0.022138860256901323,1.0833619283432205,0.9807786189466537,0.013730945776667437,-0.07665486999996907,0.2629032775754401,0.09715281973992185,0.07255972008958855,0.01949699030494724,1.0249347538686728,0.9924643145500568,0.005764936519754716,0.4208431070308035,0.3348624050915877,0.21548846532498855,0.05784610405989424,0.020271896515464963,1.0954479656690488,0.9851396225908592,0.012180857545684553,0.10245177433151365
