,Pruebas,coef(a)_6am-MLP,rsquared_6am-MLP,Standard Error_6am-MLP,coef(b)_6am-MLP,coef(a)_Acu-6am-MLP,rsquared_Acu-6am-MLP,Standard Error_Acu-6am-MLP,coef(b)_Acu-6am-MLP,coef(a)_6am-Beysens,rsquared_6am-Beysens,Standard Error_6am-Beysens,coef(b)_6am-Beysens,coef(a)_Acu-6am-Beysens,rsquared_Acu-6am-Beysens,Standard Error_Acu-6am-Beysens,coef(b)_Acu-6am-Beysens,coef(a)_Beysens-PM,rsquared_Beysens-PM,Standard Error_Beysens-PM,coef(b)_Beysens-PM,coef(a)_Acu-Beysens-PM,rsquared_Acu-Beysens-PM,Standard Error_Acu-Beysens-PM,coef(b)_Acu-Beysens-PM,coef(a)_MLP-PM,rsquared_MLP-PM,Standard Error_MLP-PM,coef(b)_MLP-PM,coef(a)_Acu-MLP-PM,rsquared_Acu-MLP-PM,Standard Error_Acu-MLP-PM,coef(b)_Acu-MLP-PM,coef(a)_Pd-MLP-LM,rsquared_Pd-MLP-LM,Standard Error_Pd-MLP-LM,coef(b)_Pd-MLP-LM,coef(a)_Acu-Pd-MLP-LM,rsquared_Acu-Pd-MLP-LM,Standard Error_Acu-Pd-MLP-LM,coef(b)_Acu-Pd-MLP-LM,coef(a)_6am-MLP-LM,rsquared_6am-MLP-LM,Standard Error_6am-MLP-LM,coef(b)_6am-MLP-LM,coef(a)_Acu-6am-MLP-LM,rsquared_Acu-6am-MLP-LM,Standard Error_Acu-6am-MLP-LM,coef(b)_Acu-6am-MLP-LM
0,5.0,0.5853044925366626,0.4207858094277459,0.062171450371693325,0.023423315670821992,1.4390341218197564,0.9909378257718493,0.012459028457018646,-0.18748382297192498,0.8824279131649273,0.40345243131771236,0.0971461723193997,0.016485851466856563,1.4457767791991512,0.984842966502783,0.01623846379149681,-0.08175258273757091,0.0005871146662208104,0.000552307885028358,0.0022611658976767514,0.004068922372192599,0.1473045239721888,0.851520825484325,0.005568924177392884,0.049383045766303243,0.2466934353540668,0.2406044087043474,0.03967892602888107,0.027229486198071192,1.2116179301510008,0.9910242958178442,0.01043945657850936,0.08372685995965422,0.38666259168414435,0.33325897886678013,0.049515358444837565,0.022296230514098837,1.056182069035883,0.9955095391689053,0.004578844683298338,-0.05416688874743893,0.617319249370627,0.40360475034762255,0.06793895116921338,0.01923389644141307,1.262128891109077,0.9815417805423592,0.01566983053520389,-0.235210724366809
