,Pruebas,coef(a)_6am-MLP,rsquared_6am-MLP,Standard Error_6am-MLP,coef(b)_6am-MLP,coef(a)_Acu-6am-MLP,rsquared_Acu-6am-MLP,Standard Error_Acu-6am-MLP,coef(b)_Acu-6am-MLP,coef(a)_6am-Beysens,rsquared_6am-Beysens,Standard Error_6am-Beysens,coef(b)_6am-Beysens,coef(a)_Acu-6am-Beysens,rsquared_Acu-6am-Beysens,Standard Error_Acu-6am-Beysens,coef(b)_Acu-6am-Beysens,coef(a)_Beysens-PM,rsquared_Beysens-PM,Standard Error_Beysens-PM,coef(b)_Beysens-PM,coef(a)_Acu-Beysens-PM,rsquared_Acu-Beysens-PM,Standard Error_Acu-Beysens-PM,coef(b)_Acu-Beysens-PM,coef(a)_MLP-PM,rsquared_MLP-PM,Standard Error_MLP-PM,coef(b)_MLP-PM,coef(a)_Acu-MLP-PM,rsquared_Acu-MLP-PM,Standard Error_Acu-MLP-PM,coef(b)_Acu-MLP-PM,coef(a)_Pd-MLP-LM,rsquared_Pd-MLP-LM,Standard Error_Pd-MLP-LM,coef(b)_Pd-MLP-LM,coef(a)_Acu-Pd-MLP-LM,rsquared_Acu-Pd-MLP-LM,Standard Error_Acu-Pd-MLP-LM,coef(b)_Acu-Pd-MLP-LM,coef(a)_6am-MLP-LM,rsquared_6am-MLP-LM,Standard Error_6am-MLP-LM,coef(b)_6am-MLP-LM,coef(a)_Acu-6am-MLP-LM,rsquared_Acu-6am-MLP-LM,Standard Error_Acu-6am-MLP-LM,coef(b)_Acu-6am-MLP-LM
0,1.0,0.8653164762752086,0.4191777630482827,0.09221839640883357,0.021697136625815922,1.8121541919109587,0.9865771838950524,0.01913689702616133,-0.3508420808258108,0.9780539872452866,0.5340689093998537,0.08270754118131668,0.01114934783207423,1.4024557285820278,0.9736099681348698,0.020904351382622866,-0.18878103050276687,0.0027998302514698576,0.014368921270933033,0.002099408244052837,-0.0020545434842036405,0.10308434412695403,0.5328859934974637,0.008737900379737882,-0.08826222876733035,0.34765131006665556,0.270825736607223,0.05164575616041447,0.02485879456471367,1.2909695594641697,0.9642926577225668,0.0224910857136599,-0.4229772815861352,0.36575766811526444,0.256042926516318,0.05644572282558294,0.02370074406499583,0.997737632988302,0.9819165680941602,0.008740048958588416,0.5039307755732654,0.6122443344797298,0.4428662676343972,0.06217105864964165,0.017980909913828044,1.3865530874641232,0.9729133899501574,0.020945793807343023,-0.35643740479822317
