,Pruebas,coef(a)_6am-MLP,rsquared_6am-MLP,Standard Error_6am-MLP,coef(b)_6am-MLP,coef(a)_Acu-6am-MLP,rsquared_Acu-6am-MLP,Standard Error_Acu-6am-MLP,coef(b)_Acu-6am-MLP,coef(a)_6am-Beysens,rsquared_6am-Beysens,Standard Error_6am-Beysens,coef(b)_6am-Beysens,coef(a)_Acu-6am-Beysens,rsquared_Acu-6am-Beysens,Standard Error_Acu-6am-Beysens,coef(b)_Acu-6am-Beysens,coef(a)_Beysens-PM,rsquared_Beysens-PM,Standard Error_Beysens-PM,coef(b)_Beysens-PM,coef(a)_Acu-Beysens-PM,rsquared_Acu-Beysens-PM,Standard Error_Acu-Beysens-PM,coef(b)_Acu-Beysens-PM,coef(a)_MLP-PM,rsquared_MLP-PM,Standard Error_MLP-PM,coef(b)_MLP-PM,coef(a)_Acu-MLP-PM,rsquared_Acu-MLP-PM,Standard Error_Acu-MLP-PM,coef(b)_Acu-MLP-PM,coef(a)_Pd-MLP-LM,rsquared_Pd-MLP-LM,Standard Error_Pd-MLP-LM,coef(b)_Pd-MLP-LM,coef(a)_Acu-Pd-MLP-LM,rsquared_Acu-Pd-MLP-LM,Standard Error_Acu-Pd-MLP-LM,coef(b)_Acu-Pd-MLP-LM,coef(a)_6am-MLP-LM,rsquared_6am-MLP-LM,Standard Error_6am-MLP-LM,coef(b)_6am-MLP-LM,coef(a)_Acu-6am-MLP-LM,rsquared_Acu-6am-MLP-LM,Standard Error_Acu-6am-MLP-LM,coef(b)_Acu-6am-MLP-LM
0,7.0,0.4749739333654247,0.34968657043926166,0.058642403978609606,0.023715426559572005,1.1947518920037323,0.9918554439938474,0.009801833694754333,0.02273893237673437,0.8565182808762797,0.5536203885693302,0.06963103623585015,0.010646818117183519,1.1770455555590575,0.9902991828403852,0.010547130162245172,0.27383057998632077,0.0007865718868167683,0.0017975697995873396,0.0016781274237282838,0.0024237436076679137,0.1411313424212043,0.9018829929539218,0.004214447076448379,-0.05982690803074706,0.3143842375597527,0.25273131173615937,0.04894290181623891,0.03007240883544878,1.2796534353472198,0.9856729207445928,0.013967699064314552,-0.021974941871302278,0.37337392510814243,0.32335460921942405,0.048899575913624566,0.025981873663556983,1.0294656993879632,0.9900074131804889,0.006676148717827839,-0.03822283000089509,0.34378188347496286,0.22684031916289438,0.057461581920101396,0.02230257474357456,0.9907710550294087,0.9915304256579454,0.008290317523912079,0.10115338471154305
