,Pruebas,coef(a)_6am-MLP,rsquared_6am-MLP,Standard Error_6am-MLP,coef(b)_6am-MLP,coef(a)_Acu-6am-MLP,rsquared_Acu-6am-MLP,Standard Error_Acu-6am-MLP,coef(b)_Acu-6am-MLP,coef(a)_6am-Beysens,rsquared_6am-Beysens,Standard Error_6am-Beysens,coef(b)_6am-Beysens,coef(a)_Acu-6am-Beysens,rsquared_Acu-6am-Beysens,Standard Error_Acu-6am-Beysens,coef(b)_Acu-6am-Beysens,coef(a)_Beysens-PM,rsquared_Beysens-PM,Standard Error_Beysens-PM,coef(b)_Beysens-PM,coef(a)_Acu-Beysens-PM,rsquared_Acu-Beysens-PM,Standard Error_Acu-Beysens-PM,coef(b)_Acu-Beysens-PM,coef(a)_MLP-PM,rsquared_MLP-PM,Standard Error_MLP-PM,coef(b)_MLP-PM,coef(a)_Acu-MLP-PM,rsquared_Acu-MLP-PM,Standard Error_Acu-MLP-PM,coef(b)_Acu-MLP-PM,coef(a)_Pd-MLP-LM,rsquared_Pd-MLP-LM,Standard Error_Pd-MLP-LM,coef(b)_Pd-MLP-LM,coef(a)_Acu-Pd-MLP-LM,rsquared_Acu-Pd-MLP-LM,Standard Error_Acu-Pd-MLP-LM,coef(b)_Acu-Pd-MLP-LM,coef(a)_6am-MLP-LM,rsquared_6am-MLP-LM,Standard Error_6am-MLP-LM,coef(b)_6am-MLP-LM,coef(a)_Acu-6am-MLP-LM,rsquared_Acu-6am-MLP-LM,Standard Error_Acu-6am-MLP-LM,coef(b)_Acu-6am-MLP-LM
0,6.0,0.36778124857068767,0.603071668449968,0.027013523995800648,0.017105067019369084,0.889057680720504,0.9755828388765545,0.012734020139393162,-0.303421352512325,0.6378843065899643,0.4324965638307271,0.06615381880092798,0.012931571896752089,1.0714877151503677,0.9941459871014751,0.007444045798103382,-0.0751762273591506,-0.0015089790369998812,0.009249249919220381,0.0014139440961159462,0.005411226008829457,0.07363879723688471,0.7105084090652751,0.004255593495809569,0.013686964799043516,0.2473308724651192,0.22068004303274014,0.04207991246429855,0.026878202784942195,1.1960534591545477,0.9805877149346947,0.015235818224040675,-0.5097257087680516,0.30536466967441594,0.2807246042208701,0.04425335949684748,0.022532434489551723,1.0825070860416386,0.9930249051550031,0.005856256828408338,-0.14413735345608022,0.3701493224153318,0.5601146976693563,0.029698074896072537,0.01777104686829336,0.9048313617291857,0.9725622366826008,0.013759523075430413,-0.290770130586565
