,Pruebas,coef(a)_6am-MLP,rsquared_6am-MLP,Standard Error_6am-MLP,coef(b)_6am-MLP,coef(a)_Acu-6am-MLP,rsquared_Acu-6am-MLP,Standard Error_Acu-6am-MLP,coef(b)_Acu-6am-MLP,coef(a)_6am-Beysens,rsquared_6am-Beysens,Standard Error_6am-Beysens,coef(b)_6am-Beysens,coef(a)_Acu-6am-Beysens,rsquared_Acu-6am-Beysens,Standard Error_Acu-6am-Beysens,coef(b)_Acu-6am-Beysens,coef(a)_Beysens-PM,rsquared_Beysens-PM,Standard Error_Beysens-PM,coef(b)_Beysens-PM,coef(a)_Acu-Beysens-PM,rsquared_Acu-Beysens-PM,Standard Error_Acu-Beysens-PM,coef(b)_Acu-Beysens-PM,coef(a)_MLP-PM,rsquared_MLP-PM,Standard Error_MLP-PM,coef(b)_MLP-PM,coef(a)_Acu-MLP-PM,rsquared_Acu-MLP-PM,Standard Error_Acu-MLP-PM,coef(b)_Acu-MLP-PM,coef(a)_Pd-MLP-LM,rsquared_Pd-MLP-LM,Standard Error_Pd-MLP-LM,coef(b)_Pd-MLP-LM,coef(a)_Acu-Pd-MLP-LM,rsquared_Acu-Pd-MLP-LM,Standard Error_Acu-Pd-MLP-LM,coef(b)_Acu-Pd-MLP-LM,coef(a)_6am-MLP-LM,rsquared_6am-MLP-LM,Standard Error_6am-MLP-LM,coef(b)_6am-MLP-LM,coef(a)_Acu-6am-MLP-LM,rsquared_Acu-6am-MLP-LM,Standard Error_Acu-6am-MLP-LM,coef(b)_Acu-6am-MLP-LM
0,3.0,0.3750334157538955,0.43489339323406495,0.03870471016040183,0.01588906613235423,0.899752017876704,0.9765642027141833,0.012619216169601804,0.23426311306834718,0.560707165447987,0.3221059992065698,0.07364405255087585,0.010956256212460814,0.8395676177173588,0.9700110516743081,0.013364971618254532,0.08277034150075074,0.003220578068688322,0.03491130582737623,0.0015330435174809383,-0.0025491045426369145,0.06870496779529506,0.7136191988154093,0.003940459898778159,-0.048790870495156166,0.2661313514558389,0.3349114422522329,0.0339539928613854,0.0224062861939977,1.0810799329619787,0.9796163896975266,0.014118560665411945,0.12200515729115192,0.3218401318780855,0.370546024048111,0.037977045248806955,0.017392548573472208,0.9732292461330824,0.9883375544174586,0.006824199273954493,-0.13243744877743102,0.3644560633713677,0.44377077198769355,0.0369413531052155,0.013982625201599447,0.8305468258473356,0.9747805207762087,0.012094804212397572,0.23577207677848816
