,Pruebas,coef(a)_6am-MLP,rsquared_6am-MLP,Standard Error_6am-MLP,coef(b)_6am-MLP,coef(a)_Acu-6am-MLP,rsquared_Acu-6am-MLP,Standard Error_Acu-6am-MLP,coef(b)_Acu-6am-MLP,coef(a)_6am-Beysens,rsquared_6am-Beysens,Standard Error_6am-Beysens,coef(b)_6am-Beysens,coef(a)_Acu-6am-Beysens,rsquared_Acu-6am-Beysens,Standard Error_Acu-6am-Beysens,coef(b)_Acu-6am-Beysens,coef(a)_Beysens-PM,rsquared_Beysens-PM,Standard Error_Beysens-PM,coef(b)_Beysens-PM,coef(a)_Acu-Beysens-PM,rsquared_Acu-Beysens-PM,Standard Error_Acu-Beysens-PM,coef(b)_Acu-Beysens-PM,coef(a)_MLP-PM,rsquared_MLP-PM,Standard Error_MLP-PM,coef(b)_MLP-PM,coef(a)_Acu-MLP-PM,rsquared_Acu-MLP-PM,Standard Error_Acu-MLP-PM,coef(b)_Acu-MLP-PM,coef(a)_Pd-MLP-LM,rsquared_Pd-MLP-LM,Standard Error_Pd-MLP-LM,coef(b)_Pd-MLP-LM,coef(a)_Acu-Pd-MLP-LM,rsquared_Acu-Pd-MLP-LM,Standard Error_Acu-Pd-MLP-LM,coef(b)_Acu-Pd-MLP-LM,coef(a)_6am-MLP-LM,rsquared_6am-MLP-LM,Standard Error_6am-MLP-LM,coef(b)_6am-MLP-LM,coef(a)_Acu-6am-MLP-LM,rsquared_Acu-6am-MLP-LM,Standard Error_Acu-6am-MLP-LM,coef(b)_Acu-6am-MLP-LM
0,10.0,0.3556308706509662,0.3796887928118253,0.041153850638272114,0.013661423013658256,0.861021767419951,0.9876044562073384,0.008733241864441436,0.12006233656069348,0.7648331049077315,0.4491139320973917,0.07669011569875601,0.010843649028741959,1.2126541926675387,0.9874031494892053,0.012400545523158835,0.023992790928679286,-0.0018995902701145007,0.0072882178129236586,0.002007155120185226,0.007156335529316117,0.12462292305573239,0.8492211523271878,0.004754204147884771,0.034977421334453425,0.24031583404604093,0.19964143145928803,0.043563166770501933,0.024655745208705955,1.1380379860140595,0.9831292793998243,0.013497034035237719,-0.036426858287153946,0.27800997031911723,0.20745791453220552,0.049195641124194535,0.02289952179502893,0.9895996043442322,0.9885087734902915,0.006887265427849046,-0.12186518835554619,0.3025629431109321,0.3290284572460904,0.03911750609515615,0.013399417593917173,0.8004869544905808,0.9847242384871705,0.009026480841894741,0.13749633353778143
