,Pruebas,coef(a)_6am-MLP,rsquared_6am-MLP,Standard Error_6am-MLP,coef(b)_6am-MLP,coef(a)_Acu-6am-MLP,rsquared_Acu-6am-MLP,Standard Error_Acu-6am-MLP,coef(b)_Acu-6am-MLP,coef(a)_6am-Beysens,rsquared_6am-Beysens,Standard Error_6am-Beysens,coef(b)_6am-Beysens,coef(a)_Acu-6am-Beysens,rsquared_Acu-6am-Beysens,Standard Error_Acu-6am-Beysens,coef(b)_Acu-6am-Beysens,coef(a)_Beysens-PM,rsquared_Beysens-PM,Standard Error_Beysens-PM,coef(b)_Beysens-PM,coef(a)_Acu-Beysens-PM,rsquared_Acu-Beysens-PM,Standard Error_Acu-Beysens-PM,coef(b)_Acu-Beysens-PM,coef(a)_MLP-PM,rsquared_MLP-PM,Standard Error_MLP-PM,coef(b)_MLP-PM,coef(a)_Acu-MLP-PM,rsquared_Acu-MLP-PM,Standard Error_Acu-MLP-PM,coef(b)_Acu-MLP-PM,coef(a)_Pd-MLP-LM,rsquared_Pd-MLP-LM,Standard Error_Pd-MLP-LM,coef(b)_Pd-MLP-LM,coef(a)_Acu-Pd-MLP-LM,rsquared_Acu-Pd-MLP-LM,Standard Error_Acu-Pd-MLP-LM,coef(b)_Acu-Pd-MLP-LM,coef(a)_6am-MLP-LM,rsquared_6am-MLP-LM,Standard Error_6am-MLP-LM,coef(b)_6am-MLP-LM,coef(a)_Acu-6am-MLP-LM,rsquared_Acu-6am-MLP-LM,Standard Error_Acu-6am-MLP-LM,coef(b)_Acu-6am-MLP-LM
0,3.0,0.2826489438863635,0.32311693240633366,0.037037732059586936,0.018328205518354533,0.9814177726379132,0.9842777609145403,0.011229808790970314,-0.13236072470168822,0.41999408997527016,0.2369640801105255,0.06823300462258947,0.013123810077985573,0.8940174837679807,0.9762840814756122,0.012615311177047507,-0.11100546570469637,-0.002158346107743114,0.0046929976722303035,0.0028457355119385188,0.007534196635516919,0.23601957696618384,0.8795747936154752,0.007906611947575552,-0.003498690245250029,0.34919998454104767,0.2915735177393982,0.049279654890679356,0.026713946111644925,1.4938453728070837,0.987604461106072,0.015151893710258765,0.08420393480257359,0.5202811517739059,0.23118901883188592,0.08589827197571087,0.023377185918080037,0.9615058393408417,0.995000225345664,0.004399566946838228,0.12043321880647018,0.3165063850816527,0.37256496918587,0.03718655458707801,0.012468392195084598,0.7834407222148656,0.9868088165393996,0.008200712644532348,-0.053898262405781286
