,Pruebas,coef(a)_6am-MLP,rsquared_6am-MLP,Standard Error_6am-MLP,coef(b)_6am-MLP,coef(a)_Acu-6am-MLP,rsquared_Acu-6am-MLP,Standard Error_Acu-6am-MLP,coef(b)_Acu-6am-MLP,coef(a)_6am-Beysens,rsquared_6am-Beysens,Standard Error_6am-Beysens,coef(b)_6am-Beysens,coef(a)_Acu-6am-Beysens,rsquared_Acu-6am-Beysens,Standard Error_Acu-6am-Beysens,coef(b)_Acu-6am-Beysens,coef(a)_Beysens-PM,rsquared_Beysens-PM,Standard Error_Beysens-PM,coef(b)_Beysens-PM,coef(a)_Acu-Beysens-PM,rsquared_Acu-Beysens-PM,Standard Error_Acu-Beysens-PM,coef(b)_Acu-Beysens-PM,coef(a)_MLP-PM,rsquared_MLP-PM,Standard Error_MLP-PM,coef(b)_MLP-PM,coef(a)_Acu-MLP-PM,rsquared_Acu-MLP-PM,Standard Error_Acu-MLP-PM,coef(b)_Acu-MLP-PM,coef(a)_Pd-MLP-LM,rsquared_Pd-MLP-LM,Standard Error_Pd-MLP-LM,coef(b)_Pd-MLP-LM,coef(a)_Acu-Pd-MLP-LM,rsquared_Acu-Pd-MLP-LM,Standard Error_Acu-Pd-MLP-LM,coef(b)_Acu-Pd-MLP-LM,coef(a)_6am-MLP-LM,rsquared_6am-MLP-LM,Standard Error_6am-MLP-LM,coef(b)_6am-MLP-LM,coef(a)_Acu-6am-MLP-LM,rsquared_Acu-6am-MLP-LM,Standard Error_Acu-6am-MLP-LM,coef(b)_Acu-6am-MLP-LM
0,1.0,0.36490655124903987,0.3897614421175062,0.041338251855687624,0.017609918690071016,0.9899460704564589,0.9667606342674128,0.016618755823697835,0.3575594820816234,0.7207654565257081,0.40870864696889453,0.078488838087632,0.011647812245876597,1.0207366625692842,0.9593974753898264,0.019011265722787087,0.3748132587884694,0.0003416253013486236,0.002794080674283439,0.0005843096591115972,0.00034334224473888026,0.020216838682489725,0.6265504487300235,0.0014130947362643194,0.02246650131301793,0.2414162208515845,0.23946018313904482,0.0389520984428776,0.02679399806777294,1.2605059852828988,0.9667466886020076,0.021165381415740946,0.31254176551095514,0.3033363562308672,0.26190132245261677,0.04610339558450172,0.025233091575273273,0.9346640488946122,0.992241685816706,0.005334882577522506,0.076973263889796,0.35808074465091444,0.49951206206154164,0.03245076182211084,0.015182437998358932,0.8598239688803573,0.9714045972809758,0.013356038569556618,0.3377343861206118
