,Pruebas,coef(a)_6am-MLP,rsquared_6am-MLP,Standard Error_6am-MLP,coef(b)_6am-MLP,coef(a)_Acu-6am-MLP,rsquared_Acu-6am-MLP,Standard Error_Acu-6am-MLP,coef(b)_Acu-6am-MLP,coef(a)_6am-Beysens,rsquared_6am-Beysens,Standard Error_6am-Beysens,coef(b)_6am-Beysens,coef(a)_Acu-6am-Beysens,rsquared_Acu-6am-Beysens,Standard Error_Acu-6am-Beysens,coef(b)_Acu-6am-Beysens,coef(a)_Beysens-PM,rsquared_Beysens-PM,Standard Error_Beysens-PM,coef(b)_Beysens-PM,coef(a)_Acu-Beysens-PM,rsquared_Acu-Beysens-PM,Standard Error_Acu-Beysens-PM,coef(b)_Acu-Beysens-PM,coef(a)_MLP-PM,rsquared_MLP-PM,Standard Error_MLP-PM,coef(b)_MLP-PM,coef(a)_Acu-MLP-PM,rsquared_Acu-MLP-PM,Standard Error_Acu-MLP-PM,coef(b)_Acu-MLP-PM,coef(a)_Pd-MLP-LM,rsquared_Pd-MLP-LM,Standard Error_Pd-MLP-LM,coef(b)_Pd-MLP-LM,coef(a)_Acu-Pd-MLP-LM,rsquared_Acu-Pd-MLP-LM,Standard Error_Acu-Pd-MLP-LM,coef(b)_Acu-Pd-MLP-LM,coef(a)_6am-MLP-LM,rsquared_6am-MLP-LM,Standard Error_6am-MLP-LM,coef(b)_6am-MLP-LM,coef(a)_Acu-6am-MLP-LM,rsquared_Acu-6am-MLP-LM,Standard Error_Acu-6am-MLP-LM,coef(b)_Acu-6am-MLP-LM
0,4.0,0.4914354331736572,0.27772741499059406,0.07175095858157203,0.023397954746053877,1.6643693026290252,0.9495327848856361,0.034739172345560974,-0.1345804218402215,0.7371392758670527,0.37067190703109787,0.08695876427475016,0.013056585719294921,1.42914805527812,0.9651468742166406,0.024587901798015947,-0.2707283151361213,0.000789954800737476,0.0010059171399582345,0.002253837918809148,0.0017610175518052989,0.1555890892336121,0.7706398224114259,0.007684798911122846,-0.07101324558705081,0.3753008243004683,0.24437401765785227,0.059748295111859626,0.02956903692580053,1.9356954871513714,0.9366142363645661,0.04559031640803437,-0.41456218137576883,0.4691967370206851,0.18440111641025525,0.08933704716346015,0.02623336134383849,1.0669295869975786,0.995637760430483,0.004558628639144864,0.24372985362541605,0.4125597353222788,0.19838168591424343,0.07508270451189736,0.022286838911838018,1.5142366511345842,0.943423494438171,0.03357210354924023,-0.08816810100346811
