,Pruebas,coef(a)_6am-MLP,rsquared_6am-MLP,Standard Error_6am-MLP,coef(b)_6am-MLP,coef(a)_Acu-6am-MLP,rsquared_Acu-6am-MLP,Standard Error_Acu-6am-MLP,coef(b)_Acu-6am-MLP,coef(a)_6am-Beysens,rsquared_6am-Beysens,Standard Error_6am-Beysens,coef(b)_6am-Beysens,coef(a)_Acu-6am-Beysens,rsquared_Acu-6am-Beysens,Standard Error_Acu-6am-Beysens,coef(b)_Acu-6am-Beysens,coef(a)_Beysens-PM,rsquared_Beysens-PM,Standard Error_Beysens-PM,coef(b)_Beysens-PM,coef(a)_Acu-Beysens-PM,rsquared_Acu-Beysens-PM,Standard Error_Acu-Beysens-PM,coef(b)_Acu-Beysens-PM,coef(a)_MLP-PM,rsquared_MLP-PM,Standard Error_MLP-PM,coef(b)_MLP-PM,coef(a)_Acu-MLP-PM,rsquared_Acu-MLP-PM,Standard Error_Acu-MLP-PM,coef(b)_Acu-MLP-PM,coef(a)_Pd-MLP-LM,rsquared_Pd-MLP-LM,Standard Error_Pd-MLP-LM,coef(b)_Pd-MLP-LM,coef(a)_Acu-Pd-MLP-LM,rsquared_Acu-Pd-MLP-LM,Standard Error_Acu-Pd-MLP-LM,coef(b)_Acu-Pd-MLP-LM,coef(a)_6am-MLP-LM,rsquared_6am-MLP-LM,Standard Error_6am-MLP-LM,coef(b)_6am-MLP-LM,coef(a)_Acu-6am-MLP-LM,rsquared_Acu-6am-MLP-LM,Standard Error_Acu-6am-MLP-LM,coef(b)_Acu-6am-MLP-LM
0,5.0,0.37677647783209284,0.39500765793964954,0.0422158977487618,0.016903227729005897,0.9023266328630691,0.9517958361415106,0.0183846022142025,0.05310802643106517,0.509791234944508,0.26342284484074674,0.07717823699203612,0.01622602852876364,1.0012321351278817,0.9223707732202676,0.026297516021506852,0.14533514830388675,-0.001641075953402567,0.007305470917028156,0.0017319385246127657,0.006142387280575391,0.11117880862547125,0.6878128633320155,0.006781323394949361,0.07031709732034991,0.26323930554126906,0.2531641856065393,0.040933818430861864,0.02221770017395589,0.9911775369527493,0.9309303202723629,0.02444312165158924,0.1753274597509899,0.27437954384215957,0.25511592989465715,0.042447032137959625,0.020191983604979622,0.9831457702881683,0.9858791629543646,0.007595050590423981,-0.22692384952497302,0.3356280692406337,0.4455831110553683,0.033894733324367536,0.016172735652636154,0.8221797337621323,0.9612276609129506,0.014949777340902831,0.00019870795558294546
