,Pruebas,coef(a)_6am-MLP,rsquared_6am-MLP,Standard Error_6am-MLP,coef(b)_6am-MLP,coef(a)_Acu-6am-MLP,rsquared_Acu-6am-MLP,Standard Error_Acu-6am-MLP,coef(b)_Acu-6am-MLP,coef(a)_6am-Beysens,rsquared_6am-Beysens,Standard Error_6am-Beysens,coef(b)_6am-Beysens,coef(a)_Acu-6am-Beysens,rsquared_Acu-6am-Beysens,Standard Error_Acu-6am-Beysens,coef(b)_Acu-6am-Beysens,coef(a)_Beysens-PM,rsquared_Beysens-PM,Standard Error_Beysens-PM,coef(b)_Beysens-PM,coef(a)_Acu-Beysens-PM,rsquared_Acu-Beysens-PM,Standard Error_Acu-Beysens-PM,coef(b)_Acu-Beysens-PM,coef(a)_MLP-PM,rsquared_MLP-PM,Standard Error_MLP-PM,coef(b)_MLP-PM,coef(a)_Acu-MLP-PM,rsquared_Acu-MLP-PM,Standard Error_Acu-MLP-PM,coef(b)_Acu-MLP-PM,coef(a)_Pd-MLP-LM,rsquared_Pd-MLP-LM,Standard Error_Pd-MLP-LM,coef(b)_Pd-MLP-LM,coef(a)_Acu-Pd-MLP-LM,rsquared_Acu-Pd-MLP-LM,Standard Error_Acu-Pd-MLP-LM,coef(b)_Acu-Pd-MLP-LM,coef(a)_6am-MLP-LM,rsquared_6am-MLP-LM,Standard Error_6am-MLP-LM,coef(b)_6am-MLP-LM,coef(a)_Acu-6am-MLP-LM,rsquared_Acu-6am-MLP-LM,Standard Error_Acu-6am-MLP-LM,coef(b)_Acu-6am-MLP-LM
0,4.0,0.4271260751097721,0.3722807292588446,0.05021386458242711,0.01708663814276007,0.9973109583489641,0.9935121138539651,0.007296518719170619,0.042780048867987544,0.61990063157409,0.2673167948936781,0.0929152840916093,0.014569860832746277,1.2182312888367244,0.9669796764520817,0.02038129726554035,-0.008356552049916116,-0.001465541739789642,0.006787991107908953,0.0016049763056476935,0.006074402710774017,0.10051474918676448,0.7999029719119981,0.0045514685062333325,0.06573531769844944,0.34798653269988583,0.14436408140994472,0.07670037532868829,0.029860149341980818,1.2437597465124304,0.9776601967505679,0.017021674811386237,0.4580955646724812,0.5859113782871934,0.15610992935689227,0.12333312292856324,0.03256418630667817,0.9919708681478354,0.9914737008142942,0.005937901392796074,0.4973378105919701,0.4423551669144947,0.433417253498242,0.04578990862346893,0.017069109915471562,1.0111959737426663,0.9927508765650918,0.007823084562646253,0.00976692675461592
