,Pruebas,coef(a)_6am-MLP,rsquared_6am-MLP,Standard Error_6am-MLP,coef(b)_6am-MLP,coef(a)_Acu-6am-MLP,rsquared_Acu-6am-MLP,Standard Error_Acu-6am-MLP,coef(b)_Acu-6am-MLP,coef(a)_6am-Beysens,rsquared_6am-Beysens,Standard Error_6am-Beysens,coef(b)_6am-Beysens,coef(a)_Acu-6am-Beysens,rsquared_Acu-6am-Beysens,Standard Error_Acu-6am-Beysens,coef(b)_Acu-6am-Beysens,coef(a)_Beysens-PM,rsquared_Beysens-PM,Standard Error_Beysens-PM,coef(b)_Beysens-PM,coef(a)_Acu-Beysens-PM,rsquared_Acu-Beysens-PM,Standard Error_Acu-Beysens-PM,coef(b)_Acu-Beysens-PM,coef(a)_MLP-PM,rsquared_MLP-PM,Standard Error_MLP-PM,coef(b)_MLP-PM,coef(a)_Acu-MLP-PM,rsquared_Acu-MLP-PM,Standard Error_Acu-MLP-PM,coef(b)_Acu-MLP-PM,coef(a)_Pd-MLP-LM,rsquared_Pd-MLP-LM,Standard Error_Pd-MLP-LM,coef(b)_Pd-MLP-LM,coef(a)_Acu-Pd-MLP-LM,rsquared_Acu-Pd-MLP-LM,Standard Error_Acu-Pd-MLP-LM,coef(b)_Acu-Pd-MLP-LM,coef(a)_6am-MLP-LM,rsquared_6am-MLP-LM,Standard Error_6am-MLP-LM,coef(b)_6am-MLP-LM,coef(a)_Acu-6am-MLP-LM,rsquared_Acu-6am-MLP-LM,Standard Error_Acu-6am-MLP-LM,coef(b)_Acu-6am-MLP-LM
0,7.0,0.3627277149539677,0.3713206262299952,0.04273078493560576,0.020617042625613792,0.8289495388746442,0.9925025339840812,0.006522883458887811,0.3499822348066056,0.6468867429818426,0.37269807483291884,0.07598153641431189,0.019352192713989882,1.1162047545061675,0.9876846602679975,0.01128438764464536,0.30909392074463904,-0.0009080946293247337,0.004059260820442723,0.001287788261710075,0.005603700569172608,0.11157782786900247,0.9429287853941116,0.0024852329213278725,0.039915908758879536,0.29427579552321886,0.27167861065968124,0.04362228737382249,0.03010783960460773,1.0730590763946632,0.9913403918639253,0.009079907780142714,0.3980952346304351,0.3488857608718708,0.2913305069451485,0.049264291216327874,0.0288313390441716,1.0336948118931373,0.9966957926569158,0.0038418380180588563,0.1858627859162253,0.33464157867532524,0.35296408610707475,0.04102030547571699,0.02195352240148843,0.8261002359774293,0.9897316610700961,0.007618056670449039,0.3700570419436423
