Unnamed: 0,Pruebas,coef(a)_6am-MLP,rsquared_6am-MLP,Standard Error_6am-MLP,coef(b)_6am-MLP,coef(a)_Acu-6am-MLP,rsquared_Acu-6am-MLP,Standard Error_Acu-6am-MLP,coef(b)_Acu-6am-MLP,coef(a)_6am-Beysens,rsquared_6am-Beysens,Standard Error_6am-Beysens,coef(b)_6am-Beysens,coef(a)_Acu-6am-Beysens,rsquared_Acu-6am-Beysens,Standard Error_Acu-6am-Beysens,coef(b)_Acu-6am-Beysens,coef(a)_Beysens-PM,rsquared_Beysens-PM,Standard Error_Beysens-PM,coef(b)_Beysens-PM,coef(a)_Acu-Beysens-PM,rsquared_Acu-Beysens-PM,Standard Error_Acu-Beysens-PM,coef(b)_Acu-Beysens-PM,coef(a)_MLP-PM,rsquared_MLP-PM,Standard Error_MLP-PM,coef(b)_MLP-PM,coef(a)_Acu-MLP-PM,rsquared_Acu-MLP-PM,Standard Error_Acu-MLP-PM,coef(b)_Acu-MLP-PM,coef(a)_Pd-MLP-LM,rsquared_Pd-MLP-LM,Standard Error_Pd-MLP-LM,coef(b)_Pd-MLP-LM,coef(a)_Acu-Pd-MLP-LM,rsquared_Acu-Pd-MLP-LM,Standard Error_Acu-Pd-MLP-LM,coef(b)_Acu-Pd-MLP-LM,coef(a)_6am-MLP-LM,rsquared_6am-MLP-LM,Standard Error_6am-MLP-LM,coef(b)_6am-MLP-LM,coef(a)_Acu-6am-MLP-LM,rsquared_Acu-6am-MLP-LM,Standard Error_Acu-6am-MLP-LM,coef(b)_Acu-6am-MLP-LM
0,10.0,0.6768073391149614,0.4246656834960825,0.07132169854601693,0.020214107195763338,1.4729065326275217,0.9882887949644796,0.014516239666316919,0.09651743326189947,0.906875167335638,0.4338758942550377,0.0937865709848764,0.0121453456232359,1.3714505926593077,0.9895750945832184,0.012744181107519835,0.20479176017839928,-0.0016718867908579508,0.005121246215599395,0.002109716994889645,0.005367903956469064,0.1614227562266361,0.8336270914337514,0.006528903320446025,0.010931519122122112,0.34743615521055765,0.2639980637813488,0.05252114371671221,0.025045174350849343,1.3283427154308658,0.9901650063166324,0.011985702107209029,0.1913706701172851,0.3522576945697218,0.2605496514736205,0.05372665532531765,0.020311806613603663,0.9935632361929292,0.9913987368558896,0.005973747050897268,0.04221764626559996,0.6380733424219331,0.370075553365086,0.07536847685934106,0.018140833365864698,1.3625193040662027,0.9809317009185125,0.017198847327694826,-0.013819869462676132
