,Pruebas,coef(a)_6am-MLP,rsquared_6am-MLP,Standard Error_6am-MLP,coef(b)_6am-MLP,coef(a)_Acu-6am-MLP,rsquared_Acu-6am-MLP,Standard Error_Acu-6am-MLP,coef(b)_Acu-6am-MLP,coef(a)_6am-Beysens,rsquared_6am-Beysens,Standard Error_6am-Beysens,coef(b)_6am-Beysens,coef(a)_Acu-6am-Beysens,rsquared_Acu-6am-Beysens,Standard Error_Acu-6am-Beysens,coef(b)_Acu-6am-Beysens,coef(a)_Beysens-PM,rsquared_Beysens-PM,Standard Error_Beysens-PM,coef(b)_Beysens-PM,coef(a)_Acu-Beysens-PM,rsquared_Acu-Beysens-PM,Standard Error_Acu-Beysens-PM,coef(b)_Acu-Beysens-PM,coef(a)_MLP-PM,rsquared_MLP-PM,Standard Error_MLP-PM,coef(b)_MLP-PM,coef(a)_Acu-MLP-PM,rsquared_Acu-MLP-PM,Standard Error_Acu-MLP-PM,coef(b)_Acu-MLP-PM,coef(a)_Pd-MLP-LM,rsquared_Pd-MLP-LM,Standard Error_Pd-MLP-LM,coef(b)_Pd-MLP-LM,coef(a)_Acu-Pd-MLP-LM,rsquared_Acu-Pd-MLP-LM,Standard Error_Acu-Pd-MLP-LM,coef(b)_Acu-Pd-MLP-LM,coef(a)_6am-MLP-LM,rsquared_6am-MLP-LM,Standard Error_6am-MLP-LM,coef(b)_6am-MLP-LM,coef(a)_Acu-6am-MLP-LM,rsquared_Acu-6am-MLP-LM,Standard Error_Acu-6am-MLP-LM,coef(b)_Acu-6am-MLP-LM
0,8.0,0.46181148587782683,0.3747603497558605,0.05400465909998044,0.019195509821561846,1.2937823208009172,0.9877621609760315,0.013037894769508795,-0.28319520702491086,0.6003691228724898,0.2563321449574152,0.09258196663925473,0.015693887821994535,1.335142614517388,0.947450127462187,0.028467897707389715,-0.1821325633766886,-0.0031908234460571493,0.022388098536710865,0.0019089629276202987,0.009159828233464763,0.09951108746114462,0.7726999899208267,0.0048863641729049835,0.13166685711498985,0.2711018410931514,0.17664058243540814,0.05299099173391465,0.028165862644711038,1.3620653325914758,0.9824174713284449,0.016497215681892278,-0.0813544940343498,0.30144665513701785,0.1811308523528472,0.058028539875316844,0.025528730714820175,1.0003060953278726,0.9920134356973028,0.005793600079304415,-0.2658754206837525,0.4283449169442318,0.26066463478504753,0.06531205708969536,0.019260622208696256,1.3501304766598041,0.980040124579171,0.017444270393107173,-0.5075636235162657
