,Pruebas,coef(a)_6am-MLP,rsquared_6am-MLP,Standard Error_6am-MLP,coef(b)_6am-MLP,coef(a)_Acu-6am-MLP,rsquared_Acu-6am-MLP,Standard Error_Acu-6am-MLP,coef(b)_Acu-6am-MLP,coef(a)_6am-Beysens,rsquared_6am-Beysens,Standard Error_6am-Beysens,coef(b)_6am-Beysens,coef(a)_Acu-6am-Beysens,rsquared_Acu-6am-Beysens,Standard Error_Acu-6am-Beysens,coef(b)_Acu-6am-Beysens,coef(a)_Beysens-PM,rsquared_Beysens-PM,Standard Error_Beysens-PM,coef(b)_Beysens-PM,coef(a)_Acu-Beysens-PM,rsquared_Acu-Beysens-PM,Standard Error_Acu-Beysens-PM,coef(b)_Acu-Beysens-PM,coef(a)_MLP-PM,rsquared_MLP-PM,Standard Error_MLP-PM,coef(b)_MLP-PM,coef(a)_Acu-MLP-PM,rsquared_Acu-MLP-PM,Standard Error_Acu-MLP-PM,coef(b)_Acu-MLP-PM,coef(a)_Pd-MLP-LM,rsquared_Pd-MLP-LM,Standard Error_Pd-MLP-LM,coef(b)_Pd-MLP-LM,coef(a)_Acu-Pd-MLP-LM,rsquared_Acu-Pd-MLP-LM,Standard Error_Acu-Pd-MLP-LM,coef(b)_Acu-Pd-MLP-LM,coef(a)_6am-MLP-LM,rsquared_6am-MLP-LM,Standard Error_6am-MLP-LM,coef(b)_6am-MLP-LM,coef(a)_Acu-6am-MLP-LM,rsquared_Acu-6am-MLP-LM,Standard Error_Acu-6am-MLP-LM,coef(b)_Acu-6am-MLP-LM
0,6.0,0.41213647488729405,0.446190741652399,0.04157008861009052,0.017723405599392623,0.9588549963315194,0.9819559162791901,0.011767777262349788,-0.21559481268523112,0.5943870185845472,0.3453363529499359,0.0740930315022954,0.016465003059329648,1.037503439573568,0.9828765371320001,0.012398123098937244,0.09812708462117245,0.001000313406087541,0.0023382917038710094,0.0018706755987666077,0.0012069062231506453,0.13108389671725354,0.9093099194706323,0.0037479462778474476,-0.10410119074853841,0.32053864666909715,0.3638837493924354,0.038369611353291005,0.021476535109778025,1.0378048190695726,0.9616112605589625,0.018773183441274342,-0.3561888575867663,0.3557750301804016,0.3906934897336498,0.04022493504142979,0.019476441454554974,1.091431434791657,0.9931637499201492,0.005845065446026582,-0.04692418384286087,0.36096790760420217,0.4565278435794189,0.035656907546016144,0.01631244500687257,0.8594589875848374,0.9808361188918542,0.010876489644693343,-0.13667404230272373
