,Pruebas,coef(a)_6am-MLP,rsquared_6am-MLP,Standard Error_6am-MLP,coef(b)_6am-MLP,coef(a)_Acu-6am-MLP,rsquared_Acu-6am-MLP,Standard Error_Acu-6am-MLP,coef(b)_Acu-6am-MLP,coef(a)_6am-Beysens,rsquared_6am-Beysens,Standard Error_6am-Beysens,coef(b)_6am-Beysens,coef(a)_Acu-6am-Beysens,rsquared_Acu-6am-Beysens,Standard Error_Acu-6am-Beysens,coef(b)_Acu-6am-Beysens,coef(a)_Beysens-PM,rsquared_Beysens-PM,Standard Error_Beysens-PM,coef(b)_Beysens-PM,coef(a)_Acu-Beysens-PM,rsquared_Acu-Beysens-PM,Standard Error_Acu-Beysens-PM,coef(b)_Acu-Beysens-PM,coef(a)_MLP-PM,rsquared_MLP-PM,Standard Error_MLP-PM,coef(b)_MLP-PM,coef(a)_Acu-MLP-PM,rsquared_Acu-MLP-PM,Standard Error_Acu-MLP-PM,coef(b)_Acu-MLP-PM,coef(a)_Pd-MLP-LM,rsquared_Pd-MLP-LM,Standard Error_Pd-MLP-LM,coef(b)_Pd-MLP-LM,coef(a)_Acu-Pd-MLP-LM,rsquared_Acu-Pd-MLP-LM,Standard Error_Acu-Pd-MLP-LM,coef(b)_Acu-Pd-MLP-LM,coef(a)_6am-MLP-LM,rsquared_6am-MLP-LM,Standard Error_6am-MLP-LM,coef(b)_6am-MLP-LM,coef(a)_Acu-6am-MLP-LM,rsquared_Acu-6am-MLP-LM,Standard Error_Acu-6am-MLP-LM,coef(b)_Acu-6am-MLP-LM
0,3.0,0.7952707326977004,0.2268343722759133,0.13292813386749608,0.019691803056618492,1.7981429156121762,0.9688210246671898,0.029204745842176225,0.055696239893744906,0.8814503372395073,0.3816803959014774,0.10157211928346176,0.008935533145414745,1.4280729806717534,0.9494723855909033,0.02982591081572804,-0.2932943314311117,0.015276587837606251,0.0014073035689959879,0.03684230082444338,0.0022307415141502125,0.1328213187730299,0.70262970427674,0.007823001473089787,-0.10663125467473145,0.42511274567867846,0.27498918346336665,0.06249404618263246,0.025208545834451722,1.9131327244674345,0.9666110776865501,0.03219144719566748,-0.9106507474279291,0.464625187912427,0.2783773305579379,0.06772686197270225,0.023664546688770008,1.0057172338465492,0.9981964878577029,0.002759445281607018,0.03990117446175925,0.5155347601999649,0.21095654540787068,0.09026763029575008,0.016659467461567802,1.4641172699304708,0.9815454966081952,0.018175732094025777,-0.08005984729354983
