,Pruebas,coef(a)_6am-MLP,rsquared_6am-MLP,Standard Error_6am-MLP,coef(b)_6am-MLP,coef(a)_Acu-6am-MLP,rsquared_Acu-6am-MLP,Standard Error_Acu-6am-MLP,coef(b)_Acu-6am-MLP,coef(a)_6am-Beysens,rsquared_6am-Beysens,Standard Error_6am-Beysens,coef(b)_6am-Beysens,coef(a)_Acu-6am-Beysens,rsquared_Acu-6am-Beysens,Standard Error_Acu-6am-Beysens,coef(b)_Acu-6am-Beysens,coef(a)_Beysens-PM,rsquared_Beysens-PM,Standard Error_Beysens-PM,coef(b)_Beysens-PM,coef(a)_Acu-Beysens-PM,rsquared_Acu-Beysens-PM,Standard Error_Acu-Beysens-PM,coef(b)_Acu-Beysens-PM,coef(a)_MLP-PM,rsquared_MLP-PM,Standard Error_MLP-PM,coef(b)_MLP-PM,coef(a)_Acu-MLP-PM,rsquared_Acu-MLP-PM,Standard Error_Acu-MLP-PM,coef(b)_Acu-MLP-PM,coef(a)_Pd-MLP-LM,rsquared_Pd-MLP-LM,Standard Error_Pd-MLP-LM,coef(b)_Pd-MLP-LM,coef(a)_Acu-Pd-MLP-LM,rsquared_Acu-Pd-MLP-LM,Standard Error_Acu-Pd-MLP-LM,coef(b)_Acu-Pd-MLP-LM,coef(a)_6am-MLP-LM,rsquared_6am-MLP-LM,Standard Error_6am-MLP-LM,coef(b)_6am-MLP-LM,coef(a)_Acu-6am-MLP-LM,rsquared_Acu-6am-MLP-LM,Standard Error_Acu-6am-MLP-LM,coef(b)_Acu-6am-MLP-LM
0,9.0,0.4894215819350366,0.43134931999074955,0.050875817899012986,0.020770486647091625,1.1739915710268067,0.981401030100362,0.014632086346109569,-0.31947842939307225,0.7304617152172199,0.4370299031907616,0.07505932075022809,0.01435025566259379,1.2287973693149,0.9806976034965628,0.015607682320568701,-0.49141226851387415,0.000330509404389344,0.00020992406485897952,0.0020650339847801662,0.0034336128578298453,0.17086986202045001,0.8775754884366054,0.005777999516458019,-0.11958987850964273,0.21093736088061096,0.1673525500648112,0.04259788266087859,0.02114209615783874,0.9564051915533379,0.9724765928931479,0.014567114299834353,-0.35495841052537014,0.22423182217841742,0.1753439208373212,0.044025921059156405,0.01961592094465313,1.051249701381067,0.9810972086523093,0.009419052438923872,-0.4682717063877717,-4.336808689942018e-19,-inf,1.3329991511268856e-17,0.028427034616470327,0.8626024760147646,0.9621300333910406,0.015493921861985912,-0.27756189575710066
