,Pruebas,coef(a)_6am-MLP,rsquared_6am-MLP,Standard Error_6am-MLP,coef(b)_6am-MLP,coef(a)_Acu-6am-MLP,rsquared_Acu-6am-MLP,Standard Error_Acu-6am-MLP,coef(b)_Acu-6am-MLP,coef(a)_6am-Beysens,rsquared_6am-Beysens,Standard Error_6am-Beysens,coef(b)_6am-Beysens,coef(a)_Acu-6am-Beysens,rsquared_Acu-6am-Beysens,Standard Error_Acu-6am-Beysens,coef(b)_Acu-6am-Beysens,coef(a)_Beysens-PM,rsquared_Beysens-PM,Standard Error_Beysens-PM,coef(b)_Beysens-PM,coef(a)_Acu-Beysens-PM,rsquared_Acu-Beysens-PM,Standard Error_Acu-Beysens-PM,coef(b)_Acu-Beysens-PM,coef(a)_MLP-PM,rsquared_MLP-PM,Standard Error_MLP-PM,coef(b)_MLP-PM,coef(a)_Acu-MLP-PM,rsquared_Acu-MLP-PM,Standard Error_Acu-MLP-PM,coef(b)_Acu-MLP-PM,coef(a)_Pd-MLP-LM,rsquared_Pd-MLP-LM,Standard Error_Pd-MLP-LM,coef(b)_Pd-MLP-LM,coef(a)_Acu-Pd-MLP-LM,rsquared_Acu-Pd-MLP-LM,Standard Error_Acu-Pd-MLP-LM,coef(b)_Acu-Pd-MLP-LM,coef(a)_6am-MLP-LM,rsquared_6am-MLP-LM,Standard Error_6am-MLP-LM,coef(b)_6am-MLP-LM,coef(a)_Acu-6am-MLP-LM,rsquared_Acu-6am-MLP-LM,Standard Error_Acu-6am-MLP-LM,coef(b)_Acu-6am-MLP-LM
0,2.0,0.6238744565723835,0.3727592576983595,0.07326899332530337,0.016336975871315683,1.2100030372556811,0.9804873906826054,0.01545408207384971,0.2368162563696879,0.719610888806216,0.33417480024082835,0.09196256507951513,0.014790927143239346,1.258026383761135,0.9815116109764563,0.015631895700028015,0.09986239229573646,0.06387791183809846,0.01258676150010929,0.051222794328452004,0.0047401814379234575,0.23402358596344291,0.9094978809384103,0.006683566026075838,0.19732657568594647,0.38304543104745237,0.17505595959519193,0.07528251591023138,0.0263819484815373,1.4878484857298109,0.9870868013294081,0.015406998305676873,0.16516474005875076,0.5073706849718699,0.1934812655886139,0.09378496397298083,0.02304987047208677,1.06993296388377,0.9943577379742312,0.005202429979974413,-0.16151657690856666,0.5083789395831162,0.3002956374140474,0.07025713484319904,0.015910320282959,1.077734916384824,0.9816321963197353,0.013347079660889412,0.23921953985532188
