,Pruebas,coef(a)_6am-MLP,rsquared_6am-MLP,Standard Error_6am-MLP,coef(b)_6am-MLP,coef(a)_Acu-6am-MLP,rsquared_Acu-6am-MLP,Standard Error_Acu-6am-MLP,coef(b)_Acu-6am-MLP,coef(a)_6am-Beysens,rsquared_6am-Beysens,Standard Error_6am-Beysens,coef(b)_6am-Beysens,coef(a)_Acu-6am-Beysens,rsquared_Acu-6am-Beysens,Standard Error_Acu-6am-Beysens,coef(b)_Acu-6am-Beysens,coef(a)_Beysens-PM,rsquared_Beysens-PM,Standard Error_Beysens-PM,coef(b)_Beysens-PM,coef(a)_Acu-Beysens-PM,rsquared_Acu-Beysens-PM,Standard Error_Acu-Beysens-PM,coef(b)_Acu-Beysens-PM,coef(a)_MLP-PM,rsquared_MLP-PM,Standard Error_MLP-PM,coef(b)_MLP-PM,coef(a)_Acu-MLP-PM,rsquared_Acu-MLP-PM,Standard Error_Acu-MLP-PM,coef(b)_Acu-MLP-PM,coef(a)_Pd-MLP-LM,rsquared_Pd-MLP-LM,Standard Error_Pd-MLP-LM,coef(b)_Pd-MLP-LM,coef(a)_Acu-Pd-MLP-LM,rsquared_Acu-Pd-MLP-LM,Standard Error_Acu-Pd-MLP-LM,coef(b)_Acu-Pd-MLP-LM,coef(a)_6am-MLP-LM,rsquared_6am-MLP-LM,Standard Error_6am-MLP-LM,coef(b)_6am-MLP-LM,coef(a)_Acu-6am-MLP-LM,rsquared_Acu-6am-MLP-LM,Standard Error_Acu-6am-MLP-LM,coef(b)_Acu-6am-MLP-LM
0,1.0,0.48273798357927156,0.4680554997972417,0.0465925002800106,0.019515173109537126,1.1860758210140587,0.9661665069654076,0.02009462780999514,0.32122333766874467,0.6818900804453436,0.37878943513154406,0.07905966052747063,0.013774324081236633,1.1025515336991973,0.960266360856611,0.02030496738926756,0.5755379055945349,-0.0014738657947989328,0.011724428425459288,0.0012250990835875923,0.004812703235003253,0.05904354616706804,0.8744430217021294,0.0020255696797813385,0.12330485302121483,0.3135596757983718,0.31413939402074886,0.04194662751666218,0.024866601989439723,1.1673283629361813,0.9728837380534455,0.01764402083171226,0.2366286312501131,0.33350438766604884,0.32518834782465,0.04349561059942987,0.023072280369454943,0.9375035346319969,0.9786195716438927,0.008944756971853977,0.6383760668940056,-3.132991300419663e-09,0.009415551515420173,7.680538533827764e-09,0.0309852367291183,1.1116582386547513,0.9672920549477046,0.01850713515814103,0.20536137078670136
