,Pruebas,coef(a)_6am-MLP,rsquared_6am-MLP,Standard Error_6am-MLP,coef(b)_6am-MLP,coef(a)_Acu-6am-MLP,rsquared_Acu-6am-MLP,Standard Error_Acu-6am-MLP,coef(b)_Acu-6am-MLP,coef(a)_6am-Beysens,rsquared_6am-Beysens,Standard Error_6am-Beysens,coef(b)_6am-Beysens,coef(a)_Acu-6am-Beysens,rsquared_Acu-6am-Beysens,Standard Error_Acu-6am-Beysens,coef(b)_Acu-6am-Beysens,coef(a)_Beysens-PM,rsquared_Beysens-PM,Standard Error_Beysens-PM,coef(b)_Beysens-PM,coef(a)_Acu-Beysens-PM,rsquared_Acu-Beysens-PM,Standard Error_Acu-Beysens-PM,coef(b)_Acu-Beysens-PM,coef(a)_MLP-PM,rsquared_MLP-PM,Standard Error_MLP-PM,coef(b)_MLP-PM,coef(a)_Acu-MLP-PM,rsquared_Acu-MLP-PM,Standard Error_Acu-MLP-PM,coef(b)_Acu-MLP-PM,coef(a)_Pd-MLP-LM,rsquared_Pd-MLP-LM,Standard Error_Pd-MLP-LM,coef(b)_Pd-MLP-LM,coef(a)_Acu-Pd-MLP-LM,rsquared_Acu-Pd-MLP-LM,Standard Error_Acu-Pd-MLP-LM,coef(b)_Acu-Pd-MLP-LM,coef(a)_6am-MLP-LM,rsquared_6am-MLP-LM,Standard Error_6am-MLP-LM,coef(b)_6am-MLP-LM,coef(a)_Acu-6am-MLP-LM,rsquared_Acu-6am-MLP-LM,Standard Error_Acu-6am-MLP-LM,coef(b)_Acu-6am-MLP-LM
0,9.0,0.312624361997995,0.1073072764601739,0.08163554800473048,0.02465332114558321,1.7026332502233479,0.9685456643880128,0.027779306687453157,-0.13362135773253603,0.22520582097562625,0.03311130609018009,0.11017924227275866,0.018730054885511747,1.2569566718878602,0.9249805955565633,0.032408646011406236,0.006973297559080625,0.0004606963103635685,0.005010727112597424,0.0005877513594627683,-0.00015617877404251114,0.023155941281484294,0.5184966344668567,0.0020202690793555775,-0.015274878789532657,0.19571366714933855,0.12403385463659855,0.04708848428003007,0.025802720102845594,1.3973695489637434,0.9623244159547657,0.02503229126362114,0.1209600586959913,0.15291249332017928,0.0559092488601991,0.05688896462599753,0.023211600415688136,1.0107601437008462,0.9990010080944013,0.002063196107962501,-0.008012747351539506,0.3679313103467786,0.09712462438910885,0.10156312760661239,0.021727428318823953,1.5733090776974645,0.9472369118600842,0.03361784951217871,-0.16036893508842948
