,Pruebas,coef(a)_6am-MLP,rsquared_6am-MLP,Standard Error_6am-MLP,coef(b)_6am-MLP,coef(a)_Acu-6am-MLP,rsquared_Acu-6am-MLP,Standard Error_Acu-6am-MLP,coef(b)_Acu-6am-MLP,coef(a)_6am-Beysens,rsquared_6am-Beysens,Standard Error_6am-Beysens,coef(b)_6am-Beysens,coef(a)_Acu-6am-Beysens,rsquared_Acu-6am-Beysens,Standard Error_Acu-6am-Beysens,coef(b)_Acu-6am-Beysens,coef(a)_Beysens-PM,rsquared_Beysens-PM,Standard Error_Beysens-PM,coef(b)_Beysens-PM,coef(a)_Acu-Beysens-PM,rsquared_Acu-Beysens-PM,Standard Error_Acu-Beysens-PM,coef(b)_Acu-Beysens-PM,coef(a)_MLP-PM,rsquared_MLP-PM,Standard Error_MLP-PM,coef(b)_MLP-PM,coef(a)_Acu-MLP-PM,rsquared_Acu-MLP-PM,Standard Error_Acu-MLP-PM,coef(b)_Acu-MLP-PM,coef(a)_Pd-MLP-LM,rsquared_Pd-MLP-LM,Standard Error_Pd-MLP-LM,coef(b)_Pd-MLP-LM,coef(a)_Acu-Pd-MLP-LM,rsquared_Acu-Pd-MLP-LM,Standard Error_Acu-Pd-MLP-LM,coef(b)_Acu-Pd-MLP-LM,coef(a)_6am-MLP-LM,rsquared_6am-MLP-LM,Standard Error_6am-MLP-LM,coef(b)_6am-MLP-LM,coef(a)_Acu-6am-MLP-LM,rsquared_Acu-6am-MLP-LM,Standard Error_Acu-6am-MLP-LM,coef(b)_Acu-6am-MLP-LM
0,10.0,0.4214123206092293,0.3439800445633119,0.052688909329093696,0.023446068349716687,1.1028302327664725,0.991291861114955,0.009358164025863685,0.14456441997494354,0.522008743828652,0.2431752067726487,0.08337500843288358,0.02097688837228715,1.0471247878391872,0.9634567263144519,0.01846316470080885,0.6857649293195449,-0.002570816902415737,0.014049669368629503,0.0019497803880984194,0.009094363640855339,0.1256148352291638,0.5946714359752372,0.009389145809583771,0.14319043578962817,0.2792585957314906,0.17668608867820335,0.054576810049628895,0.02845690720775962,1.098962585296914,0.9600396332160135,0.020298929918375543,0.43750565597732055,0.25394266184590586,0.10573695398749738,0.06686131805866391,0.02664346846162562,0.9753855636033851,0.9948899780241409,0.0045122646012448414,0.04936711141572454,0.4922231964641719,0.28177460283987776,0.07114782779133155,0.020372703259772147,1.1326344383538187,0.9895195661480295,0.010553275724518701,0.04782517060941762
