,Pruebas,coef(a)_6am-MLP,rsquared_6am-MLP,Standard Error_6am-MLP,coef(b)_6am-MLP,coef(a)_Acu-6am-MLP,rsquared_Acu-6am-MLP,Standard Error_Acu-6am-MLP,coef(b)_Acu-6am-MLP,coef(a)_6am-Beysens,rsquared_6am-Beysens,Standard Error_6am-Beysens,coef(b)_6am-Beysens,coef(a)_Acu-6am-Beysens,rsquared_Acu-6am-Beysens,Standard Error_Acu-6am-Beysens,coef(b)_Acu-6am-Beysens,coef(a)_Beysens-PM,rsquared_Beysens-PM,Standard Error_Beysens-PM,coef(b)_Beysens-PM,coef(a)_Acu-Beysens-PM,rsquared_Acu-Beysens-PM,Standard Error_Acu-Beysens-PM,coef(b)_Acu-Beysens-PM,coef(a)_MLP-PM,rsquared_MLP-PM,Standard Error_MLP-PM,coef(b)_MLP-PM,coef(a)_Acu-MLP-PM,rsquared_Acu-MLP-PM,Standard Error_Acu-MLP-PM,coef(b)_Acu-MLP-PM,coef(a)_Pd-MLP-LM,rsquared_Pd-MLP-LM,Standard Error_Pd-MLP-LM,coef(b)_Pd-MLP-LM,coef(a)_Acu-Pd-MLP-LM,rsquared_Acu-Pd-MLP-LM,Standard Error_Acu-Pd-MLP-LM,coef(b)_Acu-Pd-MLP-LM,coef(a)_6am-MLP-LM,rsquared_6am-MLP-LM,Standard Error_6am-MLP-LM,coef(b)_6am-MLP-LM,coef(a)_Acu-6am-MLP-LM,rsquared_Acu-6am-MLP-LM,Standard Error_Acu-6am-MLP-LM,coef(b)_Acu-6am-MLP-LM
0,6.0,0.3610835226749214,0.36964874571239437,0.04268982938368175,0.017961980450937595,0.8270227272167925,0.9844237977355867,0.009418402952655692,0.2672320367082787,0.7108066797280106,0.42893342784324784,0.0742540263849792,0.013254501918224908,1.0230957902958804,0.9652284324274751,0.017580590745248238,0.3775632388005535,-0.0004109642879335289,0.0006962644349283176,0.00140956730654293,0.005466600228471524,0.16032805053276944,0.90925197242755,0.004585704523173324,-0.03103973519914882,0.23240410581080742,0.1705497391562093,0.0464016551274482,0.022655673473880027,0.8194967000927276,0.9799917244794751,0.010601343829802995,0.28966595216347757,0.3055379847965492,0.252965938643423,0.04753620197172954,0.020649727966449802,1.1538572606495576,0.9881882809895985,0.008142976300562953,-0.5055366867633082,0.376024363251389,0.3953273571364603,0.042103462057314536,0.016259307880068897,0.8047317628154844,0.9578104134142131,0.015290936490497389,0.30827599367213687
