,Pruebas,coef(a)_6am-MLP,rsquared_6am-MLP,Standard Error_6am-MLP,coef(b)_6am-MLP,coef(a)_Acu-6am-MLP,rsquared_Acu-6am-MLP,Standard Error_Acu-6am-MLP,coef(b)_Acu-6am-MLP,coef(a)_6am-Beysens,rsquared_6am-Beysens,Standard Error_6am-Beysens,coef(b)_6am-Beysens,coef(a)_Acu-6am-Beysens,rsquared_Acu-6am-Beysens,Standard Error_Acu-6am-Beysens,coef(b)_Acu-6am-Beysens,coef(a)_Beysens-PM,rsquared_Beysens-PM,Standard Error_Beysens-PM,coef(b)_Beysens-PM,coef(a)_Acu-Beysens-PM,rsquared_Acu-Beysens-PM,Standard Error_Acu-Beysens-PM,coef(b)_Acu-Beysens-PM,coef(a)_MLP-PM,rsquared_MLP-PM,Standard Error_MLP-PM,coef(b)_MLP-PM,coef(a)_Acu-MLP-PM,rsquared_Acu-MLP-PM,Standard Error_Acu-MLP-PM,coef(b)_Acu-MLP-PM,coef(a)_Pd-MLP-LM,rsquared_Pd-MLP-LM,Standard Error_Pd-MLP-LM,coef(b)_Pd-MLP-LM,coef(a)_Acu-Pd-MLP-LM,rsquared_Acu-Pd-MLP-LM,Standard Error_Acu-Pd-MLP-LM,coef(b)_Acu-Pd-MLP-LM,coef(a)_6am-MLP-LM,rsquared_6am-MLP-LM,Standard Error_6am-MLP-LM,coef(b)_6am-MLP-LM,coef(a)_Acu-6am-MLP-LM,rsquared_Acu-6am-MLP-LM,Standard Error_Acu-6am-MLP-LM,coef(b)_Acu-6am-MLP-LM
0,3.0,0.33128231997760826,0.22953083829205356,0.05495098413878017,0.02131631929048329,1.1821810343654637,0.9617152559975585,0.02135471079911351,-0.3112035965343538,0.42337328027535576,0.1802287358912017,0.08174813571695447,0.017182880254590797,1.1454677429183966,0.9377169922685771,0.026727100330784157,-0.2648912434246735,0.0028427026792620146,0.019362827173787567,0.0018315606943419317,-0.00192092396127455,0.09899946902141507,0.8281279283728993,0.004083258644081624,-0.06794536881422517,0.33041321424619297,0.27641174177531225,0.04839996087100444,0.026860686686454888,1.4062937764415406,0.98226461471622,0.017108116778926173,-0.3473652141497951,0.3362643103718117,0.25645691489030764,0.05183782260866125,0.024413917060405195,1.0715904587424132,0.994939944031406,0.0049329014906197635,-0.22727934476467215,0.32785999633916457,0.3016963554950751,0.04515913952238461,0.020537444861001765,1.1343812819032388,0.9687130530281457,0.018457086711003746,-0.24200643974853916
