,Pruebas,coef(a)_6am-MLP,rsquared_6am-MLP,Standard Error_6am-MLP,coef(b)_6am-MLP,coef(a)_Acu-6am-MLP,rsquared_Acu-6am-MLP,Standard Error_Acu-6am-MLP,coef(b)_Acu-6am-MLP,coef(a)_6am-Beysens,rsquared_6am-Beysens,Standard Error_6am-Beysens,coef(b)_6am-Beysens,coef(a)_Acu-6am-Beysens,rsquared_Acu-6am-Beysens,Standard Error_Acu-6am-Beysens,coef(b)_Acu-6am-Beysens,coef(a)_Beysens-PM,rsquared_Beysens-PM,Standard Error_Beysens-PM,coef(b)_Beysens-PM,coef(a)_Acu-Beysens-PM,rsquared_Acu-Beysens-PM,Standard Error_Acu-Beysens-PM,coef(b)_Acu-Beysens-PM,coef(a)_MLP-PM,rsquared_MLP-PM,Standard Error_MLP-PM,coef(b)_MLP-PM,coef(a)_Acu-MLP-PM,rsquared_Acu-MLP-PM,Standard Error_Acu-MLP-PM,coef(b)_Acu-MLP-PM,coef(a)_Pd-MLP-LM,rsquared_Pd-MLP-LM,Standard Error_Pd-MLP-LM,coef(b)_Pd-MLP-LM,coef(a)_Acu-Pd-MLP-LM,rsquared_Acu-Pd-MLP-LM,Standard Error_Acu-Pd-MLP-LM,coef(b)_Acu-Pd-MLP-LM,coef(a)_6am-MLP-LM,rsquared_6am-MLP-LM,Standard Error_6am-MLP-LM,coef(b)_6am-MLP-LM,coef(a)_Acu-6am-MLP-LM,rsquared_Acu-6am-MLP-LM,Standard Error_Acu-6am-MLP-LM,coef(b)_Acu-6am-MLP-LM
0,7.0,0.3446565778425523,0.5240356492653674,0.029738116248153496,0.01405684180109888,0.6856714174274775,0.9930395498950784,0.005197225019571472,-0.0588258979952728,0.6154756747025507,0.43775052086308774,0.06315128222272451,0.011700660063931343,0.9267794411160987,0.9879052440283336,0.009284048181087001,-0.13814332151061842,0.10117983915812642,0.08832543711550067,0.029430056129715852,0.0011267580132891801,0.096478934928519,0.7392243359419459,0.0051879763449810285,0.1430431586738256,0.2542918465622798,0.36157820497849746,0.030591816885478268,0.02214624263370939,0.8411717835007523,0.9856669685731685,0.009183510069581442,-0.16059692278316734,0.29212280043104705,0.37170649945004297,0.03438481751683041,0.01825760688587541,1.0136249289597894,0.9959503008727856,0.004172191253314341,-0.13953179206590605,0.35449785261419714,0.5291950051357657,0.030272364424087293,0.012782849095482477,0.6804706914285668,0.992902070125895,0.005208853630029906,0.013810143223344097
