,Pruebas,coef(a)_6am-MLP,rsquared_6am-MLP,Standard Error_6am-MLP,coef(b)_6am-MLP,coef(a)_Acu-6am-MLP,rsquared_Acu-6am-MLP,Standard Error_Acu-6am-MLP,coef(b)_Acu-6am-MLP,coef(a)_6am-Beysens,rsquared_6am-Beysens,Standard Error_6am-Beysens,coef(b)_6am-Beysens,coef(a)_Acu-6am-Beysens,rsquared_Acu-6am-Beysens,Standard Error_Acu-6am-Beysens,coef(b)_Acu-6am-Beysens,coef(a)_Beysens-PM,rsquared_Beysens-PM,Standard Error_Beysens-PM,coef(b)_Beysens-PM,coef(a)_Acu-Beysens-PM,rsquared_Acu-Beysens-PM,Standard Error_Acu-Beysens-PM,coef(b)_Acu-Beysens-PM,coef(a)_MLP-PM,rsquared_MLP-PM,Standard Error_MLP-PM,coef(b)_MLP-PM,coef(a)_Acu-MLP-PM,rsquared_Acu-MLP-PM,Standard Error_Acu-MLP-PM,coef(b)_Acu-MLP-PM,coef(a)_Pd-MLP-LM,rsquared_Pd-MLP-LM,Standard Error_Pd-MLP-LM,coef(b)_Pd-MLP-LM,coef(a)_Acu-Pd-MLP-LM,rsquared_Acu-Pd-MLP-LM,Standard Error_Acu-Pd-MLP-LM,coef(b)_Acu-Pd-MLP-LM,coef(a)_6am-MLP-LM,rsquared_6am-MLP-LM,Standard Error_6am-MLP-LM,coef(b)_6am-MLP-LM,coef(a)_Acu-6am-MLP-LM,rsquared_Acu-6am-MLP-LM,Standard Error_Acu-6am-MLP-LM,coef(b)_Acu-6am-MLP-LM
0,3.0,0.500811484851462,0.46148395368300876,0.04897961735152858,0.01989943497233935,1.2175523142683258,0.9868884278646786,0.012705772326560451,-0.09104921965623934,0.7114896474262667,0.3907815852588007,0.08042816048479584,0.0163120130447565,1.3089308651665026,0.987497524218469,0.01333419483433074,-0.10404837451960398,0.0009682619127042943,0.014355307503658654,0.0007263850168896914,-0.00030427790009366447,0.04648534548120585,0.7013151096603576,0.002746541569014958,-0.032406869337360436,0.3069980860594774,0.2278462780138194,0.051166608716856285,0.027786114757142252,1.1965959074667105,0.983337988435651,0.01410197387314713,0.1458144330244547,0.30544834669185256,0.20805837614516642,0.05395253935680349,0.026110499434083004,1.0416109998497205,0.994639189417858,0.0049360822155625475,-0.056208895665589884,0.4184695742527347,0.4567141741913754,0.0413214842696416,0.020715609153638206,1.1469564563457284,0.9854374185078352,0.012623264296094084,-0.027073344806019833
