,Pruebas,coef(a)_6am-MLP,rsquared_6am-MLP,Standard Error_6am-MLP,coef(b)_6am-MLP,coef(a)_Acu-6am-MLP,rsquared_Acu-6am-MLP,Standard Error_Acu-6am-MLP,coef(b)_Acu-6am-MLP,coef(a)_6am-Beysens,rsquared_6am-Beysens,Standard Error_6am-Beysens,coef(b)_6am-Beysens,coef(a)_Acu-6am-Beysens,rsquared_Acu-6am-Beysens,Standard Error_Acu-6am-Beysens,coef(b)_Acu-6am-Beysens,coef(a)_Beysens-PM,rsquared_Beysens-PM,Standard Error_Beysens-PM,coef(b)_Beysens-PM,coef(a)_Acu-Beysens-PM,rsquared_Acu-Beysens-PM,Standard Error_Acu-Beysens-PM,coef(b)_Acu-Beysens-PM,coef(a)_MLP-PM,rsquared_MLP-PM,Standard Error_MLP-PM,coef(b)_MLP-PM,coef(a)_Acu-MLP-PM,rsquared_Acu-MLP-PM,Standard Error_Acu-MLP-PM,coef(b)_Acu-MLP-PM,coef(a)_Pd-MLP-LM,rsquared_Pd-MLP-LM,Standard Error_Pd-MLP-LM,coef(b)_Pd-MLP-LM,coef(a)_Acu-Pd-MLP-LM,rsquared_Acu-Pd-MLP-LM,Standard Error_Acu-Pd-MLP-LM,coef(b)_Acu-Pd-MLP-LM,coef(a)_6am-MLP-LM,rsquared_6am-MLP-LM,Standard Error_6am-MLP-LM,coef(b)_6am-MLP-LM,coef(a)_Acu-6am-MLP-LM,rsquared_Acu-6am-MLP-LM,Standard Error_Acu-6am-MLP-LM,coef(b)_Acu-6am-MLP-LM
0,1.0,0.3099587590756719,0.3505875715511597,0.0381931965759214,0.023090070529088732,0.8931215491675721,0.9737863367012074,0.0132666928195299,0.10794646618195697,0.742723624701585,0.48606909793021313,0.06914339233651767,0.017275110654505495,1.1873916873591412,0.9911871438905159,0.010136653430002534,0.07437628173494044,-0.00015891253717256407,0.00011090165253535567,0.001366108376030444,0.0036674577496817657,0.12366372544924675,0.8672879485805531,0.004379615012558818,-0.029676606176045332,0.258653795691435,0.21817021355338895,0.04432995810188916,0.02886549907705331,1.119742241546092,0.94606107583305,0.02420637182826244,-0.015605096094331389,0.3085992820598957,0.17310978345859485,0.061062997145805965,0.027567508440384168,1.0382122205631241,0.9948789672516807,0.0048081074678938615,0.4834150884090028,0.33195727056446284,0.37054555548961154,0.03917090885627313,0.023066910727676367,0.9145868825847656,0.9712857741941427,0.014237052782941927,0.09823008766872908
