,Pruebas,coef(a)_6am-MLP,rsquared_6am-MLP,Standard Error_6am-MLP,coef(b)_6am-MLP,coef(a)_Acu-6am-MLP,rsquared_Acu-6am-MLP,Standard Error_Acu-6am-MLP,coef(b)_Acu-6am-MLP,coef(a)_6am-Beysens,rsquared_6am-Beysens,Standard Error_6am-Beysens,coef(b)_6am-Beysens,coef(a)_Acu-6am-Beysens,rsquared_Acu-6am-Beysens,Standard Error_Acu-6am-Beysens,coef(b)_Acu-6am-Beysens,coef(a)_Beysens-PM,rsquared_Beysens-PM,Standard Error_Beysens-PM,coef(b)_Beysens-PM,coef(a)_Acu-Beysens-PM,rsquared_Acu-Beysens-PM,Standard Error_Acu-Beysens-PM,coef(b)_Acu-Beysens-PM,coef(a)_MLP-PM,rsquared_MLP-PM,Standard Error_MLP-PM,coef(b)_MLP-PM,coef(a)_Acu-MLP-PM,rsquared_Acu-MLP-PM,Standard Error_Acu-MLP-PM,coef(b)_Acu-MLP-PM,coef(a)_Pd-MLP-LM,rsquared_Pd-MLP-LM,Standard Error_Pd-MLP-LM,coef(b)_Pd-MLP-LM,coef(a)_Acu-Pd-MLP-LM,rsquared_Acu-Pd-MLP-LM,Standard Error_Acu-Pd-MLP-LM,coef(b)_Acu-Pd-MLP-LM,coef(a)_6am-MLP-LM,rsquared_6am-MLP-LM,Standard Error_6am-MLP-LM,coef(b)_6am-MLP-LM,coef(a)_Acu-6am-MLP-LM,rsquared_Acu-6am-MLP-LM,Standard Error_Acu-6am-MLP-LM,coef(b)_Acu-6am-MLP-LM
0,2.0,0.4796048953037074,0.3767219956238136,0.055851402323780615,0.02219021509260631,1.1757870494723308,0.9887835930781638,0.011337701235570059,0.30705407440828103,0.7261431022109126,0.35583068893531355,0.08845463923178382,0.018871058140871422,1.3100026418954378,0.9810539618499132,0.016481814120655653,0.4966678693828688,0.0028483025258686573,0.012321137583423902,0.0023088125572072946,0.0012337774921215418,0.252067635587414,0.8575759335203352,0.009300206052477486,-0.12384494897018548,0.3375050632131261,0.2734232559395249,0.04981078242758948,0.027577478640602743,1.3911480668716583,0.9831690254506453,0.01647911861208465,0.38627728036459597,0.2819339003691925,0.17260483642426416,0.05588526905595109,0.029125418802736183,1.0711157600522734,0.9960313665661243,0.004364301791335106,0.050600909283776266,0.40661661054084414,0.36345981853720544,0.04871805425105309,0.021195067107157413,1.0991359775293064,0.9867165066726061,0.011545997567497128,0.2727195988040358
