,Pruebas,coef(a)_6am-MLP,rsquared_6am-MLP,Standard Error_6am-MLP,coef(b)_6am-MLP,coef(a)_Acu-6am-MLP,rsquared_Acu-6am-MLP,Standard Error_Acu-6am-MLP,coef(b)_Acu-6am-MLP,coef(a)_6am-Beysens,rsquared_6am-Beysens,Standard Error_6am-Beysens,coef(b)_6am-Beysens,coef(a)_Acu-6am-Beysens,rsquared_Acu-6am-Beysens,Standard Error_Acu-6am-Beysens,coef(b)_Acu-6am-Beysens,coef(a)_Beysens-PM,rsquared_Beysens-PM,Standard Error_Beysens-PM,coef(b)_Beysens-PM,coef(a)_Acu-Beysens-PM,rsquared_Acu-Beysens-PM,Standard Error_Acu-Beysens-PM,coef(b)_Acu-Beysens-PM,coef(a)_MLP-PM,rsquared_MLP-PM,Standard Error_MLP-PM,coef(b)_MLP-PM,coef(a)_Acu-MLP-PM,rsquared_Acu-MLP-PM,Standard Error_Acu-MLP-PM,coef(b)_Acu-MLP-PM,coef(a)_Pd-MLP-LM,rsquared_Pd-MLP-LM,Standard Error_Pd-MLP-LM,coef(b)_Pd-MLP-LM,coef(a)_Acu-Pd-MLP-LM,rsquared_Acu-Pd-MLP-LM,Standard Error_Acu-Pd-MLP-LM,coef(b)_Acu-Pd-MLP-LM,coef(a)_6am-MLP-LM,rsquared_6am-MLP-LM,Standard Error_6am-MLP-LM,coef(b)_6am-MLP-LM,coef(a)_Acu-6am-MLP-LM,rsquared_Acu-6am-MLP-LM,Standard Error_Acu-6am-MLP-LM,coef(b)_Acu-6am-MLP-LM
0,3.0,0.5197127166006188,0.4094316462132491,0.056510325535861265,0.019281147773053252,1.2566585487228101,0.9890073177383151,0.01199470194170617,0.002030644546962279,0.7787968963651506,0.3849314193327861,0.0891280464573104,0.015055040565054065,1.4568975071367376,0.9643744784640927,0.025351685934142273,-0.20407957952767197,-0.003035031338253973,0.011436161560975822,0.002554732796735933,0.010338494312282422,0.17693450966779328,0.7397522944055912,0.009501297698077501,0.1395526602870959,0.3357622459023404,0.2313331768571376,0.05541177659397156,0.0224918876997571,1.1474924266433866,0.952144643201951,0.02329076366394645,0.22658281943987085,0.3445632219222968,0.23452490176292096,0.05635858782971705,0.021393242619952527,1.0073413648383323,0.9876329740937535,0.007276221183555585,0.30157678942921334,1.474514954580286e-17,-inf,2.158706630056815e-17,0.02975156903266908,1.218602319024376,0.9863287503351815,0.012988988885774927,-0.24304975769867815
