,Pruebas,coef(a)_6am-MLP,rsquared_6am-MLP,Standard Error_6am-MLP,coef(b)_6am-MLP,coef(a)_Acu-6am-MLP,rsquared_Acu-6am-MLP,Standard Error_Acu-6am-MLP,coef(b)_Acu-6am-MLP,coef(a)_6am-Beysens,rsquared_6am-Beysens,Standard Error_6am-Beysens,coef(b)_6am-Beysens,coef(a)_Acu-6am-Beysens,rsquared_Acu-6am-Beysens,Standard Error_Acu-6am-Beysens,coef(b)_Acu-6am-Beysens,coef(a)_Beysens-PM,rsquared_Beysens-PM,Standard Error_Beysens-PM,coef(b)_Beysens-PM,coef(a)_Acu-Beysens-PM,rsquared_Acu-Beysens-PM,Standard Error_Acu-Beysens-PM,coef(b)_Acu-Beysens-PM,coef(a)_MLP-PM,rsquared_MLP-PM,Standard Error_MLP-PM,coef(b)_MLP-PM,coef(a)_Acu-MLP-PM,rsquared_Acu-MLP-PM,Standard Error_Acu-MLP-PM,coef(b)_Acu-MLP-PM,coef(a)_Pd-MLP-LM,rsquared_Pd-MLP-LM,Standard Error_Pd-MLP-LM,coef(b)_Pd-MLP-LM,coef(a)_Acu-Pd-MLP-LM,rsquared_Acu-Pd-MLP-LM,Standard Error_Acu-Pd-MLP-LM,coef(b)_Acu-Pd-MLP-LM,coef(a)_6am-MLP-LM,rsquared_6am-MLP-LM,Standard Error_6am-MLP-LM,coef(b)_6am-MLP-LM,coef(a)_Acu-6am-MLP-LM,rsquared_Acu-6am-MLP-LM,Standard Error_Acu-6am-MLP-LM,coef(b)_Acu-6am-MLP-LM
0,2.0,0.3537210880243142,0.33174376492310187,0.04545181049416583,0.020681750657236802,1.0016246295179492,0.9874766958418774,0.010212242460414682,0.10589358486735523,0.620938995632686,0.3274484885393252,0.08056757666088088,0.017939483356388966,1.2558322778024325,0.9826295536279542,0.015116884829602582,-0.13927065363582625,-0.0003779873647776844,0.00027877641666373965,0.002049315418631435,0.006535348001641818,0.23076178317922288,0.9409264024290385,0.005234833264554893,-0.023295703816689314,0.19238718746773403,0.12788670608675645,0.04548518760411865,0.02564984614152874,1.0691502655019596,0.9775180096309636,0.014679586676999257,0.18395026119250735,0.284709834702338,0.12917694532730872,0.06692603447048623,0.02691245400459289,1.0363417732836953,0.9939214612513999,0.0052314363050193725,0.20949677514156,0.39462009429149014,0.4005432031259888,0.04370725644031214,0.018375859493175994,0.9732722067548807,0.9877268783567942,0.009822306669341519,0.029424381580851408
