,Pruebas,coef(a)_6am-MLP,rsquared_6am-MLP,Standard Error_6am-MLP,coef(b)_6am-MLP,coef(a)_Acu-6am-MLP,rsquared_Acu-6am-MLP,Standard Error_Acu-6am-MLP,coef(b)_Acu-6am-MLP,coef(a)_6am-Beysens,rsquared_6am-Beysens,Standard Error_6am-Beysens,coef(b)_6am-Beysens,coef(a)_Acu-6am-Beysens,rsquared_Acu-6am-Beysens,Standard Error_Acu-6am-Beysens,coef(b)_Acu-6am-Beysens,coef(a)_Beysens-PM,rsquared_Beysens-PM,Standard Error_Beysens-PM,coef(b)_Beysens-PM,coef(a)_Acu-Beysens-PM,rsquared_Acu-Beysens-PM,Standard Error_Acu-Beysens-PM,coef(b)_Acu-Beysens-PM,coef(a)_MLP-PM,rsquared_MLP-PM,Standard Error_MLP-PM,coef(b)_MLP-PM,coef(a)_Acu-MLP-PM,rsquared_Acu-MLP-PM,Standard Error_Acu-MLP-PM,coef(b)_Acu-MLP-PM,coef(a)_Pd-MLP-LM,rsquared_Pd-MLP-LM,Standard Error_Pd-MLP-LM,coef(b)_Pd-MLP-LM,coef(a)_Acu-Pd-MLP-LM,rsquared_Acu-Pd-MLP-LM,Standard Error_Acu-Pd-MLP-LM,coef(b)_Acu-Pd-MLP-LM,coef(a)_6am-MLP-LM,rsquared_6am-MLP-LM,Standard Error_6am-MLP-LM,coef(b)_6am-MLP-LM,coef(a)_Acu-6am-MLP-LM,rsquared_Acu-6am-MLP-LM,Standard Error_Acu-6am-MLP-LM,coef(b)_Acu-6am-MLP-LM
0,8.0,0.49549633991318537,0.5535289197303147,0.04028905280972582,0.018329427494518737,1.101252774220708,0.9933216495948648,0.008175169105897388,-0.14620629390715742,0.7244440961731118,0.3952190051486508,0.08113441691784844,0.017787882521705982,1.2619066766795273,0.9886667588609639,0.012232054891793097,-0.03551404656992199,0.0007400079519519126,0.0010982409441634422,0.0020205474082134953,0.003486877931465943,0.17272356447651482,0.9155945606046031,0.004747940765411175,-0.04993473590970607,4.5102810375396984e-17,-inf,8.706939528618127e-18,0.02816167473793029,0.888869827171909,0.9838178718413766,0.010320927163360734,0.002386156493814365,2.7755575615628914e-17,-inf,1.1081627848478024e-17,0.027881085872650153,0.9342681791258319,0.9911454908637121,0.005700060647664071,0.0923660619941978,-2.7755575615628914e-17,-inf,1.0777720379569668e-17,0.028015464544296258,0.9094437434044988,0.9782689484117348,0.01227176868572343,0.04977860605258694
