,Pruebas,coef(a)_6am-MLP,rsquared_6am-MLP,Standard Error_6am-MLP,coef(b)_6am-MLP,coef(a)_Acu-6am-MLP,rsquared_Acu-6am-MLP,Standard Error_Acu-6am-MLP,coef(b)_Acu-6am-MLP,coef(a)_6am-Beysens,rsquared_6am-Beysens,Standard Error_6am-Beysens,coef(b)_6am-Beysens,coef(a)_Acu-6am-Beysens,rsquared_Acu-6am-Beysens,Standard Error_Acu-6am-Beysens,coef(b)_Acu-6am-Beysens,coef(a)_Beysens-PM,rsquared_Beysens-PM,Standard Error_Beysens-PM,coef(b)_Beysens-PM,coef(a)_Acu-Beysens-PM,rsquared_Acu-Beysens-PM,Standard Error_Acu-Beysens-PM,coef(b)_Acu-Beysens-PM,coef(a)_MLP-PM,rsquared_MLP-PM,Standard Error_MLP-PM,coef(b)_MLP-PM,coef(a)_Acu-MLP-PM,rsquared_Acu-MLP-PM,Standard Error_Acu-MLP-PM,coef(b)_Acu-MLP-PM,coef(a)_Pd-MLP-LM,rsquared_Pd-MLP-LM,Standard Error_Pd-MLP-LM,coef(b)_Pd-MLP-LM,coef(a)_Acu-Pd-MLP-LM,rsquared_Acu-Pd-MLP-LM,Standard Error_Acu-Pd-MLP-LM,coef(b)_Acu-Pd-MLP-LM,coef(a)_6am-MLP-LM,rsquared_6am-MLP-LM,Standard Error_6am-MLP-LM,coef(b)_6am-MLP-LM,coef(a)_Acu-6am-MLP-LM,rsquared_Acu-6am-MLP-LM,Standard Error_Acu-6am-MLP-LM,coef(b)_Acu-6am-MLP-LM
0,9.0,0.4124667756271432,0.41028658541029617,0.04476987932273015,0.018358130491077596,0.9400225937166354,0.9821498414413137,0.01147335787120773,0.04092226749816047,0.5021916474982075,0.21768247510348693,0.08619247786385544,0.02162799802802233,1.1113732616667984,0.9678395859264411,0.01834168175750746,0.0073485491470509645,-0.0011899764370107526,0.0018804359957977912,0.002482106733294123,0.009298029255853435,0.2656195247975979,0.8652858744127516,0.009488702738557864,-0.06308240077575578,0.31656171778602943,0.15126367968110366,0.06788871909248902,0.028664236342186275,1.2883386398308643,0.9659314915019475,0.02190551742307706,-0.08210985180567157,0.31102722191546756,0.11101097991520559,0.07968631094126612,0.027106299693002475,1.0547792700431715,0.9955732838641084,0.004540045290031581,0.28921523787917297,0.4226634383343437,0.43504370322091834,0.04360695598682371,0.017887454264628073,0.9332416095709244,0.984977833189607,0.01043439422064835,0.05237807493035773
