,Pruebas,coef(a)_6am-MLP,rsquared_6am-MLP,Standard Error_6am-MLP,coef(b)_6am-MLP,coef(a)_Acu-6am-MLP,rsquared_Acu-6am-MLP,Standard Error_Acu-6am-MLP,coef(b)_Acu-6am-MLP,coef(a)_6am-Beysens,rsquared_6am-Beysens,Standard Error_6am-Beysens,coef(b)_6am-Beysens,coef(a)_Acu-6am-Beysens,rsquared_Acu-6am-Beysens,Standard Error_Acu-6am-Beysens,coef(b)_Acu-6am-Beysens,coef(a)_Beysens-PM,rsquared_Beysens-PM,Standard Error_Beysens-PM,coef(b)_Beysens-PM,coef(a)_Acu-Beysens-PM,rsquared_Acu-Beysens-PM,Standard Error_Acu-Beysens-PM,coef(b)_Acu-Beysens-PM,coef(a)_MLP-PM,rsquared_MLP-PM,Standard Error_MLP-PM,coef(b)_MLP-PM,coef(a)_Acu-MLP-PM,rsquared_Acu-MLP-PM,Standard Error_Acu-MLP-PM,coef(b)_Acu-MLP-PM,coef(a)_Pd-MLP-LM,rsquared_Pd-MLP-LM,Standard Error_Pd-MLP-LM,coef(b)_Pd-MLP-LM,coef(a)_Acu-Pd-MLP-LM,rsquared_Acu-Pd-MLP-LM,Standard Error_Acu-Pd-MLP-LM,coef(b)_Acu-Pd-MLP-LM,coef(a)_6am-MLP-LM,rsquared_6am-MLP-LM,Standard Error_6am-MLP-LM,coef(b)_6am-MLP-LM,coef(a)_Acu-6am-MLP-LM,rsquared_Acu-6am-MLP-LM,Standard Error_Acu-6am-MLP-LM,coef(b)_Acu-6am-MLP-LM
0,1.0,0.49812620704431787,0.41601020959594814,0.0534330702521605,0.022063571888452982,1.2058080127860333,0.9841548032072182,0.013852091767011777,-0.05327984452946448,0.7570002223167128,0.396832340325333,0.08449511209146522,0.01915408451159778,1.3101859877444215,0.9931929522584012,0.009820093408060067,-0.026271953515017127,0.003961989658220007,0.014819569845233027,0.0029246473803619423,0.0008343672652263278,0.18016846528370833,0.753014624730327,0.009341847585825624,0.027986178624273463,0.3887367809093429,0.18362519742836936,0.07420863277332414,0.030894664975650535,1.3593018683551328,0.9765587377970598,0.019066777946351525,0.04666568930103408,0.4234107079258941,0.21631067359393064,0.07296505177899441,0.028185450014483908,1.0213140121440645,0.998280980904452,0.002735694657015029,-0.0993641499724442,0.5601658592242055,0.4508471882163698,0.05597171895762247,0.017941452343350248,1.1530186607089585,0.9867233604542687,0.012108847184134597,-0.039269264512263646
