,Pruebas,coef(a)_6am-MLP,rsquared_6am-MLP,Standard Error_6am-MLP,coef(b)_6am-MLP,coef(a)_Acu-6am-MLP,rsquared_Acu-6am-MLP,Standard Error_Acu-6am-MLP,coef(b)_Acu-6am-MLP,coef(a)_6am-Beysens,rsquared_6am-Beysens,Standard Error_6am-Beysens,coef(b)_6am-Beysens,coef(a)_Acu-6am-Beysens,rsquared_Acu-6am-Beysens,Standard Error_Acu-6am-Beysens,coef(b)_Acu-6am-Beysens,coef(a)_Beysens-PM,rsquared_Beysens-PM,Standard Error_Beysens-PM,coef(b)_Beysens-PM,coef(a)_Acu-Beysens-PM,rsquared_Acu-Beysens-PM,Standard Error_Acu-Beysens-PM,coef(b)_Acu-Beysens-PM,coef(a)_MLP-PM,rsquared_MLP-PM,Standard Error_MLP-PM,coef(b)_MLP-PM,coef(a)_Acu-MLP-PM,rsquared_Acu-MLP-PM,Standard Error_Acu-MLP-PM,coef(b)_Acu-MLP-PM,coef(a)_Pd-MLP-LM,rsquared_Pd-MLP-LM,Standard Error_Pd-MLP-LM,coef(b)_Pd-MLP-LM,coef(a)_Acu-Pd-MLP-LM,rsquared_Acu-Pd-MLP-LM,Standard Error_Acu-Pd-MLP-LM,coef(b)_Acu-Pd-MLP-LM,coef(a)_6am-MLP-LM,rsquared_6am-MLP-LM,Standard Error_6am-MLP-LM,coef(b)_6am-MLP-LM,coef(a)_Acu-6am-MLP-LM,rsquared_Acu-6am-MLP-LM,Standard Error_Acu-6am-MLP-LM,coef(b)_Acu-6am-MLP-LM
0,2.0,0.5647919254474909,0.4357885018814439,0.05818240148248125,0.017388412966769497,1.0816016168910134,0.9672444810594897,0.018020279543731456,0.3708493831423505,0.7056543765247454,0.32673550653558714,0.09170791371416896,0.014794323426344609,1.1370790027746147,0.9545506249538541,0.02246338493885799,0.3508350988993901,0.0024030932809686284,0.014257420387722153,0.0018090559319460075,0.00038353293652859904,0.10742455123287589,0.821448702150581,0.004534348693552982,-0.01208991686733455,0.39441251138886246,0.37453402793550994,0.04614524629560419,0.021507160972031418,1.0136543337435815,0.9782514262390953,0.013683591903054761,0.4986019826723821,0.41756037172591853,0.35781520450335214,0.050645394128233566,0.0199102730889469,1.0521077741428244,0.9938760018589562,0.005330967460361747,-0.019677774648391974,0.5336837595800852,0.4572984862462548,0.05263622435723584,0.016546713432584174,1.021787863412561,0.9769294035823703,0.014216040330407532,0.3388480576883514
