,Pruebas,coef(a)_6am-MLP,rsquared_6am-MLP,Standard Error_6am-MLP,coef(b)_6am-MLP,coef(a)_Acu-6am-MLP,rsquared_Acu-6am-MLP,Standard Error_Acu-6am-MLP,coef(b)_Acu-6am-MLP,coef(a)_6am-Beysens,rsquared_6am-Beysens,Standard Error_6am-Beysens,coef(b)_6am-Beysens,coef(a)_Acu-6am-Beysens,rsquared_Acu-6am-Beysens,Standard Error_Acu-6am-Beysens,coef(b)_Acu-6am-Beysens,coef(a)_Beysens-PM,rsquared_Beysens-PM,Standard Error_Beysens-PM,coef(b)_Beysens-PM,coef(a)_Acu-Beysens-PM,rsquared_Acu-Beysens-PM,Standard Error_Acu-Beysens-PM,coef(b)_Acu-Beysens-PM,coef(a)_MLP-PM,rsquared_MLP-PM,Standard Error_MLP-PM,coef(b)_MLP-PM,coef(a)_Acu-MLP-PM,rsquared_Acu-MLP-PM,Standard Error_Acu-MLP-PM,coef(b)_Acu-MLP-PM,coef(a)_Pd-MLP-LM,rsquared_Pd-MLP-LM,Standard Error_Pd-MLP-LM,coef(b)_Pd-MLP-LM,coef(a)_Acu-Pd-MLP-LM,rsquared_Acu-Pd-MLP-LM,Standard Error_Acu-Pd-MLP-LM,coef(b)_Acu-Pd-MLP-LM,coef(a)_6am-MLP-LM,rsquared_6am-MLP-LM,Standard Error_6am-MLP-LM,coef(b)_6am-MLP-LM,coef(a)_Acu-6am-MLP-LM,rsquared_Acu-6am-MLP-LM,Standard Error_Acu-6am-MLP-LM,coef(b)_Acu-6am-MLP-LM
0,6.0,0.42985676447546484,0.5119053490594664,0.03800152667271569,0.01800729583693699,0.9795956120025764,0.9951306340782614,0.006203875490658957,0.10071158427371094,0.8045983375753806,0.547570899715485,0.0662146825376085,0.014157701821396631,1.2560337625508948,0.9909410871119012,0.010872652855272847,0.16356789168961303,-0.0006976593108274048,0.0009238114390028862,0.0020771655716012544,0.006847979970744669,0.1554666057073536,0.8207571771579105,0.0065776497506481344,0.11972139033754688,0.35483979357460493,0.21038071321541663,0.06223839180881587,0.027282978189313814,1.2289280298713747,0.9902318693744685,0.011050547979537972,0.2580376178031435,0.4590344571852279,0.11300110500954541,0.11643554032052061,0.030380856334635352,0.9893595690315726,0.9923703156107141,0.005599702322046133,0.26868918629206684,0.4462055484655663,0.4909158674782482,0.04113829579661449,0.016313553978237694,0.9489507069582842,0.9946271820118282,0.006314437055159005,0.070264191882739
