,Pruebas,coef(a)_6am-MLP,rsquared_6am-MLP,Standard Error_6am-MLP,coef(b)_6am-MLP,coef(a)_Acu-6am-MLP,rsquared_Acu-6am-MLP,Standard Error_Acu-6am-MLP,coef(b)_Acu-6am-MLP,coef(a)_6am-Beysens,rsquared_6am-Beysens,Standard Error_6am-Beysens,coef(b)_6am-Beysens,coef(a)_Acu-6am-Beysens,rsquared_Acu-6am-Beysens,Standard Error_Acu-6am-Beysens,coef(b)_Acu-6am-Beysens,coef(a)_Beysens-PM,rsquared_Beysens-PM,Standard Error_Beysens-PM,coef(b)_Beysens-PM,coef(a)_Acu-Beysens-PM,rsquared_Acu-Beysens-PM,Standard Error_Acu-Beysens-PM,coef(b)_Acu-Beysens-PM,coef(a)_MLP-PM,rsquared_MLP-PM,Standard Error_MLP-PM,coef(b)_MLP-PM,coef(a)_Acu-MLP-PM,rsquared_Acu-MLP-PM,Standard Error_Acu-MLP-PM,coef(b)_Acu-MLP-PM,coef(a)_Pd-MLP-LM,rsquared_Pd-MLP-LM,Standard Error_Pd-MLP-LM,coef(b)_Pd-MLP-LM,coef(a)_Acu-Pd-MLP-LM,rsquared_Acu-Pd-MLP-LM,Standard Error_Acu-Pd-MLP-LM,coef(b)_Acu-Pd-MLP-LM,coef(a)_6am-MLP-LM,rsquared_6am-MLP-LM,Standard Error_6am-MLP-LM,coef(b)_6am-MLP-LM,coef(a)_Acu-6am-MLP-LM,rsquared_Acu-6am-MLP-LM,Standard Error_Acu-6am-MLP-LM,coef(b)_Acu-6am-MLP-LM
0,8.0,0.3355553975233708,0.35200175750000284,0.04121912899995989,0.019911738709332678,0.8627193579314258,0.9811235506299238,0.010833977612102289,-0.014284461483399312,0.5635077327217879,0.3337464050015564,0.07208276698728203,0.01878752804935046,1.0539848189872567,0.9925006985569366,0.008294676162819077,0.08996911893744565,-0.0001123472201516294,4.022772302381128e-05,0.0016036550436429708,0.005277172687973382,0.12123827102806534,0.844936845948336,0.004702209787040346,0.025561826560519606,0.2909355124524103,0.38227196093911364,0.03348337898235954,0.019154348735751094,0.8122217221267616,0.9860154984364188,0.008757422632583734,0.0037001499192774456,0.32393714097559145,0.265179059940965,0.0488204720691131,0.020023218573706043,1.1128448099406616,0.9939655561516646,0.005597085512245847,-0.23025103686873802,0.34956294067911614,0.3940114740170596,0.03924851580509269,0.017347238942526235,0.8180769770515626,0.9807971392519738,0.010363528020194832,-0.10159684281699508
