,Pruebas,coef(a)_6am-MLP,rsquared_6am-MLP,Standard Error_6am-MLP,coef(b)_6am-MLP,coef(a)_Acu-6am-MLP,rsquared_Acu-6am-MLP,Standard Error_Acu-6am-MLP,coef(b)_Acu-6am-MLP,coef(a)_6am-Beysens,rsquared_6am-Beysens,Standard Error_6am-Beysens,coef(b)_6am-Beysens,coef(a)_Acu-6am-Beysens,rsquared_Acu-6am-Beysens,Standard Error_Acu-6am-Beysens,coef(b)_Acu-6am-Beysens,coef(a)_Beysens-PM,rsquared_Beysens-PM,Standard Error_Beysens-PM,coef(b)_Beysens-PM,coef(a)_Acu-Beysens-PM,rsquared_Acu-Beysens-PM,Standard Error_Acu-Beysens-PM,coef(b)_Acu-Beysens-PM,coef(a)_MLP-PM,rsquared_MLP-PM,Standard Error_MLP-PM,coef(b)_MLP-PM,coef(a)_Acu-MLP-PM,rsquared_Acu-MLP-PM,Standard Error_Acu-MLP-PM,coef(b)_Acu-MLP-PM,coef(a)_Pd-MLP-LM,rsquared_Pd-MLP-LM,Standard Error_Pd-MLP-LM,coef(b)_Pd-MLP-LM,coef(a)_Acu-Pd-MLP-LM,rsquared_Acu-Pd-MLP-LM,Standard Error_Acu-Pd-MLP-LM,coef(b)_Acu-Pd-MLP-LM,coef(a)_6am-MLP-LM,rsquared_6am-MLP-LM,Standard Error_6am-MLP-LM,coef(b)_6am-MLP-LM,coef(a)_Acu-6am-MLP-LM,rsquared_Acu-6am-MLP-LM,Standard Error_Acu-6am-MLP-LM,coef(b)_Acu-6am-MLP-LM
0,8.0,0.4405465039000643,0.3485669193840636,0.054526003445769654,0.021692884023295174,1.4904543070263836,0.9773465172193422,0.02054385567979361,-0.5426183596892914,0.7803699037441331,0.42478836591268965,0.08221444326792872,0.015731116291213085,1.6391748331261793,0.9730279936154813,0.024708098366665526,-0.4674424416027955,-0.0006264755343503038,0.000987335568931269,0.001804169369958739,0.002956496211878557,0.10655710688426534,0.7479976577741767,0.005599569958282484,-0.05890547324809975,0.290226412045416,0.32702015458342615,0.03769387520565154,0.023252762072842815,1.3186715700356477,0.97543219489909,0.01894703970685266,-0.5029447937647492,0.31040828102899126,0.2935396130148723,0.0435977371149268,0.02217660407177265,1.0058733270128006,0.9969915232812457,0.0035666891937899655,-0.0494324873164448,0.4406355212383251,0.40660941886255386,0.048192695303706734,0.016479251340582403,1.2974275795753432,0.9715164231794516,0.020112932628764908,-0.500417837751564
