,Pruebas,coef(a)_6am-MLP,rsquared_6am-MLP,Standard Error_6am-MLP,coef(b)_6am-MLP,coef(a)_Acu-6am-MLP,rsquared_Acu-6am-MLP,Standard Error_Acu-6am-MLP,coef(b)_Acu-6am-MLP,coef(a)_6am-Beysens,rsquared_6am-Beysens,Standard Error_6am-Beysens,coef(b)_6am-Beysens,coef(a)_Acu-6am-Beysens,rsquared_Acu-6am-Beysens,Standard Error_Acu-6am-Beysens,coef(b)_Acu-6am-Beysens,coef(a)_Beysens-PM,rsquared_Beysens-PM,Standard Error_Beysens-PM,coef(b)_Beysens-PM,coef(a)_Acu-Beysens-PM,rsquared_Acu-Beysens-PM,Standard Error_Acu-Beysens-PM,coef(b)_Acu-Beysens-PM,coef(a)_MLP-PM,rsquared_MLP-PM,Standard Error_MLP-PM,coef(b)_MLP-PM,coef(a)_Acu-MLP-PM,rsquared_Acu-MLP-PM,Standard Error_Acu-MLP-PM,coef(b)_Acu-MLP-PM,coef(a)_Pd-MLP-LM,rsquared_Pd-MLP-LM,Standard Error_Pd-MLP-LM,coef(b)_Pd-MLP-LM,coef(a)_Acu-Pd-MLP-LM,rsquared_Acu-Pd-MLP-LM,Standard Error_Acu-Pd-MLP-LM,coef(b)_Acu-Pd-MLP-LM,coef(a)_6am-MLP-LM,rsquared_6am-MLP-LM,Standard Error_6am-MLP-LM,coef(b)_6am-MLP-LM,coef(a)_Acu-6am-MLP-LM,rsquared_Acu-6am-MLP-LM,Standard Error_Acu-6am-MLP-LM,coef(b)_Acu-6am-MLP-LM
0,3.0,0.5432994774861029,0.4157355986176595,0.05831167288768073,0.019732392019618995,1.2205289403631954,0.9732227363650615,0.018329268742451655,0.3401182441469508,0.8488018448811333,0.48994330468640035,0.07840842176145797,0.008778151055334348,1.179421043956581,0.9941393396725992,0.008198579321043599,0.021358644556660727,-0.0018487669284276615,0.005876480186014943,0.002177026846527458,0.007739064665705385,0.153601753084688,0.8336655184133142,0.006211714435162745,0.12925092221313836,0.37189205782795764,0.27410326906755467,0.05479201740438192,0.025688614290605302,1.3226071624483264,0.9748423051596058,0.01923619596166733,0.1624540940601261,0.3876325536694223,0.2654844566594372,0.058374244117895664,0.021817576035709337,0.9986737497468303,0.9959666785421614,0.00410229631421062,0.13609988968969222,0.5343741751103117,0.4054600200070493,0.058584409992195864,0.019688742470509175,1.2078041289793982,0.9770834573683729,0.01674654860735847,0.29296030699976866
