,Pruebas,coef(a)_6am-MLP,rsquared_6am-MLP,Standard Error_6am-MLP,coef(b)_6am-MLP,coef(a)_Acu-6am-MLP,rsquared_Acu-6am-MLP,Standard Error_Acu-6am-MLP,coef(b)_Acu-6am-MLP,coef(a)_6am-Beysens,rsquared_6am-Beysens,Standard Error_6am-Beysens,coef(b)_6am-Beysens,coef(a)_Acu-6am-Beysens,rsquared_Acu-6am-Beysens,Standard Error_Acu-6am-Beysens,coef(b)_Acu-6am-Beysens,coef(a)_Beysens-PM,rsquared_Beysens-PM,Standard Error_Beysens-PM,coef(b)_Beysens-PM,coef(a)_Acu-Beysens-PM,rsquared_Acu-Beysens-PM,Standard Error_Acu-Beysens-PM,coef(b)_Acu-Beysens-PM,coef(a)_MLP-PM,rsquared_MLP-PM,Standard Error_MLP-PM,coef(b)_MLP-PM,coef(a)_Acu-MLP-PM,rsquared_Acu-MLP-PM,Standard Error_Acu-MLP-PM,coef(b)_Acu-MLP-PM,coef(a)_Pd-MLP-LM,rsquared_Pd-MLP-LM,Standard Error_Pd-MLP-LM,coef(b)_Pd-MLP-LM,coef(a)_Acu-Pd-MLP-LM,rsquared_Acu-Pd-MLP-LM,Standard Error_Acu-Pd-MLP-LM,coef(b)_Acu-Pd-MLP-LM,coef(a)_6am-MLP-LM,rsquared_6am-MLP-LM,Standard Error_6am-MLP-LM,coef(b)_6am-MLP-LM,coef(a)_Acu-6am-MLP-LM,rsquared_Acu-6am-MLP-LM,Standard Error_Acu-6am-MLP-LM,coef(b)_Acu-6am-MLP-LM
0,4.0,0.43497023276369307,0.4878566187121217,0.040348676015836776,0.018030545062001375,1.1525526002422153,0.9663152608764871,0.01948220062756661,0.12085896503815738,0.6075812708320298,0.36572114317122695,0.07244185216852632,0.011920563281099972,1.1173461718394564,0.980084100591192,0.014420360583748914,-0.18767225036220714,0.02193108708764879,0.16394800823733968,0.004483775035484168,-0.00021083306440531952,0.013392378106998053,0.7860046461706712,0.0006326556667940975,0.00934023192561169,0.23481835513249627,0.2998890048738343,0.03248293548330816,0.023286505129532835,1.0333525657762443,0.9293134173960971,0.025802155860679608,0.4971917612253696,0.3652932169734743,0.3570440513419397,0.044380419861478684,0.019856755285868555,0.995972278809443,0.9927517405204269,0.005493361332651371,0.39806744383276804,0.3279640619896242,0.46305000268394203,0.03197417433263722,0.018524440951407255,1.0575874028857446,0.9722848924048885,0.016165824889412626,0.02892551270725402
