,Pruebas,coef(a)_6am-MLP,rsquared_6am-MLP,Standard Error_6am-MLP,coef(b)_6am-MLP,coef(a)_Acu-6am-MLP,rsquared_Acu-6am-MLP,Standard Error_Acu-6am-MLP,coef(b)_Acu-6am-MLP,coef(a)_6am-Beysens,rsquared_6am-Beysens,Standard Error_6am-Beysens,coef(b)_6am-Beysens,coef(a)_Acu-6am-Beysens,rsquared_Acu-6am-Beysens,Standard Error_Acu-6am-Beysens,coef(b)_Acu-6am-Beysens,coef(a)_Beysens-PM,rsquared_Beysens-PM,Standard Error_Beysens-PM,coef(b)_Beysens-PM,coef(a)_Acu-Beysens-PM,rsquared_Acu-Beysens-PM,Standard Error_Acu-Beysens-PM,coef(b)_Acu-Beysens-PM,coef(a)_MLP-PM,rsquared_MLP-PM,Standard Error_MLP-PM,coef(b)_MLP-PM,coef(a)_Acu-MLP-PM,rsquared_Acu-MLP-PM,Standard Error_Acu-MLP-PM,coef(b)_Acu-MLP-PM,coef(a)_Pd-MLP-LM,rsquared_Pd-MLP-LM,Standard Error_Pd-MLP-LM,coef(b)_Pd-MLP-LM,coef(a)_Acu-Pd-MLP-LM,rsquared_Acu-Pd-MLP-LM,Standard Error_Acu-Pd-MLP-LM,coef(b)_Acu-Pd-MLP-LM,coef(a)_6am-MLP-LM,rsquared_6am-MLP-LM,Standard Error_6am-MLP-LM,coef(b)_6am-MLP-LM,coef(a)_Acu-6am-MLP-LM,rsquared_Acu-6am-MLP-LM,Standard Error_Acu-6am-MLP-LM,coef(b)_Acu-6am-MLP-LM
0,10.0,0.36585363422084705,0.45747013838327577,0.036070975809986194,0.017467341783396106,0.9623379639736351,0.9684745479282578,0.015719338242879344,-0.38390389329716,0.7706548661561761,0.5541733572249,0.06258066844526927,0.009363302259939598,1.081930395127388,0.995245250561292,0.006770459857736791,-0.12209494949543048,0.0027717633017069043,0.011241016849587226,0.002353524083377575,-0.0018710364722946769,0.1093118740126922,0.6543033959034141,0.00719358523718555,-0.08143350255674185,0.22082863978110612,0.11908175406976118,0.05437767882050895,0.02836070285235485,1.3120531000283977,0.9122540292747771,0.03684064219170931,-0.71737007159108,0.29528573681146997,0.13872731668745564,0.06661191806208702,0.025681022061223597,1.047909160906006,0.9968197754786173,0.0038206616993234793,-0.054377075840211744,0.2847235916092395,0.16768625344440313,0.057429938960487856,0.01913042878138352,0.8832848422989238,0.9654804547749718,0.01512103965877538,-0.311305553601014
