,Pruebas,coef(a)_6am-MLP,rsquared_6am-MLP,Standard Error_6am-MLP,coef(b)_6am-MLP,coef(a)_Acu-6am-MLP,rsquared_Acu-6am-MLP,Standard Error_Acu-6am-MLP,coef(b)_Acu-6am-MLP,coef(a)_6am-Beysens,rsquared_6am-Beysens,Standard Error_6am-Beysens,coef(b)_6am-Beysens,coef(a)_Acu-6am-Beysens,rsquared_Acu-6am-Beysens,Standard Error_Acu-6am-Beysens,coef(b)_Acu-6am-Beysens,coef(a)_Beysens-PM,rsquared_Beysens-PM,Standard Error_Beysens-PM,coef(b)_Beysens-PM,coef(a)_Acu-Beysens-PM,rsquared_Acu-Beysens-PM,Standard Error_Acu-Beysens-PM,coef(b)_Acu-Beysens-PM,coef(a)_MLP-PM,rsquared_MLP-PM,Standard Error_MLP-PM,coef(b)_MLP-PM,coef(a)_Acu-MLP-PM,rsquared_Acu-MLP-PM,Standard Error_Acu-MLP-PM,coef(b)_Acu-MLP-PM,coef(a)_Pd-MLP-LM,rsquared_Pd-MLP-LM,Standard Error_Pd-MLP-LM,coef(b)_Pd-MLP-LM,coef(a)_Acu-Pd-MLP-LM,rsquared_Acu-Pd-MLP-LM,Standard Error_Acu-Pd-MLP-LM,coef(b)_Acu-Pd-MLP-LM,coef(a)_6am-MLP-LM,rsquared_6am-MLP-LM,Standard Error_6am-MLP-LM,coef(b)_6am-MLP-LM,coef(a)_Acu-6am-MLP-LM,rsquared_Acu-6am-MLP-LM,Standard Error_Acu-6am-MLP-LM,coef(b)_Acu-6am-MLP-LM
0,1.0,0.5785366421348257,0.3317848775240583,0.07433284941999714,0.023944053144725964,1.6708257727838738,0.9840059925682538,0.019285505431068724,-0.029319577394962874,0.6875082657678977,0.19976086320992303,0.12458125435326027,0.01651665630048653,1.358423154091092,0.9649055187901253,0.023454823992409914,-0.1607137662638552,-0.0002582942207338666,0.00013746902364941693,0.0019943551388658964,0.002349588834119262,0.11760342644202174,0.8354486442217129,0.00472531661376009,-0.021543543231872415,0.3603889116088532,0.20217285297901655,0.0648163352678497,0.029111884414240882,1.6053813224482847,0.9839400763866465,0.018568879726224105,0.18170601495146282,0.38559507303626794,0.2142431878001111,0.06685626339181851,0.026792805253343356,0.9450585551733459,0.9964044959849575,0.0036645035462415715,0.36500795307071887,0.6011191426705131,0.3720016545712075,0.070711074852455,0.01827464653893611,1.3910947430542413,0.9815101542243083,0.017286060946825086,0.04374884285326218
