,Pruebas,coef(a)_6am-MLP,rsquared_6am-MLP,Standard Error_6am-MLP,coef(b)_6am-MLP,coef(a)_Acu-6am-MLP,rsquared_Acu-6am-MLP,Standard Error_Acu-6am-MLP,coef(b)_Acu-6am-MLP,coef(a)_6am-Beysens,rsquared_6am-Beysens,Standard Error_6am-Beysens,coef(b)_6am-Beysens,coef(a)_Acu-6am-Beysens,rsquared_Acu-6am-Beysens,Standard Error_Acu-6am-Beysens,coef(b)_Acu-6am-Beysens,coef(a)_Beysens-PM,rsquared_Beysens-PM,Standard Error_Beysens-PM,coef(b)_Beysens-PM,coef(a)_Acu-Beysens-PM,rsquared_Acu-Beysens-PM,Standard Error_Acu-Beysens-PM,coef(b)_Acu-Beysens-PM,coef(a)_MLP-PM,rsquared_MLP-PM,Standard Error_MLP-PM,coef(b)_MLP-PM,coef(a)_Acu-MLP-PM,rsquared_Acu-MLP-PM,Standard Error_Acu-MLP-PM,coef(b)_Acu-MLP-PM,coef(a)_Pd-MLP-LM,rsquared_Pd-MLP-LM,Standard Error_Pd-MLP-LM,coef(b)_Pd-MLP-LM,coef(a)_Acu-Pd-MLP-LM,rsquared_Acu-Pd-MLP-LM,Standard Error_Acu-Pd-MLP-LM,coef(b)_Acu-Pd-MLP-LM,coef(a)_6am-MLP-LM,rsquared_6am-MLP-LM,Standard Error_6am-MLP-LM,coef(b)_6am-MLP-LM,coef(a)_Acu-6am-MLP-LM,rsquared_Acu-6am-MLP-LM,Standard Error_Acu-6am-MLP-LM,coef(b)_Acu-6am-MLP-LM
0,8.0,0.32640498046643773,0.42264904558738836,0.03453876793241935,0.016282799907557568,0.7778856175371843,0.9877808627033408,0.007832957989776023,0.13996624830865984,0.5397387038062249,0.3235100582460242,0.07066273200337787,0.013291904356952928,0.8363562019450868,0.9866395045131747,0.008811369195838747,0.2738688682581525,0.0008297601460175613,0.004928250702247894,0.0010674645425944893,0.0005567284814842258,0.0723465125586375,0.9193273358679226,0.0019402862154671956,-0.04378428300216171,0.22992395179422528,0.37546995556285334,0.026846851567089856,0.02195408421582514,0.8098876295944355,0.9801485885005399,0.010435051261838022,0.15790710405913894,0.22854947186778837,0.32910497019262985,0.029543391246192423,0.01833131548952167,1.0120124425971233,0.9925006774595426,0.00567839817079074,-0.313195355682098,0.33159925767359205,0.4459633363935184,0.033462107716334184,0.017582274515396158,0.831721556827195,0.9911170004308764,0.007128783097200789,0.06374927143996814
