,Pruebas,coef(a)_6am-MLP,rsquared_6am-MLP,Standard Error_6am-MLP,coef(b)_6am-MLP,coef(a)_Acu-6am-MLP,rsquared_Acu-6am-MLP,Standard Error_Acu-6am-MLP,coef(b)_Acu-6am-MLP,coef(a)_6am-Beysens,rsquared_6am-Beysens,Standard Error_6am-Beysens,coef(b)_6am-Beysens,coef(a)_Acu-6am-Beysens,rsquared_Acu-6am-Beysens,Standard Error_Acu-6am-Beysens,coef(b)_Acu-6am-Beysens,coef(a)_Beysens-PM,rsquared_Beysens-PM,Standard Error_Beysens-PM,coef(b)_Beysens-PM,coef(a)_Acu-Beysens-PM,rsquared_Acu-Beysens-PM,Standard Error_Acu-Beysens-PM,coef(b)_Acu-Beysens-PM,coef(a)_MLP-PM,rsquared_MLP-PM,Standard Error_MLP-PM,coef(b)_MLP-PM,coef(a)_Acu-MLP-PM,rsquared_Acu-MLP-PM,Standard Error_Acu-MLP-PM,coef(b)_Acu-MLP-PM,coef(a)_Pd-MLP-LM,rsquared_Pd-MLP-LM,Standard Error_Pd-MLP-LM,coef(b)_Pd-MLP-LM,coef(a)_Acu-Pd-MLP-LM,rsquared_Acu-Pd-MLP-LM,Standard Error_Acu-Pd-MLP-LM,coef(b)_Acu-Pd-MLP-LM,coef(a)_6am-MLP-LM,rsquared_6am-MLP-LM,Standard Error_6am-MLP-LM,coef(b)_6am-MLP-LM,coef(a)_Acu-6am-MLP-LM,rsquared_Acu-6am-MLP-LM,Standard Error_Acu-6am-MLP-LM,coef(b)_Acu-6am-MLP-LM
0,6.0,0.5651263056212081,0.4681304073166722,0.054536189291948374,0.01816344793953163,1.1986528541449706,0.9891867744092604,0.011346240617711188,0.06821026307563569,0.7594320369932822,0.34388003793263855,0.09497234059668276,0.01321034896955543,1.1772383026192932,0.9651237311537407,0.02026086485331883,-0.010027807181617991,0.0001887451293663793,0.0001380974255313916,0.0014540289626073994,0.002332897371040839,0.07202882376985796,0.6866284017147126,0.004405501383600479,0.028202423955818165,0.28384318610467274,0.21056954370223535,0.04975740051851544,0.02052009569936132,0.8885681027849627,0.9838898781726096,0.010294066521998758,0.2882080886315618,0.33268770792273195,0.23208478375268438,0.054788595775469254,0.018343561693215917,1.0343150387506852,0.9949793350979702,0.0047426470575224295,-0.06577289314802068,0.631917374352305,0.43923734818561877,0.06464282260350646,0.016713727395941506,1.1931262355369516,0.9822495784655966,0.014521112511735438,0.11112272623448417
