,Pruebas,coef(a)_6am-MLP,rsquared_6am-MLP,Standard Error_6am-MLP,coef(b)_6am-MLP,coef(a)_Acu-6am-MLP,rsquared_Acu-6am-MLP,Standard Error_Acu-6am-MLP,coef(b)_Acu-6am-MLP,coef(a)_6am-Beysens,rsquared_6am-Beysens,Standard Error_6am-Beysens,coef(b)_6am-Beysens,coef(a)_Acu-6am-Beysens,rsquared_Acu-6am-Beysens,Standard Error_Acu-6am-Beysens,coef(b)_Acu-6am-Beysens,coef(a)_Beysens-PM,rsquared_Beysens-PM,Standard Error_Beysens-PM,coef(b)_Beysens-PM,coef(a)_Acu-Beysens-PM,rsquared_Acu-Beysens-PM,Standard Error_Acu-Beysens-PM,coef(b)_Acu-Beysens-PM,coef(a)_MLP-PM,rsquared_MLP-PM,Standard Error_MLP-PM,coef(b)_MLP-PM,coef(a)_Acu-MLP-PM,rsquared_Acu-MLP-PM,Standard Error_Acu-MLP-PM,coef(b)_Acu-MLP-PM,coef(a)_Pd-MLP-LM,rsquared_Pd-MLP-LM,Standard Error_Pd-MLP-LM,coef(b)_Pd-MLP-LM,coef(a)_Acu-Pd-MLP-LM,rsquared_Acu-Pd-MLP-LM,Standard Error_Acu-Pd-MLP-LM,coef(b)_Acu-Pd-MLP-LM,coef(a)_6am-MLP-LM,rsquared_6am-MLP-LM,Standard Error_6am-MLP-LM,coef(b)_6am-MLP-LM,coef(a)_Acu-6am-MLP-LM,rsquared_Acu-6am-MLP-LM,Standard Error_Acu-6am-MLP-LM,coef(b)_Acu-6am-MLP-LM
0,8.0,0.3846421566389401,0.46655948079203013,0.03723629420579421,0.020505623350835847,0.9769473305231421,0.959853954044468,0.01808881197231626,-0.32647815616951115,0.7100206003868248,0.5001803775985194,0.06425905878917862,0.011478928276253023,1.0091741165384378,0.9933677710419059,0.007465534560014782,0.24435258484795722,0.00032194372084043985,0.0004362563336024472,0.0013951934176325692,0.0026029145393488117,0.10930108990663265,0.9335233876262208,0.0026406838887237318,-0.054651039072807064,0.3300894840791835,0.34589844264612535,0.04109604846801696,0.020810124631946668,0.9445914795701702,0.9654923909330735,0.016167658068861043,-0.2545967463415023,0.5433176480276144,0.1469123188903232,0.11853362740075264,0.023615207430095975,1.0050916717734077,0.9953462184697552,0.004436249518239085,-0.0916822970489407,0.4915489828309017,0.3687354102255611,0.05822844339948805,0.019731620322622066,1.091042344441714,0.9344631075562354,0.02615914421985666,-0.5271757561948077
