,Pruebas,coef(a)_6am-MLP,rsquared_6am-MLP,Standard Error_6am-MLP,coef(b)_6am-MLP,coef(a)_Acu-6am-MLP,rsquared_Acu-6am-MLP,Standard Error_Acu-6am-MLP,coef(b)_Acu-6am-MLP,coef(a)_6am-Beysens,rsquared_6am-Beysens,Standard Error_6am-Beysens,coef(b)_6am-Beysens,coef(a)_Acu-6am-Beysens,rsquared_Acu-6am-Beysens,Standard Error_Acu-6am-Beysens,coef(b)_Acu-6am-Beysens,coef(a)_Beysens-PM,rsquared_Beysens-PM,Standard Error_Beysens-PM,coef(b)_Beysens-PM,coef(a)_Acu-Beysens-PM,rsquared_Acu-Beysens-PM,Standard Error_Acu-Beysens-PM,coef(b)_Acu-Beysens-PM,coef(a)_MLP-PM,rsquared_MLP-PM,Standard Error_MLP-PM,coef(b)_MLP-PM,coef(a)_Acu-MLP-PM,rsquared_Acu-MLP-PM,Standard Error_Acu-MLP-PM,coef(b)_Acu-MLP-PM,coef(a)_Pd-MLP-LM,rsquared_Pd-MLP-LM,Standard Error_Pd-MLP-LM,coef(b)_Pd-MLP-LM,coef(a)_Acu-Pd-MLP-LM,rsquared_Acu-Pd-MLP-LM,Standard Error_Acu-Pd-MLP-LM,coef(b)_Acu-Pd-MLP-LM,coef(a)_6am-MLP-LM,rsquared_6am-MLP-LM,Standard Error_6am-MLP-LM,coef(b)_6am-MLP-LM,coef(a)_Acu-6am-MLP-LM,rsquared_Acu-6am-MLP-LM,Standard Error_Acu-6am-MLP-LM,coef(b)_Acu-6am-MLP-LM
0,4.0,0.5143484804288543,0.5639056663642208,0.040951004114797754,0.019441729818869904,1.0063535835128568,0.994278849714192,0.0069112764678561705,0.21501654431642056,0.9116986050206691,0.5675688776588639,0.07204777275477264,0.011578046802777263,1.2321193439179363,0.9951670058871521,0.007773793664828942,0.025185467106131842,0.0018167022022917505,0.009923139459378838,0.0016429098564960433,0.001215920683430698,0.15281626816051608,0.9490721525791616,0.0032049238812126455,-0.05457564156619998,0.29630852374732036,0.32031962143837833,0.0390773220209411,0.022252643494689063,0.9448416713402594,0.9873356873823018,0.009688075607526415,0.3262347769050711,0.3009618111013602,0.29728281496450093,0.04189255913358446,0.021766774558649952,1.0895499003215927,0.9958701109156322,0.004529073292046837,0.08596724144731824,0.47219427601175595,0.5659203261567007,0.03744103809314197,0.018788088230916863,0.9569530394349002,0.9927625334393737,0.0073974375440619125,0.2758339564030229
