,Pruebas,coef(a)_6am-MLP,rsquared_6am-MLP,Standard Error_6am-MLP,coef(b)_6am-MLP,coef(a)_Acu-6am-MLP,rsquared_Acu-6am-MLP,Standard Error_Acu-6am-MLP,coef(b)_Acu-6am-MLP,coef(a)_6am-Beysens,rsquared_6am-Beysens,Standard Error_6am-Beysens,coef(b)_6am-Beysens,coef(a)_Acu-6am-Beysens,rsquared_Acu-6am-Beysens,Standard Error_Acu-6am-Beysens,coef(b)_Acu-6am-Beysens,coef(a)_Beysens-PM,rsquared_Beysens-PM,Standard Error_Beysens-PM,coef(b)_Beysens-PM,coef(a)_Acu-Beysens-PM,rsquared_Acu-Beysens-PM,Standard Error_Acu-Beysens-PM,coef(b)_Acu-Beysens-PM,coef(a)_MLP-PM,rsquared_MLP-PM,Standard Error_MLP-PM,coef(b)_MLP-PM,coef(a)_Acu-MLP-PM,rsquared_Acu-MLP-PM,Standard Error_Acu-MLP-PM,coef(b)_Acu-MLP-PM,coef(a)_Pd-MLP-LM,rsquared_Pd-MLP-LM,Standard Error_Pd-MLP-LM,coef(b)_Pd-MLP-LM,coef(a)_Acu-Pd-MLP-LM,rsquared_Acu-Pd-MLP-LM,Standard Error_Acu-Pd-MLP-LM,coef(b)_Acu-Pd-MLP-LM,coef(a)_6am-MLP-LM,rsquared_6am-MLP-LM,Standard Error_6am-MLP-LM,coef(b)_6am-MLP-LM,coef(a)_Acu-6am-MLP-LM,rsquared_Acu-6am-MLP-LM,Standard Error_Acu-6am-MLP-LM,coef(b)_Acu-6am-MLP-LM
0,7.0,0.48034508273768906,0.38876454015575423,0.054529863686673175,0.019507205169423517,1.046298597789396,0.9885892871976901,0.010177102908306363,0.20373468237775844,0.7221382057201913,0.4048142624792852,0.07927545848351242,0.01459630812072795,1.208485075570533,0.9856717948578643,0.013191406598138049,-0.18619223197302195,0.039048865325210624,0.013101885037358874,0.03068299652893422,0.0011893686836322707,0.07381614344268758,0.647398611045838,0.004932051058258789,-0.04681169196751717,0.21863185880345967,0.17867042390957,0.04243908120596075,0.024526688591636158,1.0230549230508617,0.9837539668364406,0.011902808647458954,0.14585012981240292,0.32578506561987924,0.2647051696761956,0.04915874993873469,0.020151957399488253,1.0633695750710814,0.9962706228742638,0.004199601657381031,-0.03354843837924028,0.43140676182656473,0.33752958621615814,0.054718521001132725,0.019185835450021314,1.0006836152782221,0.9878250119247476,0.010057988540228907,0.17879050565076596
