,Pruebas,coef(a)_6am-MLP,rsquared_6am-MLP,Standard Error_6am-MLP,coef(b)_6am-MLP,coef(a)_Acu-6am-MLP,rsquared_Acu-6am-MLP,Standard Error_Acu-6am-MLP,coef(b)_Acu-6am-MLP,coef(a)_6am-Beysens,rsquared_6am-Beysens,Standard Error_6am-Beysens,coef(b)_6am-Beysens,coef(a)_Acu-6am-Beysens,rsquared_Acu-6am-Beysens,Standard Error_Acu-6am-Beysens,coef(b)_Acu-6am-Beysens,coef(a)_Beysens-PM,rsquared_Beysens-PM,Standard Error_Beysens-PM,coef(b)_Beysens-PM,coef(a)_Acu-Beysens-PM,rsquared_Acu-Beysens-PM,Standard Error_Acu-Beysens-PM,coef(b)_Acu-Beysens-PM,coef(a)_MLP-PM,rsquared_MLP-PM,Standard Error_MLP-PM,coef(b)_MLP-PM,coef(a)_Acu-MLP-PM,rsquared_Acu-MLP-PM,Standard Error_Acu-MLP-PM,coef(b)_Acu-MLP-PM,coef(a)_Pd-MLP-LM,rsquared_Pd-MLP-LM,Standard Error_Pd-MLP-LM,coef(b)_Pd-MLP-LM,coef(a)_Acu-Pd-MLP-LM,rsquared_Acu-Pd-MLP-LM,Standard Error_Acu-Pd-MLP-LM,coef(b)_Acu-Pd-MLP-LM,coef(a)_6am-MLP-LM,rsquared_6am-MLP-LM,Standard Error_6am-MLP-LM,coef(b)_6am-MLP-LM,coef(a)_Acu-6am-MLP-LM,rsquared_Acu-6am-MLP-LM,Standard Error_Acu-6am-MLP-LM,coef(b)_Acu-6am-MLP-LM
0,6.0,0.4056549634055106,0.24453613271512464,0.06455237294029988,0.023892280037442218,0.9468903560738214,0.9690865144597713,0.01531131475949692,-0.02957999596856096,0.4048204281085085,0.1556002161550768,0.08537907851868226,0.02561559010258431,1.0077423784485102,0.9630758891781502,0.017864644348857286,-0.1848126715950264,0.0035169584821726973,0.02075588401291728,0.002187067534938989,-0.001674468869149913,0.11592962799316289,0.8258145481360262,0.004820356980831043,-0.04699768305629708,0.2833056073743533,0.16592259912535545,0.05750766222140655,0.026427741837012,1.003299542213259,0.9800097882991201,0.012973112649300218,0.0166934502482741,0.3237635860710006,0.17649484233101664,0.06331626416491207,0.02589929292077041,1.075518321230128,0.9950146328632393,0.004914123098970001,0.04517218536734509,0.30071555597224153,0.21688580258179002,0.05173363676918476,0.022786816411985843,0.8262739372727427,0.9689339052327589,0.013394928291697942,0.00636134238439668
