,Pruebas,coef(a)_6am-MLP,rsquared_6am-MLP,Standard Error_6am-MLP,coef(b)_6am-MLP,coef(a)_Acu-6am-MLP,rsquared_Acu-6am-MLP,Standard Error_Acu-6am-MLP,coef(b)_Acu-6am-MLP,coef(a)_6am-Beysens,rsquared_6am-Beysens,Standard Error_6am-Beysens,coef(b)_6am-Beysens,coef(a)_Acu-6am-Beysens,rsquared_Acu-6am-Beysens,Standard Error_Acu-6am-Beysens,coef(b)_Acu-6am-Beysens,coef(a)_Beysens-PM,rsquared_Beysens-PM,Standard Error_Beysens-PM,coef(b)_Beysens-PM,coef(a)_Acu-Beysens-PM,rsquared_Acu-Beysens-PM,Standard Error_Acu-Beysens-PM,coef(b)_Acu-Beysens-PM,coef(a)_MLP-PM,rsquared_MLP-PM,Standard Error_MLP-PM,coef(b)_MLP-PM,coef(a)_Acu-MLP-PM,rsquared_Acu-MLP-PM,Standard Error_Acu-MLP-PM,coef(b)_Acu-MLP-PM,coef(a)_Pd-MLP-LM,rsquared_Pd-MLP-LM,Standard Error_Pd-MLP-LM,coef(b)_Pd-MLP-LM,coef(a)_Acu-Pd-MLP-LM,rsquared_Acu-Pd-MLP-LM,Standard Error_Acu-Pd-MLP-LM,coef(b)_Acu-Pd-MLP-LM,coef(a)_6am-MLP-LM,rsquared_6am-MLP-LM,Standard Error_6am-MLP-LM,coef(b)_6am-MLP-LM,coef(a)_Acu-6am-MLP-LM,rsquared_Acu-6am-MLP-LM,Standard Error_Acu-6am-MLP-LM,coef(b)_Acu-6am-MLP-LM
0,10.0,0.49106402768846935,0.41787354372113616,0.05247402948546863,0.01827489820620616,1.123218716698792,0.984355016977034,0.012820237917867806,0.1945051465284007,0.6691595422910424,0.34891213322047154,0.08275829318828476,0.01462899847858357,1.0161827060093984,0.9575733491880688,0.019365344791292833,0.5238291408079354,-0.00021454373404829874,0.0004936978780901713,0.0008739730841412162,0.0021099769322435774,0.058442999694423126,0.8426241381757603,0.0022866763294682496,0.02981173291693294,0.3474587145875905,0.14521720984289743,0.07632066396441907,0.028673494980189965,1.3572356872355233,0.9729294263531009,0.0204966750649713,0.0928097209729715,0.3714391422173706,0.1766944610773974,0.0725899923473019,0.025680858749454586,0.9478276638855596,0.9982945877947681,0.002528768571655452,0.07100654190044448,0.35666863327720805,0.2558805378902047,0.055066527374828714,0.01576475269780104,0.8600093190790435,0.976844381931092,0.011987779320735147,0.24910307277584295
