,Pruebas,coef(a)_6am-MLP,rsquared_6am-MLP,Standard Error_6am-MLP,coef(b)_6am-MLP,coef(a)_Acu-6am-MLP,rsquared_Acu-6am-MLP,Standard Error_Acu-6am-MLP,coef(b)_Acu-6am-MLP,coef(a)_6am-Beysens,rsquared_6am-Beysens,Standard Error_6am-Beysens,coef(b)_6am-Beysens,coef(a)_Acu-6am-Beysens,rsquared_Acu-6am-Beysens,Standard Error_Acu-6am-Beysens,coef(b)_Acu-6am-Beysens,coef(a)_Beysens-PM,rsquared_Beysens-PM,Standard Error_Beysens-PM,coef(b)_Beysens-PM,coef(a)_Acu-Beysens-PM,rsquared_Acu-Beysens-PM,Standard Error_Acu-Beysens-PM,coef(b)_Acu-Beysens-PM,coef(a)_MLP-PM,rsquared_MLP-PM,Standard Error_MLP-PM,coef(b)_MLP-PM,coef(a)_Acu-MLP-PM,rsquared_Acu-MLP-PM,Standard Error_Acu-MLP-PM,coef(b)_Acu-MLP-PM,coef(a)_Pd-MLP-LM,rsquared_Pd-MLP-LM,Standard Error_Pd-MLP-LM,coef(b)_Pd-MLP-LM,coef(a)_Acu-Pd-MLP-LM,rsquared_Acu-Pd-MLP-LM,Standard Error_Acu-Pd-MLP-LM,coef(b)_Acu-Pd-MLP-LM,coef(a)_6am-MLP-LM,rsquared_6am-MLP-LM,Standard Error_6am-MLP-LM,coef(b)_6am-MLP-LM,coef(a)_Acu-6am-MLP-LM,rsquared_Acu-6am-MLP-LM,Standard Error_Acu-6am-MLP-LM,coef(b)_Acu-6am-MLP-LM
0,3.0,0.4626961642711992,0.24497615057594535,0.07354183463635217,0.023829360567920222,1.4388100613441548,0.963469987724956,0.02536467877956488,-0.6121660700652498,0.5035728650561729,0.16462654293524004,0.10270055999117518,0.02056330118747159,1.3535465234760384,0.9655123202316256,0.02316041574964108,-0.6153180111979937,0.0008546838194041374,0.002045170273530461,0.0017092920516187469,0.0016404405144309947,0.132482476890188,0.8524058110179715,0.004991027380173694,-0.08994708380327338,0.28160935121544756,0.2235863341686689,0.047510669275950435,0.025259701654823483,1.200311348513897,0.9691039241548929,0.019403518134504,-0.483251490102761,0.2951690944632345,0.2500676425085421,0.046277863860484506,0.02353429976902009,1.001798498818518,0.9959420457461009,0.0041277301336857765,0.11503110254980523,0.38738699336636084,0.34414516498050496,0.04841703040793606,0.018569958714814358,1.1204280200857584,0.9681228833327421,0.018406801113328656,-0.4108935925113941
