,Pruebas,coef(a)_6am-MLP,rsquared_6am-MLP,Standard Error_6am-MLP,coef(b)_6am-MLP,coef(a)_Acu-6am-MLP,rsquared_Acu-6am-MLP,Standard Error_Acu-6am-MLP,coef(b)_Acu-6am-MLP,coef(a)_6am-Beysens,rsquared_6am-Beysens,Standard Error_6am-Beysens,coef(b)_6am-Beysens,coef(a)_Acu-6am-Beysens,rsquared_Acu-6am-Beysens,Standard Error_Acu-6am-Beysens,coef(b)_Acu-6am-Beysens,coef(a)_Beysens-PM,rsquared_Beysens-PM,Standard Error_Beysens-PM,coef(b)_Beysens-PM,coef(a)_Acu-Beysens-PM,rsquared_Acu-Beysens-PM,Standard Error_Acu-Beysens-PM,coef(b)_Acu-Beysens-PM,coef(a)_MLP-PM,rsquared_MLP-PM,Standard Error_MLP-PM,coef(b)_MLP-PM,coef(a)_Acu-MLP-PM,rsquared_Acu-MLP-PM,Standard Error_Acu-MLP-PM,coef(b)_Acu-MLP-PM,coef(a)_Pd-MLP-LM,rsquared_Pd-MLP-LM,Standard Error_Pd-MLP-LM,coef(b)_Pd-MLP-LM,coef(a)_Acu-Pd-MLP-LM,rsquared_Acu-Pd-MLP-LM,Standard Error_Acu-Pd-MLP-LM,coef(b)_Acu-Pd-MLP-LM,coef(a)_6am-MLP-LM,rsquared_6am-MLP-LM,Standard Error_6am-MLP-LM,coef(b)_6am-MLP-LM,coef(a)_Acu-6am-MLP-LM,rsquared_Acu-6am-MLP-LM,Standard Error_Acu-6am-MLP-LM,coef(b)_Acu-6am-MLP-LM
0,8.0,0.4229386302528009,0.49347202407324164,0.038794295680926724,0.019494750192852347,1.0860157906151986,0.9889928360424104,0.01037283264217207,0.11542330433995172,0.5603979426235219,0.320540987260601,0.07386802094034639,0.014612223837797825,1.014242970292082,0.9682318039728531,0.016632927553155027,0.04110703393749872,0.002406209938784453,0.013674821095962297,0.0018501325090562177,-0.0006436147572005781,0.08461246716839294,0.6876242996151419,0.005163182271927607,-0.021024814242933447,0.2806971905457506,0.22877643963845928,0.046659780790510315,0.023961249293032703,1.1674062935666223,0.9898544750208113,0.010700244483701011,0.011032187170036067,0.29978699904088335,0.2556729011483919,0.04630975482581186,0.02278758780287163,1.0576622053268474,0.9658546523528382,0.01283663656076723,0.6046288244669282,4.163336342344337e-17,-inf,2.1633801236689808e-17,0.03073900938034056,1.0932040223781765,0.9890836303755749,0.010397858785594596,0.15310543319965494
