,Pruebas,coef(a)_6am-MLP,rsquared_6am-MLP,Standard Error_6am-MLP,coef(b)_6am-MLP,coef(a)_Acu-6am-MLP,rsquared_Acu-6am-MLP,Standard Error_Acu-6am-MLP,coef(b)_Acu-6am-MLP,coef(a)_6am-Beysens,rsquared_6am-Beysens,Standard Error_6am-Beysens,coef(b)_6am-Beysens,coef(a)_Acu-6am-Beysens,rsquared_Acu-6am-Beysens,Standard Error_Acu-6am-Beysens,coef(b)_Acu-6am-Beysens,coef(a)_Beysens-PM,rsquared_Beysens-PM,Standard Error_Beysens-PM,coef(b)_Beysens-PM,coef(a)_Acu-Beysens-PM,rsquared_Acu-Beysens-PM,Standard Error_Acu-Beysens-PM,coef(b)_Acu-Beysens-PM,coef(a)_MLP-PM,rsquared_MLP-PM,Standard Error_MLP-PM,coef(b)_MLP-PM,coef(a)_Acu-MLP-PM,rsquared_Acu-MLP-PM,Standard Error_Acu-MLP-PM,coef(b)_Acu-MLP-PM,coef(a)_Pd-MLP-LM,rsquared_Pd-MLP-LM,Standard Error_Pd-MLP-LM,coef(b)_Pd-MLP-LM,coef(a)_Acu-Pd-MLP-LM,rsquared_Acu-Pd-MLP-LM,Standard Error_Acu-Pd-MLP-LM,coef(b)_Acu-Pd-MLP-LM,coef(a)_6am-MLP-LM,rsquared_6am-MLP-LM,Standard Error_6am-MLP-LM,coef(b)_6am-MLP-LM,coef(a)_Acu-6am-MLP-LM,rsquared_Acu-6am-MLP-LM,Standard Error_Acu-6am-MLP-LM,coef(b)_Acu-6am-MLP-LM
0,6.0,0.4360885267664008,0.2619991971242588,0.06626332376712966,0.02814886586320752,1.311183718439751,0.989746954510542,0.012082254722960716,0.46162909397068486,0.41509717700314125,0.16831595110783237,0.08353844996787702,0.023282663839690396,1.1082165602696499,0.9797949317236863,0.014408119012230667,0.4327834126632531,0.01316285069386293,0.0021153022298995294,0.02588355994541857,0.0019773466276146795,0.0367968250439458,0.5534341589354839,0.002992541638117645,0.14960967837587869,0.28314595221283595,0.21239270684173983,0.04936458311841908,0.030467423696227604,1.1789530208494468,0.981789533255434,0.014536770224378841,0.7368199828465274,0.2767538862645851,0.1689945288667073,0.05556219928828319,0.025687804385006348,1.0099660615448256,0.993778762658066,0.005158158575198475,0.14688086871398445,0.4103089272814114,0.33263352504763655,0.05261750608895875,0.02391236675986122,1.1318409843282875,0.9875642485190764,0.01149896727501511,0.40673969997102016
