,Pruebas,coef(a)_6am-MLP,rsquared_6am-MLP,Standard Error_6am-MLP,coef(b)_6am-MLP,coef(a)_Acu-6am-MLP,rsquared_Acu-6am-MLP,Standard Error_Acu-6am-MLP,coef(b)_Acu-6am-MLP,coef(a)_6am-Beysens,rsquared_6am-Beysens,Standard Error_6am-Beysens,coef(b)_6am-Beysens,coef(a)_Acu-6am-Beysens,rsquared_Acu-6am-Beysens,Standard Error_Acu-6am-Beysens,coef(b)_Acu-6am-Beysens,coef(a)_Beysens-PM,rsquared_Beysens-PM,Standard Error_Beysens-PM,coef(b)_Beysens-PM,coef(a)_Acu-Beysens-PM,rsquared_Acu-Beysens-PM,Standard Error_Acu-Beysens-PM,coef(b)_Acu-Beysens-PM,coef(a)_MLP-PM,rsquared_MLP-PM,Standard Error_MLP-PM,coef(b)_MLP-PM,coef(a)_Acu-MLP-PM,rsquared_Acu-MLP-PM,Standard Error_Acu-MLP-PM,coef(b)_Acu-MLP-PM,coef(a)_Pd-MLP-LM,rsquared_Pd-MLP-LM,Standard Error_Pd-MLP-LM,coef(b)_Pd-MLP-LM,coef(a)_Acu-Pd-MLP-LM,rsquared_Acu-Pd-MLP-LM,Standard Error_Acu-Pd-MLP-LM,coef(b)_Acu-Pd-MLP-LM,coef(a)_6am-MLP-LM,rsquared_6am-MLP-LM,Standard Error_6am-MLP-LM,coef(b)_6am-MLP-LM,coef(a)_Acu-6am-MLP-LM,rsquared_Acu-6am-MLP-LM,Standard Error_Acu-6am-MLP-LM,coef(b)_Acu-6am-MLP-LM
0,2.0,0.3690857844670465,0.4117200089275659,0.03994279587961577,0.01858232516959227,0.902838332731119,0.9864851750966371,0.009567313520158716,-0.027360958244831722,0.5772115518991732,0.3597065739575217,0.06972209572583427,0.014892988364632433,1.101863242648227,0.9890653212063818,0.010489101981059942,-0.27842321426356786,-0.0002549201295432135,0.0023884944662247998,0.0004716749586851345,0.0015204907748340814,0.03420297821023893,0.8602108716499675,0.0012482979097658126,0.007266534469247509,0.2750024608577842,0.3944518183434327,0.03084849714123797,0.02048160705464451,0.9095207174531514,0.9908069740971382,0.007931720386503333,0.05222312958035789,0.31351210484014536,0.4293367956972739,0.03272391684020073,0.01712497476794981,1.0012843401237932,0.9866812605903172,0.007509221698018055,0.04550795480127896,0.35648989501650663,0.4412654966038084,0.036317846224644464,0.017687350979209707,0.8608000782303129,0.9880954819860639,0.008554188870512668,-0.010298754842754936
