,Pruebas,coef(a)_6am-MLP,rsquared_6am-MLP,Standard Error_6am-MLP,coef(b)_6am-MLP,coef(a)_Acu-6am-MLP,rsquared_Acu-6am-MLP,Standard Error_Acu-6am-MLP,coef(b)_Acu-6am-MLP,coef(a)_6am-Beysens,rsquared_6am-Beysens,Standard Error_6am-Beysens,coef(b)_6am-Beysens,coef(a)_Acu-6am-Beysens,rsquared_Acu-6am-Beysens,Standard Error_Acu-6am-Beysens,coef(b)_Acu-6am-Beysens,coef(a)_Beysens-PM,rsquared_Beysens-PM,Standard Error_Beysens-PM,coef(b)_Beysens-PM,coef(a)_Acu-Beysens-PM,rsquared_Acu-Beysens-PM,Standard Error_Acu-Beysens-PM,coef(b)_Acu-Beysens-PM,coef(a)_MLP-PM,rsquared_MLP-PM,Standard Error_MLP-PM,coef(b)_MLP-PM,coef(a)_Acu-MLP-PM,rsquared_Acu-MLP-PM,Standard Error_Acu-MLP-PM,coef(b)_Acu-MLP-PM,coef(a)_Pd-MLP-LM,rsquared_Pd-MLP-LM,Standard Error_Pd-MLP-LM,coef(b)_Pd-MLP-LM,coef(a)_Acu-Pd-MLP-LM,rsquared_Acu-Pd-MLP-LM,Standard Error_Acu-Pd-MLP-LM,coef(b)_Acu-Pd-MLP-LM,coef(a)_6am-MLP-LM,rsquared_6am-MLP-LM,Standard Error_6am-MLP-LM,coef(b)_6am-MLP-LM,coef(a)_Acu-6am-MLP-LM,rsquared_Acu-6am-MLP-LM,Standard Error_Acu-6am-MLP-LM,coef(b)_Acu-6am-MLP-LM
0,6.0,0.48694555223860797,0.5094100832024747,0.04326393782816703,0.018042174413848894,1.0650766550124473,0.9803076554053032,0.013666851159401984,-0.34844255918562134,0.6992091382909145,0.3977558123732452,0.07789421798618838,0.013500863536965139,1.063393829107401,0.9685256475660388,0.0173554971782364,-0.18006887004474464,0.0011281887046052852,0.0028857303253289057,0.0018986566118066616,0.002037422860845352,0.14226629993921658,0.8807594951618537,0.00473920349698707,-0.08098723980938824,0.27903072601751205,0.2911692704743982,0.039415823859799304,0.022176761795025243,0.9399775228808778,0.972894025801822,0.014204871017633847,-0.3286855875546955,0.2769057379266943,0.22996453735738143,0.04587509244537978,0.02014603517490715,1.1151593449883588,0.9915389667122148,0.006649486609803932,0.02588694435975225,0.4373830538477817,0.5443202201598286,0.03623136390894148,0.016816942709756453,0.9711301342067644,0.9769377456562544,0.01350874331615648,-0.31098076746897285
