,Pruebas,coef(a)_6am-MLP,rsquared_6am-MLP,Standard Error_6am-MLP,coef(b)_6am-MLP,coef(a)_Acu-6am-MLP,rsquared_Acu-6am-MLP,Standard Error_Acu-6am-MLP,coef(b)_Acu-6am-MLP,coef(a)_6am-Beysens,rsquared_6am-Beysens,Standard Error_6am-Beysens,coef(b)_6am-Beysens,coef(a)_Acu-6am-Beysens,rsquared_Acu-6am-Beysens,Standard Error_Acu-6am-Beysens,coef(b)_Acu-6am-Beysens,coef(a)_Beysens-PM,rsquared_Beysens-PM,Standard Error_Beysens-PM,coef(b)_Beysens-PM,coef(a)_Acu-Beysens-PM,rsquared_Acu-Beysens-PM,Standard Error_Acu-Beysens-PM,coef(b)_Acu-Beysens-PM,coef(a)_MLP-PM,rsquared_MLP-PM,Standard Error_MLP-PM,coef(b)_MLP-PM,coef(a)_Acu-MLP-PM,rsquared_Acu-MLP-PM,Standard Error_Acu-MLP-PM,coef(b)_Acu-MLP-PM,coef(a)_Pd-MLP-LM,rsquared_Pd-MLP-LM,Standard Error_Pd-MLP-LM,coef(b)_Pd-MLP-LM,coef(a)_Acu-Pd-MLP-LM,rsquared_Acu-Pd-MLP-LM,Standard Error_Acu-Pd-MLP-LM,coef(b)_Acu-Pd-MLP-LM,coef(a)_6am-MLP-LM,rsquared_6am-MLP-LM,Standard Error_6am-MLP-LM,coef(b)_6am-MLP-LM,coef(a)_Acu-6am-MLP-LM,rsquared_Acu-6am-MLP-LM,Standard Error_Acu-6am-MLP-LM,coef(b)_Acu-6am-MLP-LM
0,4.0,0.5124766097966704,0.32714563431623156,0.06654020142200127,0.022682639103001518,1.4236314575794808,0.982898705822142,0.01700112918754081,0.029803666644996202,0.49665699397271323,0.16257402661348586,0.10205264669339782,0.01812392126320075,1.2638054351526673,0.9701564912518122,0.020068011801137365,0.24264017081505906,-0.002485474212058871,0.04399007169893665,0.0010490186575370336,0.0052178647630862105,0.010088879902841633,0.27558583265605485,0.0014809079369911757,0.13449391985416329,0.3970535157738302,0.3207355486840324,0.05231365002207394,0.02703562266097067,1.3985264194963074,0.989950311455659,0.012757346819763803,0.20782728443595672,0.5395302510855366,0.2643327742381695,0.08148939548013986,0.024922475411389946,1.1002342896855615,0.9942203802605097,0.005414867777083633,-0.4805747374229224,0.522890261868388,0.34108629750019503,0.0657980082105963,0.019454605786726142,1.2464186144927614,0.9897289028415114,0.011495670423349282,0.19790201329908402
