,Pruebas,coef(a)_6am-MLP,rsquared_6am-MLP,Standard Error_6am-MLP,coef(b)_6am-MLP,coef(a)_Acu-6am-MLP,rsquared_Acu-6am-MLP,Standard Error_Acu-6am-MLP,coef(b)_Acu-6am-MLP,coef(a)_6am-Beysens,rsquared_6am-Beysens,Standard Error_6am-Beysens,coef(b)_6am-Beysens,coef(a)_Acu-6am-Beysens,rsquared_Acu-6am-Beysens,Standard Error_Acu-6am-Beysens,coef(b)_Acu-6am-Beysens,coef(a)_Beysens-PM,rsquared_Beysens-PM,Standard Error_Beysens-PM,coef(b)_Beysens-PM,coef(a)_Acu-Beysens-PM,rsquared_Acu-Beysens-PM,Standard Error_Acu-Beysens-PM,coef(b)_Acu-Beysens-PM,coef(a)_MLP-PM,rsquared_MLP-PM,Standard Error_MLP-PM,coef(b)_MLP-PM,coef(a)_Acu-MLP-PM,rsquared_Acu-MLP-PM,Standard Error_Acu-MLP-PM,coef(b)_Acu-MLP-PM,coef(a)_Pd-MLP-LM,rsquared_Pd-MLP-LM,Standard Error_Pd-MLP-LM,coef(b)_Pd-MLP-LM,coef(a)_Acu-Pd-MLP-LM,rsquared_Acu-Pd-MLP-LM,Standard Error_Acu-Pd-MLP-LM,coef(b)_Acu-Pd-MLP-LM,coef(a)_6am-MLP-LM,rsquared_6am-MLP-LM,Standard Error_6am-MLP-LM,coef(b)_6am-MLP-LM,coef(a)_Acu-6am-MLP-LM,rsquared_Acu-6am-MLP-LM,Standard Error_Acu-6am-MLP-LM,coef(b)_Acu-6am-MLP-LM
0,1.0,0.5575532624565527,0.3842090857300665,0.06390564825065226,0.017882136328892212,1.0988316947255925,0.9690574654791331,0.017776834881355365,0.22278619242268788,0.708184545229555,0.3134473377236382,0.0948901568656927,0.01741240958226309,1.232193513073317,0.9807732163295952,0.01561953224672179,0.39681103628293946,-0.0017425825798073184,0.0044553294656278775,0.002358326419163125,0.008436368519778822,0.16947069355480465,0.8981627013147726,0.005166430826085219,0.039086757374113726,0.31625331089433617,0.21118818525673366,0.05533591628946079,0.025393711087024585,1.143385873243546,0.9781854389423814,0.015458791841231254,0.09623461443440616,0.37827790557892105,0.2656161363338728,0.05694629010014836,0.024097422793145133,1.072284054666701,0.9962468092308853,0.00424835769002191,0.020043333373965647,0.5298398005953138,0.3331500691072975,0.06786701848293865,0.01777893557003375,1.0934061487485782,0.9681499216122218,0.017955005518394095,0.10391017523522032
