,Pruebas,coef(a)_6am-MLP,rsquared_6am-MLP,Standard Error_6am-MLP,coef(b)_6am-MLP,coef(a)_Acu-6am-MLP,rsquared_Acu-6am-MLP,Standard Error_Acu-6am-MLP,coef(b)_Acu-6am-MLP,coef(a)_6am-Beysens,rsquared_6am-Beysens,Standard Error_6am-Beysens,coef(b)_6am-Beysens,coef(a)_Acu-6am-Beysens,rsquared_Acu-6am-Beysens,Standard Error_Acu-6am-Beysens,coef(b)_Acu-6am-Beysens,coef(a)_Beysens-PM,rsquared_Beysens-PM,Standard Error_Beysens-PM,coef(b)_Beysens-PM,coef(a)_Acu-Beysens-PM,rsquared_Acu-Beysens-PM,Standard Error_Acu-Beysens-PM,coef(b)_Acu-Beysens-PM,coef(a)_MLP-PM,rsquared_MLP-PM,Standard Error_MLP-PM,coef(b)_MLP-PM,coef(a)_Acu-MLP-PM,rsquared_Acu-MLP-PM,Standard Error_Acu-MLP-PM,coef(b)_Acu-MLP-PM,coef(a)_Pd-MLP-LM,rsquared_Pd-MLP-LM,Standard Error_Pd-MLP-LM,coef(b)_Pd-MLP-LM,coef(a)_Acu-Pd-MLP-LM,rsquared_Acu-Pd-MLP-LM,Standard Error_Acu-Pd-MLP-LM,coef(b)_Acu-Pd-MLP-LM,coef(a)_6am-MLP-LM,rsquared_6am-MLP-LM,Standard Error_6am-MLP-LM,coef(b)_6am-MLP-LM,coef(a)_Acu-6am-MLP-LM,rsquared_Acu-6am-MLP-LM,Standard Error_Acu-6am-MLP-LM,coef(b)_Acu-6am-MLP-LM
0,8.0,0.4490820343023255,0.38233927372996934,0.051676880152655,0.020554443698260146,1.0547770627798794,0.9722842677687402,0.016123054131838854,0.3022807209396282,0.6733946804749867,0.42471980449908975,0.07095421856768407,0.012243173114517388,1.0182579938242124,0.9820925953327938,0.0124485285150409,0.2783312668288478,-0.001610753884723398,0.009344353685375673,0.001501536859203711,0.006014257576104742,0.1075906798457334,0.65924659855625,0.0070031090232137855,0.1184173153884105,0.27675016597776003,0.25342914529301086,0.04300462469882075,0.023878461914415092,1.0042018022033563,0.9424226122233489,0.022472128636089342,0.4838070796511631,0.29034477030213873,0.2623632674790951,0.0440761735754043,0.022594371115040555,0.8830310634033027,0.9861090280272605,0.0067650998318041205,0.23872879286844817,-1.9081958235744878e-17,-inf,8.563008142250288e-18,0.028383344411849983,0.7779182838357416,0.9416796998616324,0.017527191575773187,0.5113825309018525
