,Pruebas,coef(a)_6am-MLP,rsquared_6am-MLP,Standard Error_6am-MLP,coef(b)_6am-MLP,coef(a)_Acu-6am-MLP,rsquared_Acu-6am-MLP,Standard Error_Acu-6am-MLP,coef(b)_Acu-6am-MLP,coef(a)_6am-Beysens,rsquared_6am-Beysens,Standard Error_6am-Beysens,coef(b)_6am-Beysens,coef(a)_Acu-6am-Beysens,rsquared_Acu-6am-Beysens,Standard Error_Acu-6am-Beysens,coef(b)_Acu-6am-Beysens,coef(a)_Beysens-PM,rsquared_Beysens-PM,Standard Error_Beysens-PM,coef(b)_Beysens-PM,coef(a)_Acu-Beysens-PM,rsquared_Acu-Beysens-PM,Standard Error_Acu-Beysens-PM,coef(b)_Acu-Beysens-PM,coef(a)_MLP-PM,rsquared_MLP-PM,Standard Error_MLP-PM,coef(b)_MLP-PM,coef(a)_Acu-MLP-PM,rsquared_Acu-MLP-PM,Standard Error_Acu-MLP-PM,coef(b)_Acu-MLP-PM,coef(a)_Pd-MLP-LM,rsquared_Pd-MLP-LM,Standard Error_Pd-MLP-LM,coef(b)_Pd-MLP-LM,coef(a)_Acu-Pd-MLP-LM,rsquared_Acu-Pd-MLP-LM,Standard Error_Acu-Pd-MLP-LM,coef(b)_Acu-Pd-MLP-LM,coef(a)_6am-MLP-LM,rsquared_6am-MLP-LM,Standard Error_6am-MLP-LM,coef(b)_6am-MLP-LM,coef(a)_Acu-6am-MLP-LM,rsquared_Acu-6am-MLP-LM,Standard Error_Acu-6am-MLP-LM,coef(b)_Acu-6am-MLP-LM
0,1.0,0.4235083981766057,0.5440118257179655,0.03510384935232268,0.01805429224022002,1.1195504527986897,0.9681026407383866,0.018398415275731037,0.053669793249931486,0.6474417515158053,0.414552572551512,0.06965863029924277,0.01504829417719718,1.1905457134435145,0.9539157018834469,0.023691232252615605,0.0339805106537992,0.0757963648358607,0.11859354208605344,0.018707943776098475,-0.0006767224854442131,0.05082651035173668,0.4670397923025803,0.004915648580449122,0.05477777763468679,0.32543858982057006,0.48470543060900906,0.03037931375193339,0.020122981040945308,1.0485594725224894,0.9704732405630176,0.016558815344533094,0.26754851245627526,0.4100743752107776,0.45011139351218055,0.0410355346247083,0.017936244564226614,1.0336548122951639,0.9953403270754487,0.0045652212105623735,0.37638728178572883,0.3815251755258915,0.5352055247210288,0.03218944363690272,0.018004488088362434,1.053127280027249,0.9774736582457844,0.014474172743423164,-0.0018756860170373105
