,Pruebas,coef(a)_6am-MLP,rsquared_6am-MLP,Standard Error_6am-MLP,coef(b)_6am-MLP,coef(a)_Acu-6am-MLP,rsquared_Acu-6am-MLP,Standard Error_Acu-6am-MLP,coef(b)_Acu-6am-MLP,coef(a)_6am-Beysens,rsquared_6am-Beysens,Standard Error_6am-Beysens,coef(b)_6am-Beysens,coef(a)_Acu-6am-Beysens,rsquared_Acu-6am-Beysens,Standard Error_Acu-6am-Beysens,coef(b)_Acu-6am-Beysens,coef(a)_Beysens-PM,rsquared_Beysens-PM,Standard Error_Beysens-PM,coef(b)_Beysens-PM,coef(a)_Acu-Beysens-PM,rsquared_Acu-Beysens-PM,Standard Error_Acu-Beysens-PM,coef(b)_Acu-Beysens-PM,coef(a)_MLP-PM,rsquared_MLP-PM,Standard Error_MLP-PM,coef(b)_MLP-PM,coef(a)_Acu-MLP-PM,rsquared_Acu-MLP-PM,Standard Error_Acu-MLP-PM,coef(b)_Acu-MLP-PM,coef(a)_Pd-MLP-LM,rsquared_Pd-MLP-LM,Standard Error_Pd-MLP-LM,coef(b)_Pd-MLP-LM,coef(a)_Acu-Pd-MLP-LM,rsquared_Acu-Pd-MLP-LM,Standard Error_Acu-Pd-MLP-LM,coef(b)_Acu-Pd-MLP-LM,coef(a)_6am-MLP-LM,rsquared_6am-MLP-LM,Standard Error_6am-MLP-LM,coef(b)_6am-MLP-LM,coef(a)_Acu-6am-MLP-LM,rsquared_Acu-6am-MLP-LM,Standard Error_Acu-6am-MLP-LM,coef(b)_Acu-6am-MLP-LM
0,6.0,0.4714503672677667,0.3522709073113185,0.05787811206709614,0.014834295007211482,1.0037229163012091,0.9855395066731678,0.011007494114170591,-0.12146876508938623,0.9783084492516901,0.4670457047329145,0.09461525870499575,0.009357843507081498,1.3232812985954798,0.9859114277362748,0.014321443737090173,-0.09182718212242448,-0.0004534169728904211,0.00023390692685809622,0.0026837713854455424,0.0068175565842085286,0.26066153633607836,0.8752293488310954,0.008910299866282842,-0.10979037464343783,0.3206276313190014,0.21475181379705477,0.05550807064902206,0.02028842024205328,1.0724377479809746,0.9806119509515852,0.013652451496746017,-0.170104372782924,0.3087315921269636,0.14077189822550584,0.06905536274115323,0.022420221225706118,1.040731211143926,0.9841010279522497,0.008538815676343,-0.3911234136791235,-6.938893903907228e-18,-inf,1.0704252872826426e-17,0.029228895902633674,0.928904709117455,0.9654048513078416,0.015920038431569878,-0.16652636672698215
