,Pruebas,coef(a)_6am-MLP,rsquared_6am-MLP,Standard Error_6am-MLP,coef(b)_6am-MLP,coef(a)_Acu-6am-MLP,rsquared_Acu-6am-MLP,Standard Error_Acu-6am-MLP,coef(b)_Acu-6am-MLP,coef(a)_6am-Beysens,rsquared_6am-Beysens,Standard Error_6am-Beysens,coef(b)_6am-Beysens,coef(a)_Acu-6am-Beysens,rsquared_Acu-6am-Beysens,Standard Error_Acu-6am-Beysens,coef(b)_Acu-6am-Beysens,coef(a)_Beysens-PM,rsquared_Beysens-PM,Standard Error_Beysens-PM,coef(b)_Beysens-PM,coef(a)_Acu-Beysens-PM,rsquared_Acu-Beysens-PM,Standard Error_Acu-Beysens-PM,coef(b)_Acu-Beysens-PM,coef(a)_MLP-PM,rsquared_MLP-PM,Standard Error_MLP-PM,coef(b)_MLP-PM,coef(a)_Acu-MLP-PM,rsquared_Acu-MLP-PM,Standard Error_Acu-MLP-PM,coef(b)_Acu-MLP-PM,coef(a)_Pd-MLP-LM,rsquared_Pd-MLP-LM,Standard Error_Pd-MLP-LM,coef(b)_Pd-MLP-LM,coef(a)_Acu-Pd-MLP-LM,rsquared_Acu-Pd-MLP-LM,Standard Error_Acu-Pd-MLP-LM,coef(b)_Acu-Pd-MLP-LM,coef(a)_6am-MLP-LM,rsquared_6am-MLP-LM,Standard Error_6am-MLP-LM,coef(b)_6am-MLP-LM,coef(a)_Acu-6am-MLP-LM,rsquared_Acu-6am-MLP-LM,Standard Error_Acu-6am-MLP-LM,coef(b)_Acu-6am-MLP-LM
0,2.0,0.45745263938423686,0.2778067630034037,0.06677616738254331,0.02732314605889922,1.521179491783038,0.9734062684125349,0.022763713839917644,-0.010968743695363464,0.8912130643621607,0.3728970064112985,0.10463491297226515,0.0170780513762891,1.6105109648779377,0.978577205303727,0.02157368264919632,-0.14965891841910745,-2.5422645397703937e-05,1.0830351401036609e-05,0.0006993864254470748,0.0015039647369613303,0.05578548813315701,0.9249531408318686,0.001438625377538588,-0.0074579050879737385,0.22209981180152152,0.1257168076626669,0.053027074711519635,0.028362062703517724,1.2352522548449543,0.9717345563807985,0.01907347478504642,0.08931806923177567,0.2821949440902617,0.17258877553209861,0.055940158720330646,0.026646857736519113,1.0624512957421157,0.9980313389768534,0.0030459080743408433,0.2145781442063913,0.36496441456960005,0.21987117181073823,0.06224000548807936,0.02516691897624546,1.3285844504996667,0.9715201026241623,0.02059456214574638,-0.014853460648366373
