,Pruebas,coef(a)_6am-MLP,rsquared_6am-MLP,Standard Error_6am-MLP,coef(b)_6am-MLP,coef(a)_Acu-6am-MLP,rsquared_Acu-6am-MLP,Standard Error_Acu-6am-MLP,coef(b)_Acu-6am-MLP,coef(a)_6am-Beysens,rsquared_6am-Beysens,Standard Error_6am-Beysens,coef(b)_6am-Beysens,coef(a)_Acu-6am-Beysens,rsquared_Acu-6am-Beysens,Standard Error_Acu-6am-Beysens,coef(b)_Acu-6am-Beysens,coef(a)_Beysens-PM,rsquared_Beysens-PM,Standard Error_Beysens-PM,coef(b)_Beysens-PM,coef(a)_Acu-Beysens-PM,rsquared_Acu-Beysens-PM,Standard Error_Acu-Beysens-PM,coef(b)_Acu-Beysens-PM,coef(a)_MLP-PM,rsquared_MLP-PM,Standard Error_MLP-PM,coef(b)_MLP-PM,coef(a)_Acu-MLP-PM,rsquared_Acu-MLP-PM,Standard Error_Acu-MLP-PM,coef(b)_Acu-MLP-PM,coef(a)_Pd-MLP-LM,rsquared_Pd-MLP-LM,Standard Error_Pd-MLP-LM,coef(b)_Pd-MLP-LM,coef(a)_Acu-Pd-MLP-LM,rsquared_Acu-Pd-MLP-LM,Standard Error_Acu-Pd-MLP-LM,coef(b)_Acu-Pd-MLP-LM,coef(a)_6am-MLP-LM,rsquared_6am-MLP-LM,Standard Error_6am-MLP-LM,coef(b)_6am-MLP-LM,coef(a)_Acu-6am-MLP-LM,rsquared_Acu-6am-MLP-LM,Standard Error_Acu-6am-MLP-LM,coef(b)_Acu-6am-MLP-LM
0,2.0,0.4591415877275431,0.29915744022974944,0.06362488511347533,0.025299631778154846,1.3071008664349502,0.9905273922830892,0.011572593979662888,-0.16785963030986106,0.5387782353777968,0.22013089653159257,0.0918122191219627,0.019914485481068875,1.260450779572961,0.9733018605534645,0.018900038882061907,-0.26075081453373194,0.0008864438364325013,0.00802799182127667,0.0008921082533244944,-0.0005538397009731827,0.04189137213349081,0.6255579634427652,0.0029342910648590017,-0.03989120278084064,0.24933855019625167,0.3140604602860272,0.0333615159785805,0.021219697937933373,0.9460888981492297,0.9882737254087977,0.009330253327776195,-0.04390140268598136,0.2783486763457771,0.32923061101448403,0.035970438629000234,0.020037198156861186,1.0530219185537375,0.9948743102620026,0.004878921595423156,0.09454808835010162,0.37381396017188473,0.33558999786348587,0.04761997288990326,0.022583463510901913,1.1272166644826282,0.9907571727962973,0.009857034780767177,-0.10302006472730053
