,Pruebas,coef(a)_6am-MLP,rsquared_6am-MLP,Standard Error_6am-MLP,coef(b)_6am-MLP,coef(a)_Acu-6am-MLP,rsquared_Acu-6am-MLP,Standard Error_Acu-6am-MLP,coef(b)_Acu-6am-MLP,coef(a)_6am-Beysens,rsquared_6am-Beysens,Standard Error_6am-Beysens,coef(b)_6am-Beysens,coef(a)_Acu-6am-Beysens,rsquared_Acu-6am-Beysens,Standard Error_Acu-6am-Beysens,coef(b)_Acu-6am-Beysens,coef(a)_Beysens-PM,rsquared_Beysens-PM,Standard Error_Beysens-PM,coef(b)_Beysens-PM,coef(a)_Acu-Beysens-PM,rsquared_Acu-Beysens-PM,Standard Error_Acu-Beysens-PM,coef(b)_Acu-Beysens-PM,coef(a)_MLP-PM,rsquared_MLP-PM,Standard Error_MLP-PM,coef(b)_MLP-PM,coef(a)_Acu-MLP-PM,rsquared_Acu-MLP-PM,Standard Error_Acu-MLP-PM,coef(b)_Acu-MLP-PM,coef(a)_Pd-MLP-LM,rsquared_Pd-MLP-LM,Standard Error_Pd-MLP-LM,coef(b)_Pd-MLP-LM,coef(a)_Acu-Pd-MLP-LM,rsquared_Acu-Pd-MLP-LM,Standard Error_Acu-Pd-MLP-LM,coef(b)_Acu-Pd-MLP-LM,coef(a)_6am-MLP-LM,rsquared_6am-MLP-LM,Standard Error_6am-MLP-LM,coef(b)_6am-MLP-LM,coef(a)_Acu-6am-MLP-LM,rsquared_Acu-6am-MLP-LM,Standard Error_Acu-6am-MLP-LM,coef(b)_Acu-6am-MLP-LM
0,3.0,0.4060640110468836,0.42826641067491855,0.04247705937532888,0.016925521018231922,0.889854006871488,0.989056907293309,0.008474190883703886,0.26627399581251454,0.5564000449758597,0.3301955845025317,0.07174565642768374,0.014026480410970432,0.9786191174524916,0.9839109422053708,0.011329772537339789,0.09643695753092099,-0.00020089027207327277,6.782303512342658e-05,0.0022083893959143684,0.005142423382782666,0.12878119325773724,0.8658901099927941,0.004588508526330185,0.09052222806307636,0.3045198326759994,0.32272695424733966,0.03993925717141909,0.018354656791856064,0.9116258193111684,0.9858526311499749,0.009887091166379619,0.1050700218286974,0.3262708628821103,0.359197243137094,0.03945427260167382,0.01865347895130444,1.0483485347149784,0.9972092808731855,0.0035798512436570804,-0.09917372256414597,0.39101606856751625,0.4838976864534781,0.036559968442318874,0.01683391105924651,0.8829149309041558,0.9900091988167364,0.008030072938129275,0.24193319919767564
