,Pruebas,coef(a)_6am-MLP,rsquared_6am-MLP,Standard Error_6am-MLP,coef(b)_6am-MLP,coef(a)_Acu-6am-MLP,rsquared_Acu-6am-MLP,Standard Error_Acu-6am-MLP,coef(b)_Acu-6am-MLP,coef(a)_6am-Beysens,rsquared_6am-Beysens,Standard Error_6am-Beysens,coef(b)_6am-Beysens,coef(a)_Acu-6am-Beysens,rsquared_Acu-6am-Beysens,Standard Error_Acu-6am-Beysens,coef(b)_Acu-6am-Beysens,coef(a)_Beysens-PM,rsquared_Beysens-PM,Standard Error_Beysens-PM,coef(b)_Beysens-PM,coef(a)_Acu-Beysens-PM,rsquared_Acu-Beysens-PM,Standard Error_Acu-Beysens-PM,coef(b)_Acu-Beysens-PM,coef(a)_MLP-PM,rsquared_MLP-PM,Standard Error_MLP-PM,coef(b)_MLP-PM,coef(a)_Acu-MLP-PM,rsquared_Acu-MLP-PM,Standard Error_Acu-MLP-PM,coef(b)_Acu-MLP-PM,coef(a)_Pd-MLP-LM,rsquared_Pd-MLP-LM,Standard Error_Pd-MLP-LM,coef(b)_Pd-MLP-LM,coef(a)_Acu-Pd-MLP-LM,rsquared_Acu-Pd-MLP-LM,Standard Error_Acu-Pd-MLP-LM,coef(b)_Acu-Pd-MLP-LM,coef(a)_6am-MLP-LM,rsquared_6am-MLP-LM,Standard Error_6am-MLP-LM,coef(b)_6am-MLP-LM,coef(a)_Acu-6am-MLP-LM,rsquared_Acu-6am-MLP-LM,Standard Error_Acu-6am-MLP-LM,coef(b)_Acu-6am-MLP-LM
0,10.0,0.5006678601074607,0.2551663860599882,0.07744398952783858,0.02221155056014765,1.1276952928648853,0.9857726573685358,0.012265503037091528,0.11882078257870946,0.5481656816504941,0.2729327618451266,0.0810011864620412,0.01803718603455992,1.024672564969146,0.9841494895242326,0.011773247772721655,0.2549489858018693,-0.0019264353439544968,0.011217588032622627,0.0016374767616737416,0.007193847021389244,0.13062619952928758,0.8929665531687996,0.004094421374624934,0.051971848368188786,0.36910302558752706,0.2796401652984477,0.05363430495111425,0.027097601457623827,1.2650420556958442,0.9878627635527988,0.012695115252844351,-0.1265243237030157,0.3782716350802962,0.19839879419944706,0.06883883825026214,0.02813350948876129,0.9869672334059758,0.9881837071310281,0.006966568182922851,0.2666524252169744,0.4098900542211709,0.5090438104137948,0.036444436001015844,0.01956628154266606,0.9721787633259733,0.9906050960825031,0.008571604164194549,0.06771234781424795
