,Pruebas,coef(a)_6am-MLP,rsquared_6am-MLP,Standard Error_6am-MLP,coef(b)_6am-MLP,coef(a)_Acu-6am-MLP,rsquared_Acu-6am-MLP,Standard Error_Acu-6am-MLP,coef(b)_Acu-6am-MLP,coef(a)_6am-Beysens,rsquared_6am-Beysens,Standard Error_6am-Beysens,coef(b)_6am-Beysens,coef(a)_Acu-6am-Beysens,rsquared_Acu-6am-Beysens,Standard Error_Acu-6am-Beysens,coef(b)_Acu-6am-Beysens,coef(a)_Beysens-PM,rsquared_Beysens-PM,Standard Error_Beysens-PM,coef(b)_Beysens-PM,coef(a)_Acu-Beysens-PM,rsquared_Acu-Beysens-PM,Standard Error_Acu-Beysens-PM,coef(b)_Acu-Beysens-PM,coef(a)_MLP-PM,rsquared_MLP-PM,Standard Error_MLP-PM,coef(b)_MLP-PM,coef(a)_Acu-MLP-PM,rsquared_Acu-MLP-PM,Standard Error_Acu-MLP-PM,coef(b)_Acu-MLP-PM,coef(a)_Pd-MLP-LM,rsquared_Pd-MLP-LM,Standard Error_Pd-MLP-LM,coef(b)_Pd-MLP-LM,coef(a)_Acu-Pd-MLP-LM,rsquared_Acu-Pd-MLP-LM,Standard Error_Acu-Pd-MLP-LM,coef(b)_Acu-Pd-MLP-LM,coef(a)_6am-MLP-LM,rsquared_6am-MLP-LM,Standard Error_6am-MLP-LM,coef(b)_6am-MLP-LM,coef(a)_Acu-6am-MLP-LM,rsquared_Acu-6am-MLP-LM,Standard Error_Acu-6am-MLP-LM,coef(b)_Acu-6am-MLP-LM
0,5.0,0.41503571062706246,0.20402985458223066,0.07421762949954337,0.030955122026454507,1.5101354557420508,0.9681502436436733,0.024798057675422615,-0.4939027349904152,0.5780860623511022,0.308857456872193,0.07829199345067209,0.020797434608445905,1.3086224392895842,0.983703361653994,0.015249351805493538,-0.640663470961294,-0.0006606219023151544,0.000875489285703912,0.0020204934262058965,0.005911207159576378,0.17841079568039928,0.9160494353403918,0.004889827851663546,-0.014291190319868812,0.2819921433262843,0.20759590266944516,0.04987938145320328,0.029236644414819657,1.361064261264095,0.9864777096681281,0.014427138618520654,-0.18564273599051292,0.31663243526111307,0.21482966650933244,0.05480374966817085,0.029071438184414745,1.117479200974412,0.9891982065444759,0.0075377217349314836,-0.36054050291263207,0.38378598181440465,0.23754514971108598,0.06225054062415024,0.029074946014236318,1.3870372749700801,0.9749808509510224,0.020116223039951215,-0.49070012155921094
