,Pruebas,coef(a)_6am-MLP,rsquared_6am-MLP,Standard Error_6am-MLP,coef(b)_6am-MLP,coef(a)_Acu-6am-MLP,rsquared_Acu-6am-MLP,Standard Error_Acu-6am-MLP,coef(b)_Acu-6am-MLP,coef(a)_6am-Beysens,rsquared_6am-Beysens,Standard Error_6am-Beysens,coef(b)_6am-Beysens,coef(a)_Acu-6am-Beysens,rsquared_Acu-6am-Beysens,Standard Error_Acu-6am-Beysens,coef(b)_Acu-6am-Beysens,coef(a)_Beysens-PM,rsquared_Beysens-PM,Standard Error_Beysens-PM,coef(b)_Beysens-PM,coef(a)_Acu-Beysens-PM,rsquared_Acu-Beysens-PM,Standard Error_Acu-Beysens-PM,coef(b)_Acu-Beysens-PM,coef(a)_MLP-PM,rsquared_MLP-PM,Standard Error_MLP-PM,coef(b)_MLP-PM,coef(a)_Acu-MLP-PM,rsquared_Acu-MLP-PM,Standard Error_Acu-MLP-PM,coef(b)_Acu-MLP-PM,coef(a)_Pd-MLP-LM,rsquared_Pd-MLP-LM,Standard Error_Pd-MLP-LM,coef(b)_Pd-MLP-LM,coef(a)_Acu-Pd-MLP-LM,rsquared_Acu-Pd-MLP-LM,Standard Error_Acu-Pd-MLP-LM,coef(b)_Acu-Pd-MLP-LM,coef(a)_6am-MLP-LM,rsquared_6am-MLP-LM,Standard Error_6am-MLP-LM,coef(b)_6am-MLP-LM,coef(a)_Acu-6am-MLP-LM,rsquared_Acu-6am-MLP-LM,Standard Error_Acu-6am-MLP-LM,coef(b)_Acu-6am-MLP-LM
0,9.0,0.44689567546820075,0.4313106774436021,0.04645887493783402,0.017787711725882276,0.9229593101546496,0.9864883691394555,0.009779362428591605,0.16755386785474544,0.6615548879026565,0.3638927281864688,0.07918892709913167,0.014316813088782302,1.0479316263410152,0.9709183543241359,0.016419924881908438,0.053043795734609045,0.07555012358346197,0.1088559867370874,0.01957055091167468,0.0003930923178934658,0.07287372037611972,0.8583207711212504,0.002680521577352815,-0.012687081062384349,0.25935263967012673,0.30830272879537757,0.0351706258818302,0.022414706599355166,0.9640045070310101,0.9884235460510632,0.009445291870417228,0.06712610192611382,0.22296569444386152,0.174712221195362,0.0438731828281311,0.019185322338929084,1.163363607436793,0.9914240689802054,0.006984265878814767,-0.38996966529865057,0.3755328598340292,0.4765595099588933,0.035632237754060936,0.016421413265095726,0.8180598420352381,0.9905751889633654,0.007224333101875115,0.1572897358846056
