,Pruebas,coef(a)_6am-MLP,rsquared_6am-MLP,Standard Error_6am-MLP,coef(b)_6am-MLP,coef(a)_Acu-6am-MLP,rsquared_Acu-6am-MLP,Standard Error_Acu-6am-MLP,coef(b)_Acu-6am-MLP,coef(a)_6am-Beysens,rsquared_6am-Beysens,Standard Error_6am-Beysens,coef(b)_6am-Beysens,coef(a)_Acu-6am-Beysens,rsquared_Acu-6am-Beysens,Standard Error_Acu-6am-Beysens,coef(b)_Acu-6am-Beysens,coef(a)_Beysens-PM,rsquared_Beysens-PM,Standard Error_Beysens-PM,coef(b)_Beysens-PM,coef(a)_Acu-Beysens-PM,rsquared_Acu-Beysens-PM,Standard Error_Acu-Beysens-PM,coef(b)_Acu-Beysens-PM,coef(a)_MLP-PM,rsquared_MLP-PM,Standard Error_MLP-PM,coef(b)_MLP-PM,coef(a)_Acu-MLP-PM,rsquared_Acu-MLP-PM,Standard Error_Acu-MLP-PM,coef(b)_Acu-MLP-PM,coef(a)_Pd-MLP-LM,rsquared_Pd-MLP-LM,Standard Error_Pd-MLP-LM,coef(b)_Pd-MLP-LM,coef(a)_Acu-Pd-MLP-LM,rsquared_Acu-Pd-MLP-LM,Standard Error_Acu-Pd-MLP-LM,coef(b)_Acu-Pd-MLP-LM,coef(a)_6am-MLP-LM,rsquared_6am-MLP-LM,Standard Error_6am-MLP-LM,coef(b)_6am-MLP-LM,coef(a)_Acu-6am-MLP-LM,rsquared_Acu-6am-MLP-LM,Standard Error_Acu-6am-MLP-LM,coef(b)_Acu-6am-MLP-LM
0,3.0,0.65717081457114,0.5488822455445415,0.05393910335713906,0.01373572183717176,1.2390300634358953,0.9915023277057378,0.010384965280832385,-0.11132028569006147,1.0748715018455646,0.6360654556801029,0.07361009333809244,0.0070591664534893316,1.3345759797325651,0.9894603624818779,0.012470303558617732,0.21042385484558207,0.0004395075494818863,0.0011377813324611186,0.0011789891688099355,0.0015976300239599036,0.07607485605789868,0.9090072460773541,0.002179119043311071,0.010087638952552413,0.287960834520976,0.4186659695106292,0.030720802093963297,0.02233802574884166,1.1890773164479582,0.9893423947617835,0.011173434374835872,-0.14075313406709056,0.3815943917978147,0.45829308784138145,0.03756060839635525,0.016473423125404778,1.0624751808305732,0.9945108739243788,0.005095185608347026,-0.15389228223612783,0.5157579135639048,0.29643804816417296,0.07193664815336942,0.014728647078661065,1.1310357214327809,0.977543501265153,0.01552027393265879,-0.15484797146878063
