,Pruebas,coef(a)_6am-MLP,rsquared_6am-MLP,Standard Error_6am-MLP,coef(b)_6am-MLP,coef(a)_Acu-6am-MLP,rsquared_Acu-6am-MLP,Standard Error_Acu-6am-MLP,coef(b)_Acu-6am-MLP,coef(a)_6am-Beysens,rsquared_6am-Beysens,Standard Error_6am-Beysens,coef(b)_6am-Beysens,coef(a)_Acu-6am-Beysens,rsquared_Acu-6am-Beysens,Standard Error_Acu-6am-Beysens,coef(b)_Acu-6am-Beysens,coef(a)_Beysens-PM,rsquared_Beysens-PM,Standard Error_Beysens-PM,coef(b)_Beysens-PM,coef(a)_Acu-Beysens-PM,rsquared_Acu-Beysens-PM,Standard Error_Acu-Beysens-PM,coef(b)_Acu-Beysens-PM,coef(a)_MLP-PM,rsquared_MLP-PM,Standard Error_MLP-PM,coef(b)_MLP-PM,coef(a)_Acu-MLP-PM,rsquared_Acu-MLP-PM,Standard Error_Acu-MLP-PM,coef(b)_Acu-MLP-PM,coef(a)_Pd-MLP-LM,rsquared_Pd-MLP-LM,Standard Error_Pd-MLP-LM,coef(b)_Pd-MLP-LM,coef(a)_Acu-Pd-MLP-LM,rsquared_Acu-Pd-MLP-LM,Standard Error_Acu-Pd-MLP-LM,coef(b)_Acu-Pd-MLP-LM,coef(a)_6am-MLP-LM,rsquared_6am-MLP-LM,Standard Error_6am-MLP-LM,coef(b)_6am-MLP-LM,coef(a)_Acu-6am-MLP-LM,rsquared_Acu-6am-MLP-LM,Standard Error_Acu-6am-MLP-LM,coef(b)_Acu-6am-MLP-LM
0,6.0,0.4022840871285156,0.35202965706088407,0.04941296088643482,0.021164422092605897,1.0243566794451775,0.9900830632966593,0.009281629734823185,0.11413280772657995,0.6715109988111536,0.3836742527013657,0.07705432895686387,0.011942712072289103,0.9679796027220604,0.9934982643209185,0.007089529094305094,0.19643132297949878,0.0016415931987247968,0.04610027199332023,0.0006760600098038121,-0.0014202500608188698,0.03376379708303484,0.6969486720709486,0.002015714706564917,-0.029114079027106457,0.1580740011287906,0.1205124047614855,0.03866157338256202,0.026717314547896207,0.9070497099314498,0.985474724314571,0.009969895864638187,0.23791054305925222,0.2058268972966701,0.150397970670898,0.04429033812566031,0.027316699446135056,1.1891435509551278,0.9839721675388319,0.009796583701749224,-0.6792185794587404,0.34068988683065127,0.33398436763987294,0.043557053698792765,0.02355766991762112,1.021153982170489,0.9848027357550662,0.011484693350961368,0.19832635272695717
