,Pruebas,coef(a)_6am-MLP,rsquared_6am-MLP,Standard Error_6am-MLP,coef(b)_6am-MLP,coef(a)_Acu-6am-MLP,rsquared_Acu-6am-MLP,Standard Error_Acu-6am-MLP,coef(b)_Acu-6am-MLP,coef(a)_6am-Beysens,rsquared_6am-Beysens,Standard Error_6am-Beysens,coef(b)_6am-Beysens,coef(a)_Acu-6am-Beysens,rsquared_Acu-6am-Beysens,Standard Error_Acu-6am-Beysens,coef(b)_Acu-6am-Beysens,coef(a)_Beysens-PM,rsquared_Beysens-PM,Standard Error_Beysens-PM,coef(b)_Beysens-PM,coef(a)_Acu-Beysens-PM,rsquared_Acu-Beysens-PM,Standard Error_Acu-Beysens-PM,coef(b)_Acu-Beysens-PM,coef(a)_MLP-PM,rsquared_MLP-PM,Standard Error_MLP-PM,coef(b)_MLP-PM,coef(a)_Acu-MLP-PM,rsquared_Acu-MLP-PM,Standard Error_Acu-MLP-PM,coef(b)_Acu-MLP-PM,coef(a)_Pd-MLP-LM,rsquared_Pd-MLP-LM,Standard Error_Pd-MLP-LM,coef(b)_Pd-MLP-LM,coef(a)_Acu-Pd-MLP-LM,rsquared_Acu-Pd-MLP-LM,Standard Error_Acu-Pd-MLP-LM,coef(b)_Acu-Pd-MLP-LM,coef(a)_6am-MLP-LM,rsquared_6am-MLP-LM,Standard Error_6am-MLP-LM,coef(b)_6am-MLP-LM,coef(a)_Acu-6am-MLP-LM,rsquared_Acu-6am-MLP-LM,Standard Error_Acu-6am-MLP-LM,coef(b)_Acu-6am-MLP-LM
0,4.0,0.4461465515666623,0.4658233550383478,0.043254313287997385,0.0194196292946652,1.0418085097649605,0.9878549761565112,0.010458287445035816,0.21061377084030614,0.5922588403843962,0.3359145007789188,0.07539269349497488,0.012463172846128533,0.956153218629429,0.9840627433037771,0.011016482908191209,0.1311718111192056,0.0009048537327427252,0.0025110554536001972,0.0016327675503277088,0.0015197439047140648,0.13131776950513796,0.8481226133267488,0.00503107531215992,-0.06622508678157882,0.286545623982001,0.33408792994870284,0.03662620568716115,0.024021771784087827,1.143448041062363,0.9749811563243311,0.016583340728231227,0.011505921995778837,0.2960843453378498,0.34439335122339454,0.03698535786292247,0.02242851687575357,1.0026710168279995,0.9960057753011343,0.004098624745419658,0.043887514192334,0.4204022493459516,0.4617431485004301,0.04109411845166373,0.020600053620938762,1.064049557771226,0.9855591272145013,0.011661040952268178,0.21048444543452965
