,Pruebas,coef(a)_6am-MLP,rsquared_6am-MLP,Standard Error_6am-MLP,coef(b)_6am-MLP,coef(a)_Acu-6am-MLP,rsquared_Acu-6am-MLP,Standard Error_Acu-6am-MLP,coef(b)_Acu-6am-MLP,coef(a)_6am-Beysens,rsquared_6am-Beysens,Standard Error_6am-Beysens,coef(b)_6am-Beysens,coef(a)_Acu-6am-Beysens,rsquared_Acu-6am-Beysens,Standard Error_Acu-6am-Beysens,coef(b)_Acu-6am-Beysens,coef(a)_Beysens-PM,rsquared_Beysens-PM,Standard Error_Beysens-PM,coef(b)_Beysens-PM,coef(a)_Acu-Beysens-PM,rsquared_Acu-Beysens-PM,Standard Error_Acu-Beysens-PM,coef(b)_Acu-Beysens-PM,coef(a)_MLP-PM,rsquared_MLP-PM,Standard Error_MLP-PM,coef(b)_MLP-PM,coef(a)_Acu-MLP-PM,rsquared_Acu-MLP-PM,Standard Error_Acu-MLP-PM,coef(b)_Acu-MLP-PM,coef(a)_Pd-MLP-LM,rsquared_Pd-MLP-LM,Standard Error_Pd-MLP-LM,coef(b)_Pd-MLP-LM,coef(a)_Acu-Pd-MLP-LM,rsquared_Acu-Pd-MLP-LM,Standard Error_Acu-Pd-MLP-LM,coef(b)_Acu-Pd-MLP-LM,coef(a)_6am-MLP-LM,rsquared_6am-MLP-LM,Standard Error_6am-MLP-LM,coef(b)_6am-MLP-LM,coef(a)_Acu-6am-MLP-LM,rsquared_Acu-6am-MLP-LM,Standard Error_Acu-6am-MLP-LM,coef(b)_Acu-6am-MLP-LM
0,3.0,0.5779978775092328,0.5673712500240331,0.04569517803951782,0.017014323206766678,1.1822034203538028,0.9627361612696028,0.021057288550826714,-0.3598496962257913,0.7546341181687521,0.47798021481433384,0.07139947901542089,0.007592442424789951,1.064825895150283,0.9877382134844874,0.010741245330136177,-0.26544042846584526,-0.0006186477652709282,0.006150875880895024,0.0007119594863645082,0.0024361728543167895,0.047206026306060175,0.8096264349479113,0.0020724235094680865,-0.01640191160776524,0.2631015534979044,0.22562961341533538,0.04412856945047625,0.02214541910355975,1.0822427986704493,0.9551569921060139,0.021230233775375612,-0.5375655441517454,0.3400824035428603,0.267360982551066,0.050968312699031404,0.019215265184193808,1.0536913756048465,0.9839110026908009,0.008697498946732708,-0.40978312364479125,0.46520369482753915,0.40292692227183746,0.05127005940515562,0.01554253256901424,1.0040802624108878,0.9574461245233723,0.01916465041481412,-0.3005814344891554
