,Pruebas,coef(a)_6am-MLP,rsquared_6am-MLP,Standard Error_6am-MLP,coef(b)_6am-MLP,coef(a)_Acu-6am-MLP,rsquared_Acu-6am-MLP,Standard Error_Acu-6am-MLP,coef(b)_Acu-6am-MLP,coef(a)_6am-Beysens,rsquared_6am-Beysens,Standard Error_6am-Beysens,coef(b)_6am-Beysens,coef(a)_Acu-6am-Beysens,rsquared_Acu-6am-Beysens,Standard Error_Acu-6am-Beysens,coef(b)_Acu-6am-Beysens,coef(a)_Beysens-PM,rsquared_Beysens-PM,Standard Error_Beysens-PM,coef(b)_Beysens-PM,coef(a)_Acu-Beysens-PM,rsquared_Acu-Beysens-PM,Standard Error_Acu-Beysens-PM,coef(b)_Acu-Beysens-PM,coef(a)_MLP-PM,rsquared_MLP-PM,Standard Error_MLP-PM,coef(b)_MLP-PM,coef(a)_Acu-MLP-PM,rsquared_Acu-MLP-PM,Standard Error_Acu-MLP-PM,coef(b)_Acu-MLP-PM,coef(a)_Pd-MLP-LM,rsquared_Pd-MLP-LM,Standard Error_Pd-MLP-LM,coef(b)_Pd-MLP-LM,coef(a)_Acu-Pd-MLP-LM,rsquared_Acu-Pd-MLP-LM,Standard Error_Acu-Pd-MLP-LM,coef(b)_Acu-Pd-MLP-LM,coef(a)_6am-MLP-LM,rsquared_6am-MLP-LM,Standard Error_6am-MLP-LM,coef(b)_6am-MLP-LM,coef(a)_Acu-6am-MLP-LM,rsquared_Acu-6am-MLP-LM,Standard Error_Acu-6am-MLP-LM,coef(b)_Acu-6am-MLP-LM
0,8.0,0.6383595307776139,0.36400090204745517,0.07639456655522439,0.02146188463880798,1.461703022995117,0.9639418112791618,0.025595037870797394,-0.1399946430791032,0.5900369406789487,0.18637689636586963,0.11161302676725886,0.019329349281068574,1.4609822430152435,0.963271311999511,0.025828156929253568,-0.12960484484518603,-0.000986822691181274,0.0006625698869935359,0.0034697600473380585,0.007888468330588637,0.3323783769750438,0.9153746704103147,0.00914963119196761,-0.16006370355116722,0.3790157891169573,0.09314625203567362,0.10706887221427283,0.03847056779272348,2.138964398226696,0.9693949824453206,0.034408803629715934,-0.5699169818339909,0.36648628114571874,0.08898059951702997,0.10616805261459838,0.03683940864043944,1.0619592400782283,0.9973024387082423,0.0035651224318606887,0.05230267053016455,0.6076133471824169,0.32990083776910106,0.07840165235277201,0.02058681634649062,1.3802212046822215,0.9557030971549371,0.02690258216464932,-0.15690750209398377
