,Pruebas,coef(a)_6am-MLP,rsquared_6am-MLP,Standard Error_6am-MLP,coef(b)_6am-MLP,coef(a)_Acu-6am-MLP,rsquared_Acu-6am-MLP,Standard Error_Acu-6am-MLP,coef(b)_Acu-6am-MLP,coef(a)_6am-Beysens,rsquared_6am-Beysens,Standard Error_6am-Beysens,coef(b)_6am-Beysens,coef(a)_Acu-6am-Beysens,rsquared_Acu-6am-Beysens,Standard Error_Acu-6am-Beysens,coef(b)_Acu-6am-Beysens,coef(a)_Beysens-PM,rsquared_Beysens-PM,Standard Error_Beysens-PM,coef(b)_Beysens-PM,coef(a)_Acu-Beysens-PM,rsquared_Acu-Beysens-PM,Standard Error_Acu-Beysens-PM,coef(b)_Acu-Beysens-PM,coef(a)_MLP-PM,rsquared_MLP-PM,Standard Error_MLP-PM,coef(b)_MLP-PM,coef(a)_Acu-MLP-PM,rsquared_Acu-MLP-PM,Standard Error_Acu-MLP-PM,coef(b)_Acu-MLP-PM,coef(a)_Pd-MLP-LM,rsquared_Pd-MLP-LM,Standard Error_Pd-MLP-LM,coef(b)_Pd-MLP-LM,coef(a)_Acu-Pd-MLP-LM,rsquared_Acu-Pd-MLP-LM,Standard Error_Acu-Pd-MLP-LM,coef(b)_Acu-Pd-MLP-LM,coef(a)_6am-MLP-LM,rsquared_6am-MLP-LM,Standard Error_6am-MLP-LM,coef(b)_6am-MLP-LM,coef(a)_Acu-6am-MLP-LM,rsquared_Acu-6am-MLP-LM,Standard Error_Acu-6am-MLP-LM,coef(b)_Acu-6am-MLP-LM
0,1.0,0.5015981156397032,0.3879044477735464,0.05704573898201479,0.023559538775312333,1.256095299620943,0.9740651506547231,0.018556263707775925,0.09459746563768029,0.5598749518941102,0.22670418390152736,0.09361688479316169,0.015133096216915628,1.0593871884561306,0.9602529914477056,0.019513455886783836,0.1861270672179613,0.0014405776480244333,0.002545685923875385,0.002581670739854101,0.00255483599793374,0.1883905158982685,0.789738727579288,0.008800696543912764,-0.059505453956445874,0.35891271786546697,0.19348041820482165,0.06634342257068312,0.027236332955748503,1.399971847032885,0.9752254151886127,0.020201800302250623,-0.385508654841825,0.3937555047401903,0.1828197111068327,0.07536924158447594,0.026578934422631352,1.077772152681272,0.9981506216327832,0.002994581822451683,-0.050410850190506826,0.4998604921589266,0.33973966331979044,0.06308896525216824,0.020567673546435208,1.0968113050138868,0.9644591979815889,0.01906222906974971,0.16953657078595658
