,Pruebas,coef(a)_6am-MLP,rsquared_6am-MLP,Standard Error_6am-MLP,coef(b)_6am-MLP,coef(a)_Acu-6am-MLP,rsquared_Acu-6am-MLP,Standard Error_Acu-6am-MLP,coef(b)_Acu-6am-MLP,coef(a)_6am-Beysens,rsquared_6am-Beysens,Standard Error_6am-Beysens,coef(b)_6am-Beysens,coef(a)_Acu-6am-Beysens,rsquared_Acu-6am-Beysens,Standard Error_Acu-6am-Beysens,coef(b)_Acu-6am-Beysens,coef(a)_Beysens-PM,rsquared_Beysens-PM,Standard Error_Beysens-PM,coef(b)_Beysens-PM,coef(a)_Acu-Beysens-PM,rsquared_Acu-Beysens-PM,Standard Error_Acu-Beysens-PM,coef(b)_Acu-Beysens-PM,coef(a)_MLP-PM,rsquared_MLP-PM,Standard Error_MLP-PM,coef(b)_MLP-PM,coef(a)_Acu-MLP-PM,rsquared_Acu-MLP-PM,Standard Error_Acu-MLP-PM,coef(b)_Acu-MLP-PM,coef(a)_Pd-MLP-LM,rsquared_Pd-MLP-LM,Standard Error_Pd-MLP-LM,coef(b)_Pd-MLP-LM,coef(a)_Acu-Pd-MLP-LM,rsquared_Acu-Pd-MLP-LM,Standard Error_Acu-Pd-MLP-LM,coef(b)_Acu-Pd-MLP-LM,coef(a)_6am-MLP-LM,rsquared_6am-MLP-LM,Standard Error_6am-MLP-LM,coef(b)_6am-MLP-LM,coef(a)_Acu-6am-MLP-LM,rsquared_Acu-6am-MLP-LM,Standard Error_Acu-6am-MLP-LM,coef(b)_Acu-6am-MLP-LM
0,5.0,0.5450781870798693,0.25671514192107936,0.08397128893854575,0.024642409384474664,1.7004210177718764,0.9774871366200708,0.02336341867755372,-0.3146725674937583,0.8486044972946035,0.38054908674725807,0.09802199120385705,0.015211097842359772,1.6298795509143722,0.9668373448066541,0.027328987048196737,-0.4292658393258949,0.0022946175482303917,0.011957722732340414,0.0018883996865508633,-0.0004095163977368507,0.135662973601344,0.8411113332379851,0.005338277363331765,-0.06869654601045644,0.30932052354619366,0.16714523902705014,0.06251243760367972,0.02953076214888129,1.5931573971845356,0.9553459646108358,0.031183782260761725,-0.35322261738219923,0.3110032899450895,0.19040314429937255,0.05806071613329579,0.02842002921100535,1.035461183642667,0.9902130564696793,0.006644884232562144,-0.06154788674029201,0.532166294619694,0.385582293663429,0.06081920600290206,0.021087207079050402,1.5019525295841856,0.981254919105413,0.018794424254616665,-0.3121528804427628
