,Pruebas,coef(a)_6am-MLP,rsquared_6am-MLP,Standard Error_6am-MLP,coef(b)_6am-MLP,coef(a)_Acu-6am-MLP,rsquared_Acu-6am-MLP,Standard Error_Acu-6am-MLP,coef(b)_Acu-6am-MLP,coef(a)_6am-Beysens,rsquared_6am-Beysens,Standard Error_6am-Beysens,coef(b)_6am-Beysens,coef(a)_Acu-6am-Beysens,rsquared_Acu-6am-Beysens,Standard Error_Acu-6am-Beysens,coef(b)_Acu-6am-Beysens,coef(a)_Beysens-PM,rsquared_Beysens-PM,Standard Error_Beysens-PM,coef(b)_Beysens-PM,coef(a)_Acu-Beysens-PM,rsquared_Acu-Beysens-PM,Standard Error_Acu-Beysens-PM,coef(b)_Acu-Beysens-PM,coef(a)_MLP-PM,rsquared_MLP-PM,Standard Error_MLP-PM,coef(b)_MLP-PM,coef(a)_Acu-MLP-PM,rsquared_Acu-MLP-PM,Standard Error_Acu-MLP-PM,coef(b)_Acu-MLP-PM,coef(a)_Pd-MLP-LM,rsquared_Pd-MLP-LM,Standard Error_Pd-MLP-LM,coef(b)_Pd-MLP-LM,coef(a)_Acu-Pd-MLP-LM,rsquared_Acu-Pd-MLP-LM,Standard Error_Acu-Pd-MLP-LM,coef(b)_Acu-Pd-MLP-LM,coef(a)_6am-MLP-LM,rsquared_6am-MLP-LM,Standard Error_6am-MLP-LM,coef(b)_6am-MLP-LM,coef(a)_Acu-6am-MLP-LM,rsquared_Acu-6am-MLP-LM,Standard Error_Acu-6am-MLP-LM,coef(b)_Acu-6am-MLP-LM
0,5.0,0.4891033415676443,0.5172491607137635,0.04277916606497223,0.019729783239932824,1.2051860711414508,0.9674524778258939,0.020013282951881924,0.2829241091038023,0.9084107998568627,0.5284220608986399,0.07769420788208337,0.012514252347199897,1.2348987669840632,0.9770254870685046,0.017144374767912175,0.483828976680281,-0.0016375130210664322,0.004769905294329857,0.0021414686388442636,0.00690326648981,0.16884655370203291,0.8599812478958172,0.0061682347837504325,0.08824289920683945,0.29059776694609674,0.17417341919034757,0.05728828000464657,0.02724074039628311,1.3048591360625976,0.9621562626395604,0.02342922488897609,0.3310604327021921,0.3281766745294633,0.2100389626790945,0.057620990230133395,0.025589169620612064,1.055066656062408,0.9930719464445583,0.005688392272107666,-0.43793465797830056,0.4774799266564942,0.5304752686172622,0.04066978231447412,0.017937565107289288,1.1355600887190171,0.9681876308171427,0.018635817309823135,0.23124546376824956
