,Pruebas,coef(a)_6am-MLP,rsquared_6am-MLP,Standard Error_6am-MLP,coef(b)_6am-MLP,coef(a)_Acu-6am-MLP,rsquared_Acu-6am-MLP,Standard Error_Acu-6am-MLP,coef(b)_Acu-6am-MLP,coef(a)_6am-Beysens,rsquared_6am-Beysens,Standard Error_6am-Beysens,coef(b)_6am-Beysens,coef(a)_Acu-6am-Beysens,rsquared_Acu-6am-Beysens,Standard Error_Acu-6am-Beysens,coef(b)_Acu-6am-Beysens,coef(a)_Beysens-PM,rsquared_Beysens-PM,Standard Error_Beysens-PM,coef(b)_Beysens-PM,coef(a)_Acu-Beysens-PM,rsquared_Acu-Beysens-PM,Standard Error_Acu-Beysens-PM,coef(b)_Acu-Beysens-PM,coef(a)_MLP-PM,rsquared_MLP-PM,Standard Error_MLP-PM,coef(b)_MLP-PM,coef(a)_Acu-MLP-PM,rsquared_Acu-MLP-PM,Standard Error_Acu-MLP-PM,coef(b)_Acu-MLP-PM,coef(a)_Pd-MLP-LM,rsquared_Pd-MLP-LM,Standard Error_Pd-MLP-LM,coef(b)_Pd-MLP-LM,coef(a)_Acu-Pd-MLP-LM,rsquared_Acu-Pd-MLP-LM,Standard Error_Acu-Pd-MLP-LM,coef(b)_Acu-Pd-MLP-LM,coef(a)_6am-MLP-LM,rsquared_6am-MLP-LM,Standard Error_6am-MLP-LM,coef(b)_6am-MLP-LM,coef(a)_Acu-6am-MLP-LM,rsquared_Acu-6am-MLP-LM,Standard Error_Acu-6am-MLP-LM,coef(b)_Acu-6am-MLP-LM
0,2.0,0.39977822292622367,0.5746915782727188,0.031136786934830584,0.017415590596126636,0.8970415680541644,0.9886464011537676,0.008703199288311179,0.002930109818478799,0.673465942826627,0.47923639858389644,0.06355959715764929,0.011587807448186466,1.0247979046937448,0.9799586035366926,0.0132683964083914,-0.1841418628881985,0.002392440428856272,0.013812170773814025,0.0018302485312500394,-0.0003095544482292652,0.13218498333711162,0.8358317555355645,0.005303802561813695,-0.0822807804982828,0.33743056868369387,0.27256234014667124,0.049907916873114314,0.02455136418659662,1.1090774834316655,0.9867544089822824,0.011633572697962957,0.2823446034894333,0.42267058844979555,0.3464335835075709,0.05256019405091704,0.019953612353433688,0.9793533355460596,0.9937154488927868,0.005027358958735673,0.2351599237320188,0.4118553553190567,0.45906951181215827,0.040475878697245046,0.020112364885824942,0.9966743879347277,0.9850099179055636,0.011131535793592754,-0.05571166246388444
