,Pruebas,coef(a)_6am-MLP,rsquared_6am-MLP,Standard Error_6am-MLP,coef(b)_6am-MLP,coef(a)_Acu-6am-MLP,rsquared_Acu-6am-MLP,Standard Error_Acu-6am-MLP,coef(b)_Acu-6am-MLP,coef(a)_6am-Beysens,rsquared_6am-Beysens,Standard Error_6am-Beysens,coef(b)_6am-Beysens,coef(a)_Acu-6am-Beysens,rsquared_Acu-6am-Beysens,Standard Error_Acu-6am-Beysens,coef(b)_Acu-6am-Beysens,coef(a)_Beysens-PM,rsquared_Beysens-PM,Standard Error_Beysens-PM,coef(b)_Beysens-PM,coef(a)_Acu-Beysens-PM,rsquared_Acu-Beysens-PM,Standard Error_Acu-Beysens-PM,coef(b)_Acu-Beysens-PM,coef(a)_MLP-PM,rsquared_MLP-PM,Standard Error_MLP-PM,coef(b)_MLP-PM,coef(a)_Acu-MLP-PM,rsquared_Acu-MLP-PM,Standard Error_Acu-MLP-PM,coef(b)_Acu-MLP-PM,coef(a)_Pd-MLP-LM,rsquared_Pd-MLP-LM,Standard Error_Pd-MLP-LM,coef(b)_Pd-MLP-LM,coef(a)_Acu-Pd-MLP-LM,rsquared_Acu-Pd-MLP-LM,Standard Error_Acu-Pd-MLP-LM,coef(b)_Acu-Pd-MLP-LM,coef(a)_6am-MLP-LM,rsquared_6am-MLP-LM,Standard Error_6am-MLP-LM,coef(b)_6am-MLP-LM,coef(a)_Acu-6am-MLP-LM,rsquared_Acu-6am-MLP-LM,Standard Error_Acu-6am-MLP-LM,coef(b)_Acu-6am-MLP-LM
0,3.0,0.4505193961737048,0.44268981097102134,0.04576487877015166,0.016055977321671307,0.9575062882684818,0.9804115405645366,0.01225342946646366,0.18891713570498628,0.6630873386686476,0.38061281882164144,0.07658262015960729,0.011455499953121033,1.0598608680505974,0.9726015000423149,0.016105153474346785,0.11671055002563496,0.0024861125059326785,0.027388894012404963,0.0013412916696891298,-0.0020635647940567626,0.01699242202125268,0.34789874291173295,0.0021062332246567085,-0.013386763887800532,0.26807174827876157,0.2156868906579521,0.046281137081810766,0.023503000869004496,1.0719984829447318,0.9779746324737089,0.014565052094137044,0.2584491136242456,0.40016902346009,0.2789220526094004,0.05825231941158871,0.021739791657065004,1.13974905703058,0.9892825139052898,0.0076575513571160185,-0.4504244844171567,0.4084883695395304,0.5240942995795862,0.03524159080970453,0.016649172209092185,0.9236298921791702,0.9736153678036013,0.01376574995009149,0.28901004261140284
