,Pruebas,coef(a)_6am-MLP,rsquared_6am-MLP,Standard Error_6am-MLP,coef(b)_6am-MLP,coef(a)_Acu-6am-MLP,rsquared_Acu-6am-MLP,Standard Error_Acu-6am-MLP,coef(b)_Acu-6am-MLP,coef(a)_6am-Beysens,rsquared_6am-Beysens,Standard Error_6am-Beysens,coef(b)_6am-Beysens,coef(a)_Acu-6am-Beysens,rsquared_Acu-6am-Beysens,Standard Error_Acu-6am-Beysens,coef(b)_Acu-6am-Beysens,coef(a)_Beysens-PM,rsquared_Beysens-PM,Standard Error_Beysens-PM,coef(b)_Beysens-PM,coef(a)_Acu-Beysens-PM,rsquared_Acu-Beysens-PM,Standard Error_Acu-Beysens-PM,coef(b)_Acu-Beysens-PM,coef(a)_MLP-PM,rsquared_MLP-PM,Standard Error_MLP-PM,coef(b)_MLP-PM,coef(a)_Acu-MLP-PM,rsquared_Acu-MLP-PM,Standard Error_Acu-MLP-PM,coef(b)_Acu-MLP-PM,coef(a)_Pd-MLP-LM,rsquared_Pd-MLP-LM,Standard Error_Pd-MLP-LM,coef(b)_Pd-MLP-LM,coef(a)_Acu-Pd-MLP-LM,rsquared_Acu-Pd-MLP-LM,Standard Error_Acu-Pd-MLP-LM,coef(b)_Acu-Pd-MLP-LM,coef(a)_6am-MLP-LM,rsquared_6am-MLP-LM,Standard Error_6am-MLP-LM,coef(b)_6am-MLP-LM,coef(a)_Acu-6am-MLP-LM,rsquared_Acu-6am-MLP-LM,Standard Error_Acu-6am-MLP-LM,coef(b)_Acu-6am-MLP-LM
0,1.0,0.5144183414136694,0.2920573365519369,0.07251060655832638,0.024402752715181813,1.4686428271547858,0.9905841582516117,0.012963436968821818,0.002124911081409081,0.6040433948066342,0.2192750358642157,0.10319119984648263,0.019809250844676093,1.507413416001647,0.9705498480396952,0.023773181600773206,-0.4181345460642927,0.0011028960382866507,0.006018577940396841,0.0012832073854718651,0.0004712171663297032,0.11042993366359935,0.8100235361330506,0.004841812605726805,-0.06544244567741173,0.2513436163323148,0.1624440490453687,0.0516705429757496,0.025826916007640224,1.1911731298597181,0.9810542689435496,0.014986635317640691,0.15143480107298515,0.303681859801897,0.1980709020221053,0.055321827966875986,0.023680408451865725,1.019056804128699,0.997615938657808,0.0032156575621967655,-0.11217693670771237,0.4718381469472139,0.3681774658736189,0.055960561855891024,0.020244915048200224,1.237744726098632,0.9889604016067783,0.011839636133517987,0.04376797378320993
