,Pruebas,coef(a)_6am-MLP,rsquared_6am-MLP,Standard Error_6am-MLP,coef(b)_6am-MLP,coef(a)_Acu-6am-MLP,rsquared_Acu-6am-MLP,Standard Error_Acu-6am-MLP,coef(b)_Acu-6am-MLP,coef(a)_6am-Beysens,rsquared_6am-Beysens,Standard Error_6am-Beysens,coef(b)_6am-Beysens,coef(a)_Acu-6am-Beysens,rsquared_Acu-6am-Beysens,Standard Error_Acu-6am-Beysens,coef(b)_Acu-6am-Beysens,coef(a)_Beysens-PM,rsquared_Beysens-PM,Standard Error_Beysens-PM,coef(b)_Beysens-PM,coef(a)_Acu-Beysens-PM,rsquared_Acu-Beysens-PM,Standard Error_Acu-Beysens-PM,coef(b)_Acu-Beysens-PM,coef(a)_MLP-PM,rsquared_MLP-PM,Standard Error_MLP-PM,coef(b)_MLP-PM,coef(a)_Acu-MLP-PM,rsquared_Acu-MLP-PM,Standard Error_Acu-MLP-PM,coef(b)_Acu-MLP-PM,coef(a)_Pd-MLP-LM,rsquared_Pd-MLP-LM,Standard Error_Pd-MLP-LM,coef(b)_Pd-MLP-LM,coef(a)_Acu-Pd-MLP-LM,rsquared_Acu-Pd-MLP-LM,Standard Error_Acu-Pd-MLP-LM,coef(b)_Acu-Pd-MLP-LM,coef(a)_6am-MLP-LM,rsquared_6am-MLP-LM,Standard Error_6am-MLP-LM,coef(b)_6am-MLP-LM,coef(a)_Acu-6am-MLP-LM,rsquared_Acu-6am-MLP-LM,Standard Error_Acu-6am-MLP-LM,coef(b)_Acu-6am-MLP-LM
0,2.0,0.6343963885591407,0.4674473660988345,0.06130497455942382,0.01996119317968438,1.2520720758929178,0.9827450886171374,0.015020532799917417,0.22995370981317093,0.9308505435574944,0.4707683788792958,0.08935508903092533,0.014528500362338478,1.4565366762215743,0.9919333065956929,0.011891812373028086,0.15799572992726946,-0.0013216637480999685,0.003137973708166597,0.0021327204762879,0.006324820638044841,0.1397269582201428,0.8434759217282146,0.005449473213939657,0.083611490143496,0.28737939208672914,0.23644730193270025,0.04675499369079793,0.024954003843813043,1.1039433739099165,0.9637896228154309,0.01937279501309308,0.120231558188277,0.28266563538786793,0.24334913219587262,0.04512590838322194,0.020614062840490804,1.0618549847322922,0.9861101060305638,0.008134790076324533,-0.0950551828933184,0.493264564509234,0.4212301200557811,0.05234717564037447,0.019344958067158753,1.0963059454221757,0.9776855350994252,0.014994966480135643,0.1645409042732751
