,Pruebas,coef(a)_6am-MLP,rsquared_6am-MLP,Standard Error_6am-MLP,coef(b)_6am-MLP,coef(a)_Acu-6am-MLP,rsquared_Acu-6am-MLP,Standard Error_Acu-6am-MLP,coef(b)_Acu-6am-MLP,coef(a)_6am-Beysens,rsquared_6am-Beysens,Standard Error_6am-Beysens,coef(b)_6am-Beysens,coef(a)_Acu-6am-Beysens,rsquared_Acu-6am-Beysens,Standard Error_Acu-6am-Beysens,coef(b)_Acu-6am-Beysens,coef(a)_Beysens-PM,rsquared_Beysens-PM,Standard Error_Beysens-PM,coef(b)_Beysens-PM,coef(a)_Acu-Beysens-PM,rsquared_Acu-Beysens-PM,Standard Error_Acu-Beysens-PM,coef(b)_Acu-Beysens-PM,coef(a)_MLP-PM,rsquared_MLP-PM,Standard Error_MLP-PM,coef(b)_MLP-PM,coef(a)_Acu-MLP-PM,rsquared_Acu-MLP-PM,Standard Error_Acu-MLP-PM,coef(b)_Acu-MLP-PM,coef(a)_Pd-MLP-LM,rsquared_Pd-MLP-LM,Standard Error_Pd-MLP-LM,coef(b)_Pd-MLP-LM,coef(a)_Acu-Pd-MLP-LM,rsquared_Acu-Pd-MLP-LM,Standard Error_Acu-Pd-MLP-LM,coef(b)_Acu-Pd-MLP-LM,coef(a)_6am-MLP-LM,rsquared_6am-MLP-LM,Standard Error_6am-MLP-LM,coef(b)_6am-MLP-LM,coef(a)_Acu-6am-MLP-LM,rsquared_Acu-6am-MLP-LM,Standard Error_Acu-6am-MLP-LM,coef(b)_Acu-6am-MLP-LM
0,8.0,0.3141801176315878,0.4318944832177528,0.03262304202716553,0.018618976963388066,0.7255518024216938,0.9874864090361425,0.007394587015360533,0.20822192443126275,0.5068872733128085,0.2801304319728324,0.0735661847884757,0.017709346319499244,0.8814833302198724,0.9816004519545731,0.010926231333096524,-0.08110502702291669,0.003629836246114391,0.05423970241774867,0.0013722682269418731,-0.0029675164805194696,0.0656031283409215,0.6020543234195316,0.004828794126846138,-0.05385890027544682,0.21500287327559817,0.19483124688835285,0.039571129657787564,0.017286129308088892,0.6211991290635642,0.9839839049920173,0.0071752203717841195,0.12138923222221075,0.211353303590188,0.16254494243033835,0.043433333751985305,0.015760679605061025,0.9992594631924698,0.9876973964447119,0.00719878507350933,-0.0869073805889839,2.6020852139652106e-18,-inf,8.278608145685532e-18,0.02710369229316712,0.6599415067062002,0.9812842264256422,0.008251483031512134,0.37118423391317656
