,Pruebas,coef(a)_6am-MLP,rsquared_6am-MLP,Standard Error_6am-MLP,coef(b)_6am-MLP,coef(a)_Acu-6am-MLP,rsquared_Acu-6am-MLP,Standard Error_Acu-6am-MLP,coef(b)_Acu-6am-MLP,coef(a)_6am-Beysens,rsquared_6am-Beysens,Standard Error_6am-Beysens,coef(b)_6am-Beysens,coef(a)_Acu-6am-Beysens,rsquared_Acu-6am-Beysens,Standard Error_Acu-6am-Beysens,coef(b)_Acu-6am-Beysens,coef(a)_Beysens-PM,rsquared_Beysens-PM,Standard Error_Beysens-PM,coef(b)_Beysens-PM,coef(a)_Acu-Beysens-PM,rsquared_Acu-Beysens-PM,Standard Error_Acu-Beysens-PM,coef(b)_Acu-Beysens-PM,coef(a)_MLP-PM,rsquared_MLP-PM,Standard Error_MLP-PM,coef(b)_MLP-PM,coef(a)_Acu-MLP-PM,rsquared_Acu-MLP-PM,Standard Error_Acu-MLP-PM,coef(b)_Acu-MLP-PM,coef(a)_Pd-MLP-LM,rsquared_Pd-MLP-LM,Standard Error_Pd-MLP-LM,coef(b)_Pd-MLP-LM,coef(a)_Acu-Pd-MLP-LM,rsquared_Acu-Pd-MLP-LM,Standard Error_Acu-Pd-MLP-LM,coef(b)_Acu-Pd-MLP-LM,coef(a)_6am-MLP-LM,rsquared_6am-MLP-LM,Standard Error_6am-MLP-LM,coef(b)_6am-MLP-LM,coef(a)_Acu-6am-MLP-LM,rsquared_Acu-6am-MLP-LM,Standard Error_Acu-6am-MLP-LM,coef(b)_Acu-6am-MLP-LM
0,6.0,0.4858226959333682,0.4773908525669809,0.04602028867582603,0.01653984791230597,1.037242616216644,0.9906579517662477,0.00911926056837162,-0.00924189983146663,0.6551238723958996,0.34899690570406106,0.08100731694337174,0.014846216046817268,1.1722437863367778,0.9875530054878651,0.011914890776643497,-0.003533031803914684,0.0017732774493841507,0.010496572976411267,0.001558768649266064,-0.00046118150233440613,0.1134746046156723,0.7456144052146966,0.006000782351796584,-0.09851272705042993,0.28055828671314165,0.25586885541427373,0.04331707998375432,0.024134984956486603,1.0641849052886363,0.9906805516875443,0.009344702114119252,-0.04245192246856296,0.2951855984849092,0.2295756320685045,0.04895728650466867,0.021914302402093078,0.9604092104738893,0.9921518477218435,0.005513727939297983,0.19449728118807452,0.4269525427825599,0.20926948108527654,0.07513823527216411,0.016603137368645937,0.9996914939094963,0.9826153836124193,0.012038624159108518,-0.10633983871011116
