,Pruebas,coef(a)_6am-MLP,rsquared_6am-MLP,Standard Error_6am-MLP,coef(b)_6am-MLP,coef(a)_Acu-6am-MLP,rsquared_Acu-6am-MLP,Standard Error_Acu-6am-MLP,coef(b)_Acu-6am-MLP,coef(a)_6am-Beysens,rsquared_6am-Beysens,Standard Error_6am-Beysens,coef(b)_6am-Beysens,coef(a)_Acu-6am-Beysens,rsquared_Acu-6am-Beysens,Standard Error_Acu-6am-Beysens,coef(b)_Acu-6am-Beysens,coef(a)_Beysens-PM,rsquared_Beysens-PM,Standard Error_Beysens-PM,coef(b)_Beysens-PM,coef(a)_Acu-Beysens-PM,rsquared_Acu-Beysens-PM,Standard Error_Acu-Beysens-PM,coef(b)_Acu-Beysens-PM,coef(a)_MLP-PM,rsquared_MLP-PM,Standard Error_MLP-PM,coef(b)_MLP-PM,coef(a)_Acu-MLP-PM,rsquared_Acu-MLP-PM,Standard Error_Acu-MLP-PM,coef(b)_Acu-MLP-PM,coef(a)_Pd-MLP-LM,rsquared_Pd-MLP-LM,Standard Error_Pd-MLP-LM,coef(b)_Pd-MLP-LM,coef(a)_Acu-Pd-MLP-LM,rsquared_Acu-Pd-MLP-LM,Standard Error_Acu-Pd-MLP-LM,coef(b)_Acu-Pd-MLP-LM,coef(a)_6am-MLP-LM,rsquared_6am-MLP-LM,Standard Error_6am-MLP-LM,coef(b)_6am-MLP-LM,coef(a)_Acu-6am-MLP-LM,rsquared_Acu-6am-MLP-LM,Standard Error_Acu-6am-MLP-LM,coef(b)_Acu-6am-MLP-LM
0,9.0,0.45710078512416674,0.3366993566300981,0.058085283650014474,0.023877756604428063,1.2154192911392951,0.9835204297195952,0.014243852176187441,0.024622604344777158,0.5303075335139501,0.2355167186688406,0.0865009757667699,0.022905061805647935,1.1594399927432284,0.9586125134761644,0.021811289411137007,0.2652559702537245,-0.0009686248020030685,0.0023340728881267037,0.001813055225529728,0.005041511478909128,0.11058710624663892,0.8281163542449363,0.004561379183236645,0.034089666686997575,0.26668218617652273,0.20866857499129754,0.047018067084141676,0.025596746921720388,1.053572803588707,0.9812460552728545,0.013186878017466692,0.18846829328654913,0.2968325111172638,0.26603226641442546,0.04463781032123719,0.024264431791130844,0.9696513572675742,0.9974194465679271,0.003183666010900769,-0.046893012745726576,0.395940522564466,0.36760091507129267,0.0470172618922965,0.022158333871956707,1.094841230309672,0.9843519934587098,0.01249756847390436,0.022480052295110103
