,Pruebas,coef(a)_6am-MLP,rsquared_6am-MLP,Standard Error_6am-MLP,coef(b)_6am-MLP,coef(a)_Acu-6am-MLP,rsquared_Acu-6am-MLP,Standard Error_Acu-6am-MLP,coef(b)_Acu-6am-MLP,coef(a)_6am-Beysens,rsquared_6am-Beysens,Standard Error_6am-Beysens,coef(b)_6am-Beysens,coef(a)_Acu-6am-Beysens,rsquared_Acu-6am-Beysens,Standard Error_Acu-6am-Beysens,coef(b)_Acu-6am-Beysens,coef(a)_Beysens-PM,rsquared_Beysens-PM,Standard Error_Beysens-PM,coef(b)_Beysens-PM,coef(a)_Acu-Beysens-PM,rsquared_Acu-Beysens-PM,Standard Error_Acu-Beysens-PM,coef(b)_Acu-Beysens-PM,coef(a)_MLP-PM,rsquared_MLP-PM,Standard Error_MLP-PM,coef(b)_MLP-PM,coef(a)_Acu-MLP-PM,rsquared_Acu-MLP-PM,Standard Error_Acu-MLP-PM,coef(b)_Acu-MLP-PM,coef(a)_Pd-MLP-LM,rsquared_Pd-MLP-LM,Standard Error_Pd-MLP-LM,coef(b)_Pd-MLP-LM,coef(a)_Acu-Pd-MLP-LM,rsquared_Acu-Pd-MLP-LM,Standard Error_Acu-Pd-MLP-LM,coef(b)_Acu-Pd-MLP-LM,coef(a)_6am-MLP-LM,rsquared_6am-MLP-LM,Standard Error_6am-MLP-LM,coef(b)_6am-MLP-LM,coef(a)_Acu-6am-MLP-LM,rsquared_Acu-6am-MLP-LM,Standard Error_Acu-6am-MLP-LM,coef(b)_Acu-6am-MLP-LM
0,10.0,0.4508680501572406,0.5980291774294989,0.03346614003172557,0.01871639337612993,1.07757047122749,0.9869978227298459,0.011197361792477633,0.19940061777247678,0.7893189584552556,0.46150207788996866,0.07719297952872314,0.015219992840272293,1.3111941510126028,0.9718844861307608,0.0201907650831538,0.08657201378533513,0.0014174537276817735,0.010079706112164244,0.0012717599786740315,-0.0005826350903154445,0.06801997828146451,0.7140304918160385,0.0038972481424796516,-0.041795568275592956,0.2374687809978299,0.28116605415933615,0.03437632780275798,0.020202307354685402,0.9049630800120149,0.9835457544973659,0.010597237067315482,-0.07900471888731006,0.24190090960793834,0.292330572915392,0.034074985266638436,0.022342591499984413,1.026592865557269,0.992574583268206,0.005731541762894342,-0.07230797401251027,0.45758852063152855,0.6022760215850915,0.03366575210723112,0.016158637558857603,0.9832342970125435,0.9863954761826096,0.010454258635097574,0.19495745443593632
