,Pruebas,coef(a)_6am-MLP,rsquared_6am-MLP,Standard Error_6am-MLP,coef(b)_6am-MLP,coef(a)_Acu-6am-MLP,rsquared_Acu-6am-MLP,Standard Error_Acu-6am-MLP,coef(b)_Acu-6am-MLP,coef(a)_6am-Beysens,rsquared_6am-Beysens,Standard Error_6am-Beysens,coef(b)_6am-Beysens,coef(a)_Acu-6am-Beysens,rsquared_Acu-6am-Beysens,Standard Error_Acu-6am-Beysens,coef(b)_Acu-6am-Beysens,coef(a)_Beysens-PM,rsquared_Beysens-PM,Standard Error_Beysens-PM,coef(b)_Beysens-PM,coef(a)_Acu-Beysens-PM,rsquared_Acu-Beysens-PM,Standard Error_Acu-Beysens-PM,coef(b)_Acu-Beysens-PM,coef(a)_MLP-PM,rsquared_MLP-PM,Standard Error_MLP-PM,coef(b)_MLP-PM,coef(a)_Acu-MLP-PM,rsquared_Acu-MLP-PM,Standard Error_Acu-MLP-PM,coef(b)_Acu-MLP-PM,coef(a)_Pd-MLP-LM,rsquared_Pd-MLP-LM,Standard Error_Pd-MLP-LM,coef(b)_Pd-MLP-LM,coef(a)_Acu-Pd-MLP-LM,rsquared_Acu-Pd-MLP-LM,Standard Error_Acu-Pd-MLP-LM,coef(b)_Acu-Pd-MLP-LM,coef(a)_6am-MLP-LM,rsquared_6am-MLP-LM,Standard Error_6am-MLP-LM,coef(b)_6am-MLP-LM,coef(a)_Acu-6am-MLP-LM,rsquared_Acu-6am-MLP-LM,Standard Error_Acu-6am-MLP-LM,coef(b)_Acu-6am-MLP-LM
0,1.0,0.5269556922038623,0.3569489644294921,0.06403446971780516,0.020970601757842433,1.3137929053938768,0.9781648438899863,0.017771296871218527,0.1485782949814249,0.7011152437791106,0.28387521241206504,0.10081847211786901,0.01941040448004914,1.4943862126534906,0.9658660715555061,0.025434172840912293,0.13311792247441917,-0.0007817986514017628,0.004259369597077289,0.0010822197430723547,0.002675269069258885,0.05763057280809513,0.7397874467290677,0.003094451384723802,0.03587971467292149,0.3381836533352865,0.24668581949921164,0.053504304531417544,0.026377912851218425,1.3556554203561837,0.9837208354135477,0.015788814494340362,0.019139854180480177,0.3633598722095935,0.26646506808539405,0.05458173533678045,0.021197770193269995,1.0575929498903556,0.9970531698769182,0.003711344910205366,-0.0586734316683057,0.47957842470315826,0.3942507873959038,0.05381952558377111,0.018929759674401615,1.1773813639952833,0.9771474401160032,0.01630138932733263,0.1257754122095553
