,Pruebas,coef(a)_6am-MLP,rsquared_6am-MLP,Standard Error_6am-MLP,coef(b)_6am-MLP,coef(a)_Acu-6am-MLP,rsquared_Acu-6am-MLP,Standard Error_Acu-6am-MLP,coef(b)_Acu-6am-MLP,coef(a)_6am-Beysens,rsquared_6am-Beysens,Standard Error_6am-Beysens,coef(b)_6am-Beysens,coef(a)_Acu-6am-Beysens,rsquared_Acu-6am-Beysens,Standard Error_Acu-6am-Beysens,coef(b)_Acu-6am-Beysens,coef(a)_Beysens-PM,rsquared_Beysens-PM,Standard Error_Beysens-PM,coef(b)_Beysens-PM,coef(a)_Acu-Beysens-PM,rsquared_Acu-Beysens-PM,Standard Error_Acu-Beysens-PM,coef(b)_Acu-Beysens-PM,coef(a)_MLP-PM,rsquared_MLP-PM,Standard Error_MLP-PM,coef(b)_MLP-PM,coef(a)_Acu-MLP-PM,rsquared_Acu-MLP-PM,Standard Error_Acu-MLP-PM,coef(b)_Acu-MLP-PM,coef(a)_Pd-MLP-LM,rsquared_Pd-MLP-LM,Standard Error_Pd-MLP-LM,coef(b)_Pd-MLP-LM,coef(a)_Acu-Pd-MLP-LM,rsquared_Acu-Pd-MLP-LM,Standard Error_Acu-Pd-MLP-LM,coef(b)_Acu-Pd-MLP-LM,coef(a)_6am-MLP-LM,rsquared_6am-MLP-LM,Standard Error_6am-MLP-LM,coef(b)_6am-MLP-LM,coef(a)_Acu-6am-MLP-LM,rsquared_Acu-6am-MLP-LM,Standard Error_Acu-6am-MLP-LM,coef(b)_Acu-6am-MLP-LM
0,6.0,0.4436264520366872,0.421150689507492,0.047087056733745546,0.021804420049213596,1.0535912456640164,0.9833402182380065,0.01241580812652332,-0.14163386177375303,0.629274086493876,0.28011364003473094,0.09133238030529124,0.02352535751721585,1.2551333796406081,0.9662870895687645,0.021225356779545297,-0.2490086957138094,-0.0006676015730836986,0.0007898165018599412,0.0021498232732703676,0.007748693584023117,0.18843702919240005,0.9439788867865614,0.004156052837251893,-0.00738126200920507,0.4208224000600116,0.17781439548913347,0.08192575870582258,0.03882546027875487,1.5611120291123748,0.9720911155192862,0.02394814656808472,-0.14809286586775028,0.485027176932836,0.1297241926092797,0.11373762278461061,0.03805446134648816,0.9872888835418916,0.9960248573214628,0.0040260568079386605,0.027275341296520428,0.4626931990331268,0.40094026066496724,0.05120453869028788,0.018315582867298383,0.9741517506963706,0.988643379693949,0.009452603108104165,-0.08527624818097108
