,Pruebas,coef(a)_6am-MLP,rsquared_6am-MLP,Standard Error_6am-MLP,coef(b)_6am-MLP,coef(a)_Acu-6am-MLP,rsquared_Acu-6am-MLP,Standard Error_Acu-6am-MLP,coef(b)_Acu-6am-MLP,coef(a)_6am-Beysens,rsquared_6am-Beysens,Standard Error_6am-Beysens,coef(b)_6am-Beysens,coef(a)_Acu-6am-Beysens,rsquared_Acu-6am-Beysens,Standard Error_Acu-6am-Beysens,coef(b)_Acu-6am-Beysens,coef(a)_Beysens-PM,rsquared_Beysens-PM,Standard Error_Beysens-PM,coef(b)_Beysens-PM,coef(a)_Acu-Beysens-PM,rsquared_Acu-Beysens-PM,Standard Error_Acu-Beysens-PM,coef(b)_Acu-Beysens-PM,coef(a)_MLP-PM,rsquared_MLP-PM,Standard Error_MLP-PM,coef(b)_MLP-PM,coef(a)_Acu-MLP-PM,rsquared_Acu-MLP-PM,Standard Error_Acu-MLP-PM,coef(b)_Acu-MLP-PM,coef(a)_Pd-MLP-LM,rsquared_Pd-MLP-LM,Standard Error_Pd-MLP-LM,coef(b)_Pd-MLP-LM,coef(a)_Acu-Pd-MLP-LM,rsquared_Acu-Pd-MLP-LM,Standard Error_Acu-Pd-MLP-LM,coef(b)_Acu-Pd-MLP-LM,coef(a)_6am-MLP-LM,rsquared_6am-MLP-LM,Standard Error_6am-MLP-LM,coef(b)_6am-MLP-LM,coef(a)_Acu-6am-MLP-LM,rsquared_Acu-6am-MLP-LM,Standard Error_Acu-6am-MLP-LM,coef(b)_Acu-6am-MLP-LM
0,8.0,0.478616164047445,0.4662275616761239,0.04636460090554035,0.018071857753451055,1.0437471363773776,0.9907092960473839,0.009150958210892639,0.15666892595533966,0.6262573271898271,0.32146937937815934,0.08237355789300828,0.015862062476239,1.1038624231110838,0.985371781564613,0.012176730444146557,0.12467690013446399,-0.002140800538679595,0.011614092751942251,0.0017879975411871309,0.00800207046635943,0.12351718704989131,0.8199167903491236,0.005240819453740349,0.061717840291329235,0.2896519208033342,0.28246588836909636,0.04179600154174516,0.024255558645233835,1.0817652236221185,0.9848034975428728,0.012166064980145476,0.10029798312968681,0.3364678636986212,0.29498069923937087,0.04709419478581992,0.02333686772764164,1.0491484473412993,0.9918155881191368,0.006151904641541011,0.08021758250542947,0.4761264789775794,0.5188846562149353,0.041507981158292545,0.017624204039710746,1.0319384798211941,0.9892074921966987,0.009758686742084827,0.14962966587790513
