,Pruebas,coef(a)_6am-MLP,rsquared_6am-MLP,Standard Error_6am-MLP,coef(b)_6am-MLP,coef(a)_Acu-6am-MLP,rsquared_Acu-6am-MLP,Standard Error_Acu-6am-MLP,coef(b)_Acu-6am-MLP,coef(a)_6am-Beysens,rsquared_6am-Beysens,Standard Error_6am-Beysens,coef(b)_6am-Beysens,coef(a)_Acu-6am-Beysens,rsquared_Acu-6am-Beysens,Standard Error_Acu-6am-Beysens,coef(b)_Acu-6am-Beysens,coef(a)_Beysens-PM,rsquared_Beysens-PM,Standard Error_Beysens-PM,coef(b)_Beysens-PM,coef(a)_Acu-Beysens-PM,rsquared_Acu-Beysens-PM,Standard Error_Acu-Beysens-PM,coef(b)_Acu-Beysens-PM,coef(a)_MLP-PM,rsquared_MLP-PM,Standard Error_MLP-PM,coef(b)_MLP-PM,coef(a)_Acu-MLP-PM,rsquared_Acu-MLP-PM,Standard Error_Acu-MLP-PM,coef(b)_Acu-MLP-PM,coef(a)_Pd-MLP-LM,rsquared_Pd-MLP-LM,Standard Error_Pd-MLP-LM,coef(b)_Pd-MLP-LM,coef(a)_Acu-Pd-MLP-LM,rsquared_Acu-Pd-MLP-LM,Standard Error_Acu-Pd-MLP-LM,coef(b)_Acu-Pd-MLP-LM,coef(a)_6am-MLP-LM,rsquared_6am-MLP-LM,Standard Error_6am-MLP-LM,coef(b)_6am-MLP-LM,coef(a)_Acu-6am-MLP-LM,rsquared_Acu-6am-MLP-LM,Standard Error_Acu-6am-MLP-LM,coef(b)_Acu-6am-MLP-LM
0,10.0,0.48252515948573493,0.38573278451744275,0.05512840650241081,0.020260452884830832,1.3409167119734908,0.934040840619822,0.03226090230167143,0.3071400256447004,0.6672384057116422,0.34099270040299545,0.08397957880664553,0.015198562039949737,1.3414982140710383,0.9683063147605181,0.02197304128434625,0.13584469646622274,0.001536803483305677,0.036647773849217136,0.0007133574055865634,-0.0012059280405273779,0.030585733812755693,0.6959311465322393,0.0018303823552122478,-0.027900329600699273,0.335676170340236,0.3419726100730769,0.04215673030711989,0.026569890598459465,1.5322153063633714,0.8716048685150017,0.053241996653172974,0.20280523446363125,0.3401337264349824,0.31991761892112414,0.0448984617800832,0.02593271555730734,1.0977944152539265,0.9917611053066671,0.006458718219542544,0.04228944652119172,0.4544464845900953,0.45416659205932186,0.04510506226226334,0.019465914154405285,1.2460817299266165,0.9398322602217952,0.028544555820146224,0.3351070447764733
