,Pruebas,coef(a)_6am-MLP,rsquared_6am-MLP,Standard Error_6am-MLP,coef(b)_6am-MLP,coef(a)_Acu-6am-MLP,rsquared_Acu-6am-MLP,Standard Error_Acu-6am-MLP,coef(b)_Acu-6am-MLP,coef(a)_6am-Beysens,rsquared_6am-Beysens,Standard Error_6am-Beysens,coef(b)_6am-Beysens,coef(a)_Acu-6am-Beysens,rsquared_Acu-6am-Beysens,Standard Error_Acu-6am-Beysens,coef(b)_Acu-6am-Beysens,coef(a)_Beysens-PM,rsquared_Beysens-PM,Standard Error_Beysens-PM,coef(b)_Beysens-PM,coef(a)_Acu-Beysens-PM,rsquared_Acu-Beysens-PM,Standard Error_Acu-Beysens-PM,coef(b)_Acu-Beysens-PM,coef(a)_MLP-PM,rsquared_MLP-PM,Standard Error_MLP-PM,coef(b)_MLP-PM,coef(a)_Acu-MLP-PM,rsquared_Acu-MLP-PM,Standard Error_Acu-MLP-PM,coef(b)_Acu-MLP-PM,coef(a)_Pd-MLP-LM,rsquared_Pd-MLP-LM,Standard Error_Pd-MLP-LM,coef(b)_Pd-MLP-LM,coef(a)_Acu-Pd-MLP-LM,rsquared_Acu-Pd-MLP-LM,Standard Error_Acu-Pd-MLP-LM,coef(b)_Acu-Pd-MLP-LM,coef(a)_6am-MLP-LM,rsquared_6am-MLP-LM,Standard Error_6am-MLP-LM,coef(b)_6am-MLP-LM,coef(a)_Acu-6am-MLP-LM,rsquared_Acu-6am-MLP-LM,Standard Error_Acu-6am-MLP-LM,coef(b)_Acu-6am-MLP-LM
0,4.0,0.43928274718711874,0.2926406794018279,0.06183251242073693,0.024970838574049574,1.3427081738814446,0.9870973712846349,0.013898272379473914,-0.1274352546880681,0.6639553040604037,0.3726131899181978,0.07800052202323536,0.01537618520162878,1.2774016706722686,0.9854393676219535,0.0140579737812761,0.018430507213999053,-7.198571784643732e-05,8.874039333917061e-06,0.0021877808815478914,0.005527112610939617,0.2448375793655229,0.8706989646681556,0.008542109788042849,-0.0743772728853313,0.2399628170496086,0.12490070746692061,0.0575056131665863,0.024217510987653935,1.118903621540591,0.9726527174075918,0.01698599335333829,-0.05792688637140183,0.23927651743292994,0.12746979346360476,0.05667699796891713,0.023896807008262518,1.0159477118458111,0.9952008451286298,0.004553997107237891,0.15314622318480445,0.3406539653452447,0.26231956512610444,0.05171925820819143,0.022865335614578673,1.1585609826454955,0.9868924385302316,0.012088294259295734,-0.08667562424356284
