,Pruebas,coef(a)_6am-MLP,rsquared_6am-MLP,Standard Error_6am-MLP,coef(b)_6am-MLP,coef(a)_Acu-6am-MLP,rsquared_Acu-6am-MLP,Standard Error_Acu-6am-MLP,coef(b)_Acu-6am-MLP,coef(a)_6am-Beysens,rsquared_6am-Beysens,Standard Error_6am-Beysens,coef(b)_6am-Beysens,coef(a)_Acu-6am-Beysens,rsquared_Acu-6am-Beysens,Standard Error_Acu-6am-Beysens,coef(b)_Acu-6am-Beysens,coef(a)_Beysens-PM,rsquared_Beysens-PM,Standard Error_Beysens-PM,coef(b)_Beysens-PM,coef(a)_Acu-Beysens-PM,rsquared_Acu-Beysens-PM,Standard Error_Acu-Beysens-PM,coef(b)_Acu-Beysens-PM,coef(a)_MLP-PM,rsquared_MLP-PM,Standard Error_MLP-PM,coef(b)_MLP-PM,coef(a)_Acu-MLP-PM,rsquared_Acu-MLP-PM,Standard Error_Acu-MLP-PM,coef(b)_Acu-MLP-PM,coef(a)_Pd-MLP-LM,rsquared_Pd-MLP-LM,Standard Error_Pd-MLP-LM,coef(b)_Pd-MLP-LM,coef(a)_Acu-Pd-MLP-LM,rsquared_Acu-Pd-MLP-LM,Standard Error_Acu-Pd-MLP-LM,coef(b)_Acu-Pd-MLP-LM,coef(a)_6am-MLP-LM,rsquared_6am-MLP-LM,Standard Error_6am-MLP-LM,coef(b)_6am-MLP-LM,coef(a)_Acu-6am-MLP-LM,rsquared_Acu-6am-MLP-LM,Standard Error_Acu-6am-MLP-LM,coef(b)_Acu-6am-MLP-LM
0,9.0,0.42286398363362976,0.4025061478921351,0.04664458885767461,0.02429182897331298,1.1909354349007293,0.9720827232470753,0.0182722998321078,0.22945447997412938,0.8809525125648575,0.5198471286931343,0.07665218226147463,0.01644580327295831,1.4592706957016874,0.9845519982286512,0.016549038726555856,0.1895049211626909,0.0013844177555605605,0.00848018943216533,0.0013552991511759252,0.000164059845608492,0.09068853166951027,0.7726392859942337,0.00445391345448496,-0.022824764122722004,0.3055474056313244,0.30863104108986017,0.0414031917409465,0.023829745043374262,1.087608348117342,0.9768299989688539,0.015165130398430478,0.30211755015351244,0.33532023714998604,0.33458639406437296,0.0428125974996569,0.02163806165693613,0.9390149625832229,0.9900184211319345,0.006086181164444301,0.005658263964383084,-3.469446951953614e-17,-inf,2.2042209183921794e-17,0.03093755245208739,0.9603858927284856,0.949522893135257,0.020047506555263262,0.33343479327973297
