,Pruebas,coef(a)_6am-MLP,rsquared_6am-MLP,Standard Error_6am-MLP,coef(b)_6am-MLP,coef(a)_Acu-6am-MLP,rsquared_Acu-6am-MLP,Standard Error_Acu-6am-MLP,coef(b)_Acu-6am-MLP,coef(a)_6am-Beysens,rsquared_6am-Beysens,Standard Error_6am-Beysens,coef(b)_6am-Beysens,coef(a)_Acu-6am-Beysens,rsquared_Acu-6am-Beysens,Standard Error_Acu-6am-Beysens,coef(b)_Acu-6am-Beysens,coef(a)_Beysens-PM,rsquared_Beysens-PM,Standard Error_Beysens-PM,coef(b)_Beysens-PM,coef(a)_Acu-Beysens-PM,rsquared_Acu-Beysens-PM,Standard Error_Acu-Beysens-PM,coef(b)_Acu-Beysens-PM,coef(a)_MLP-PM,rsquared_MLP-PM,Standard Error_MLP-PM,coef(b)_MLP-PM,coef(a)_Acu-MLP-PM,rsquared_Acu-MLP-PM,Standard Error_Acu-MLP-PM,coef(b)_Acu-MLP-PM,coef(a)_Pd-MLP-LM,rsquared_Pd-MLP-LM,Standard Error_Pd-MLP-LM,coef(b)_Pd-MLP-LM,coef(a)_Acu-Pd-MLP-LM,rsquared_Acu-Pd-MLP-LM,Standard Error_Acu-Pd-MLP-LM,coef(b)_Acu-Pd-MLP-LM,coef(a)_6am-MLP-LM,rsquared_6am-MLP-LM,Standard Error_6am-MLP-LM,coef(b)_6am-MLP-LM,coef(a)_Acu-6am-MLP-LM,rsquared_Acu-6am-MLP-LM,Standard Error_Acu-6am-MLP-LM,coef(b)_Acu-6am-MLP-LM
0,11.0,0.4375773218362168,0.3696968741113754,0.051728121934119006,0.018428070163444693,1.0512052504631326,0.9849617428542395,0.011759711808518088,-0.10656157283500359,0.598348861979774,0.28262277738450803,0.08630675054497881,0.021594614756847874,1.3541402112288021,0.9778370483263411,0.018457134421964384,-0.08799493554989721,-0.0010195902484077428,0.002024843843398738,0.002049320360156441,0.007337294718003951,0.2054223852564202,0.9185122846437966,0.005539511122438232,-0.01688258741204831,0.2652351018657058,0.14462487919364952,0.05839932999741222,0.02486425247596262,1.1805998582906825,0.9683195506425409,0.01933343978853494,-0.1848596436096823,0.29177985013625607,0.1390203328450652,0.06574044740034221,0.02345856133607472,1.0559879955873448,0.9926459321378532,0.005867052747872897,0.07012761444000462,0.4190669694984477,0.38806413710411847,0.047643616420085806,0.01797126889498047,1.0142406738483452,0.9846464084865838,0.01146636986649292,-0.10345970156784239
