,Pruebas,coef(a)_6am-MLP,rsquared_6am-MLP,Standard Error_6am-MLP,coef(b)_6am-MLP,coef(a)_Acu-6am-MLP,rsquared_Acu-6am-MLP,Standard Error_Acu-6am-MLP,coef(b)_Acu-6am-MLP,coef(a)_6am-Beysens,rsquared_6am-Beysens,Standard Error_6am-Beysens,coef(b)_6am-Beysens,coef(a)_Acu-6am-Beysens,rsquared_Acu-6am-Beysens,Standard Error_Acu-6am-Beysens,coef(b)_Acu-6am-Beysens,coef(a)_Beysens-PM,rsquared_Beysens-PM,Standard Error_Beysens-PM,coef(b)_Beysens-PM,coef(a)_Acu-Beysens-PM,rsquared_Acu-Beysens-PM,Standard Error_Acu-Beysens-PM,coef(b)_Acu-Beysens-PM,coef(a)_MLP-PM,rsquared_MLP-PM,Standard Error_MLP-PM,coef(b)_MLP-PM,coef(a)_Acu-MLP-PM,rsquared_Acu-MLP-PM,Standard Error_Acu-MLP-PM,coef(b)_Acu-MLP-PM,coef(a)_Pd-MLP-LM,rsquared_Pd-MLP-LM,Standard Error_Pd-MLP-LM,coef(b)_Pd-MLP-LM,coef(a)_Acu-Pd-MLP-LM,rsquared_Acu-Pd-MLP-LM,Standard Error_Acu-Pd-MLP-LM,coef(b)_Acu-Pd-MLP-LM,coef(a)_6am-MLP-LM,rsquared_6am-MLP-LM,Standard Error_6am-MLP-LM,coef(b)_6am-MLP-LM,coef(a)_Acu-6am-MLP-LM,rsquared_Acu-6am-MLP-LM,Standard Error_Acu-6am-MLP-LM,coef(b)_Acu-6am-MLP-LM
0,3.0,0.4217055180505742,0.5176667401315612,0.03685342225846439,0.015287424365956022,0.811635581873567,0.9836624128345444,0.009470045897638385,0.10832678280487484,0.7645276972112827,0.4554941086366844,0.07567862236701192,0.013520438793849574,1.1096612086364868,0.991222617903665,0.009453821315372386,-0.07922542127883059,6.262116443762835e-05,1.043173952464116e-05,0.0017553373396475807,0.004437692005266459,0.1524609066842753,0.9336190819108094,0.003680572275714645,-0.06312453693457909,0.25348563049121436,0.29576686314157874,0.035412523030529934,0.017659860311238684,0.7786586125995101,0.9881160253572713,0.0077311493310811405,-0.0540515588261129,0.26419186538649747,0.2834544322416248,0.03802942511455088,0.015998271182490316,0.9443571716386387,0.9846738118066871,0.007605040748662249,0.3714388136607929,4.85722573273506e-17,-inf,7.659740777250296e-18,0.026107519865036004,0.6530491889843704,0.9908368683750465,0.005685738247649401,0.03045307273424197
