,Pruebas,coef(a)_6am-MLP,rsquared_6am-MLP,Standard Error_6am-MLP,coef(b)_6am-MLP,coef(a)_Acu-6am-MLP,rsquared_Acu-6am-MLP,Standard Error_Acu-6am-MLP,coef(b)_Acu-6am-MLP,coef(a)_6am-Beysens,rsquared_6am-Beysens,Standard Error_6am-Beysens,coef(b)_6am-Beysens,coef(a)_Acu-6am-Beysens,rsquared_Acu-6am-Beysens,Standard Error_Acu-6am-Beysens,coef(b)_Acu-6am-Beysens,coef(a)_Beysens-PM,rsquared_Beysens-PM,Standard Error_Beysens-PM,coef(b)_Beysens-PM,coef(a)_Acu-Beysens-PM,rsquared_Acu-Beysens-PM,Standard Error_Acu-Beysens-PM,coef(b)_Acu-Beysens-PM,coef(a)_MLP-PM,rsquared_MLP-PM,Standard Error_MLP-PM,coef(b)_MLP-PM,coef(a)_Acu-MLP-PM,rsquared_Acu-MLP-PM,Standard Error_Acu-MLP-PM,coef(b)_Acu-MLP-PM,coef(a)_Pd-MLP-LM,rsquared_Pd-MLP-LM,Standard Error_Pd-MLP-LM,coef(b)_Pd-MLP-LM,coef(a)_Acu-Pd-MLP-LM,rsquared_Acu-Pd-MLP-LM,Standard Error_Acu-Pd-MLP-LM,coef(b)_Acu-Pd-MLP-LM,coef(a)_6am-MLP-LM,rsquared_6am-MLP-LM,Standard Error_6am-MLP-LM,coef(b)_6am-MLP-LM,coef(a)_Acu-6am-MLP-LM,rsquared_Acu-6am-MLP-LM,Standard Error_Acu-6am-MLP-LM,coef(b)_Acu-6am-MLP-LM
0,1.0,0.4764318932895624,0.2889079308637976,0.0676712387375547,0.023875141671349437,1.2320024083493855,0.9829757644495586,0.014678918076872752,-0.06090646498022555,0.6101426405506409,0.24409989525264142,0.09720752106917846,0.017535189433115193,1.1064051501029075,0.9685934526547683,0.018037386295675566,0.12598667992628812,-0.000710539592676789,0.0007413071215550682,0.0023618279007682082,0.006878608325403891,0.2003703376860543,0.8927202325422703,0.006288611095748753,-0.0130679884308104,0.28460542555841195,0.1674291830717437,0.05745903281134377,0.022341161497734338,1.0357907040109038,0.9896377636681959,0.009595789451297727,-0.06318716791337335,0.34680684875983203,0.21260733362734607,0.06042467693762055,0.02058867683395937,0.9475980374648976,0.9949399582470212,0.004362115349883365,0.3333733335185336,0.47450733390027156,0.39980802110608427,0.05263593750116489,0.017300233266991413,1.0535398963471563,0.9845402889650549,0.011952397020050961,-0.13906920283400967
