,Pruebas,coef(a)_6am-MLP,rsquared_6am-MLP,Standard Error_6am-MLP,coef(b)_6am-MLP,coef(a)_Acu-6am-MLP,rsquared_Acu-6am-MLP,Standard Error_Acu-6am-MLP,coef(b)_Acu-6am-MLP,coef(a)_6am-Beysens,rsquared_6am-Beysens,Standard Error_6am-Beysens,coef(b)_6am-Beysens,coef(a)_Acu-6am-Beysens,rsquared_Acu-6am-Beysens,Standard Error_Acu-6am-Beysens,coef(b)_Acu-6am-Beysens,coef(a)_Beysens-PM,rsquared_Beysens-PM,Standard Error_Beysens-PM,coef(b)_Beysens-PM,coef(a)_Acu-Beysens-PM,rsquared_Acu-Beysens-PM,Standard Error_Acu-Beysens-PM,coef(b)_Acu-Beysens-PM,coef(a)_MLP-PM,rsquared_MLP-PM,Standard Error_MLP-PM,coef(b)_MLP-PM,coef(a)_Acu-MLP-PM,rsquared_Acu-MLP-PM,Standard Error_Acu-MLP-PM,coef(b)_Acu-MLP-PM,coef(a)_Pd-MLP-LM,rsquared_Pd-MLP-LM,Standard Error_Pd-MLP-LM,coef(b)_Pd-MLP-LM,coef(a)_Acu-Pd-MLP-LM,rsquared_Acu-Pd-MLP-LM,Standard Error_Acu-Pd-MLP-LM,coef(b)_Acu-Pd-MLP-LM,coef(a)_6am-MLP-LM,rsquared_6am-MLP-LM,Standard Error_6am-MLP-LM,coef(b)_6am-MLP-LM,coef(a)_Acu-6am-MLP-LM,rsquared_Acu-6am-MLP-LM,Standard Error_Acu-6am-MLP-LM,coef(b)_Acu-6am-MLP-LM
0,4.0,0.3955532449189335,0.21664887849535974,0.0680965458955798,0.02280842978780704,1.200389689759473,0.9828194001067595,0.014368937062764528,0.04288416634470352,0.6233965749710886,0.2900300013780629,0.08830454003842662,0.01746612031372073,1.220673752995659,0.9875912100194831,0.012387846070911932,0.2042844928168774,-0.0011681116227925546,0.002571359394211048,0.0020828785928057535,0.005796819404544475,0.1097533857876537,0.8497615859422083,0.004178110861132475,0.14713861932068345,0.38472561056121823,0.24071503355397472,0.06186172288598843,0.03034621499713889,1.4202459671156098,0.9761820112275976,0.02008495170110787,0.3856455325472817,0.4050899299897326,0.25661422912251797,0.062422086647552014,0.028444943806653824,1.044211864242862,0.9968961836689055,0.003761023474793389,0.0032566873936432927,0.36435642035468074,0.2336015137430164,0.05974973239992709,0.022601819870368092,1.1495013277373263,0.9837346694052949,0.013382030651404236,0.06348086513605763
