,Pruebas,coef(a)_6am-MLP,rsquared_6am-MLP,Standard Error_6am-MLP,coef(b)_6am-MLP,coef(a)_Acu-6am-MLP,rsquared_Acu-6am-MLP,Standard Error_Acu-6am-MLP,coef(b)_Acu-6am-MLP,coef(a)_6am-Beysens,rsquared_6am-Beysens,Standard Error_6am-Beysens,coef(b)_6am-Beysens,coef(a)_Acu-6am-Beysens,rsquared_Acu-6am-Beysens,Standard Error_Acu-6am-Beysens,coef(b)_Acu-6am-Beysens,coef(a)_Beysens-PM,rsquared_Beysens-PM,Standard Error_Beysens-PM,coef(b)_Beysens-PM,coef(a)_Acu-Beysens-PM,rsquared_Acu-Beysens-PM,Standard Error_Acu-Beysens-PM,coef(b)_Acu-Beysens-PM,coef(a)_MLP-PM,rsquared_MLP-PM,Standard Error_MLP-PM,coef(b)_MLP-PM,coef(a)_Acu-MLP-PM,rsquared_Acu-MLP-PM,Standard Error_Acu-MLP-PM,coef(b)_Acu-MLP-PM,coef(a)_Pd-MLP-LM,rsquared_Pd-MLP-LM,Standard Error_Pd-MLP-LM,coef(b)_Pd-MLP-LM,coef(a)_Acu-Pd-MLP-LM,rsquared_Acu-Pd-MLP-LM,Standard Error_Acu-Pd-MLP-LM,coef(b)_Acu-Pd-MLP-LM,coef(a)_6am-MLP-LM,rsquared_6am-MLP-LM,Standard Error_6am-MLP-LM,coef(b)_6am-MLP-LM,coef(a)_Acu-6am-MLP-LM,rsquared_Acu-6am-MLP-LM,Standard Error_Acu-6am-MLP-LM,coef(b)_Acu-6am-MLP-LM
0,3.0,0.3546892610240725,0.3405800416248015,0.044682713858124654,0.02515701098869772,0.8918989918465117,0.9564105178708722,0.017238697282167963,0.6933797007710776,0.5667048242137062,0.30792527151447824,0.07691850300080301,0.022276742518076605,0.9297069724709357,0.963430272658575,0.016398982016149574,1.0250466948123886,-0.0026760010446058827,0.01769063177258101,0.0018053392938566708,0.010448792099564706,0.049251490837229434,0.5330484052259237,0.004173419808701641,0.455813468900532,0.27205837682095857,0.1657102021786363,0.055267017012299406,0.03522972168192861,1.049986969269645,0.940606948972168,0.023887336254432512,1.2294455772771338,0.2859392181232278,0.19279099966322621,0.0529716403940288,0.0337751257524444,1.0805374444516889,0.9900198736687413,0.0070029377038193785,0.5290979000749013,0.4048157424380568,0.422888300902715,0.04281486285279097,0.02265016255166935,0.8739641278642356,0.9597910264686372,0.016195219663473516,0.7227749017977817
