,Pruebas,coef(a)_6am-MLP,rsquared_6am-MLP,Standard Error_6am-MLP,coef(b)_6am-MLP,coef(a)_Acu-6am-MLP,rsquared_Acu-6am-MLP,Standard Error_Acu-6am-MLP,coef(b)_Acu-6am-MLP,coef(a)_6am-Beysens,rsquared_6am-Beysens,Standard Error_6am-Beysens,coef(b)_6am-Beysens,coef(a)_Acu-6am-Beysens,rsquared_Acu-6am-Beysens,Standard Error_Acu-6am-Beysens,coef(b)_Acu-6am-Beysens,coef(a)_Beysens-PM,rsquared_Beysens-PM,Standard Error_Beysens-PM,coef(b)_Beysens-PM,coef(a)_Acu-Beysens-PM,rsquared_Acu-Beysens-PM,Standard Error_Acu-Beysens-PM,coef(b)_Acu-Beysens-PM,coef(a)_MLP-PM,rsquared_MLP-PM,Standard Error_MLP-PM,coef(b)_MLP-PM,coef(a)_Acu-MLP-PM,rsquared_Acu-MLP-PM,Standard Error_Acu-MLP-PM,coef(b)_Acu-MLP-PM,coef(a)_Pd-MLP-LM,rsquared_Pd-MLP-LM,Standard Error_Pd-MLP-LM,coef(b)_Pd-MLP-LM,coef(a)_Acu-Pd-MLP-LM,rsquared_Acu-Pd-MLP-LM,Standard Error_Acu-Pd-MLP-LM,coef(b)_Acu-Pd-MLP-LM,coef(a)_6am-MLP-LM,rsquared_6am-MLP-LM,Standard Error_6am-MLP-LM,coef(b)_6am-MLP-LM,coef(a)_Acu-6am-MLP-LM,rsquared_Acu-6am-MLP-LM,Standard Error_Acu-6am-MLP-LM,coef(b)_Acu-6am-MLP-LM
0,10.0,0.44282480082111886,0.3233166560455685,0.058000360070863594,0.021454373320384253,1.0921786698135776,0.9894569596714587,0.01020700329295571,0.3155911073991662,0.6421707464836138,0.242262536645813,0.10282219060967668,0.019264367905588137,1.2105692826641352,0.9804093913050941,0.015492801913534051,0.4303554312365757,-0.0014899690504829428,0.0049336876286657505,0.0019157441995293382,0.005774672214430052,0.13971258782076704,0.7834930397159814,0.0066492702038257155,0.039803364671579244,0.29184554993082457,0.14013674657241304,0.06545033770224852,0.028185939471583862,1.2133005601902638,0.9816165272671181,0.01503250401744683,0.386675189892862,0.3232518468093268,0.15153095140855255,0.06925136907430904,0.025520765206509644,1.106678037007924,0.9956698353990165,0.004710968465890543,-0.552344901836262,0.4387009031538875,0.3269112914977176,0.05699146757811209,0.02063132319592475,1.0678176853585046,0.9912151987681157,0.009101211128668685,0.24003351843391824
