,Pruebas,coef(a)_6am-MLP,rsquared_6am-MLP,Standard Error_6am-MLP,coef(b)_6am-MLP,coef(a)_Acu-6am-MLP,rsquared_Acu-6am-MLP,Standard Error_Acu-6am-MLP,coef(b)_Acu-6am-MLP,coef(a)_6am-Beysens,rsquared_6am-Beysens,Standard Error_6am-Beysens,coef(b)_6am-Beysens,coef(a)_Acu-6am-Beysens,rsquared_Acu-6am-Beysens,Standard Error_Acu-6am-Beysens,coef(b)_Acu-6am-Beysens,coef(a)_Beysens-PM,rsquared_Beysens-PM,Standard Error_Beysens-PM,coef(b)_Beysens-PM,coef(a)_Acu-Beysens-PM,rsquared_Acu-Beysens-PM,Standard Error_Acu-Beysens-PM,coef(b)_Acu-Beysens-PM,coef(a)_MLP-PM,rsquared_MLP-PM,Standard Error_MLP-PM,coef(b)_MLP-PM,coef(a)_Acu-MLP-PM,rsquared_Acu-MLP-PM,Standard Error_Acu-MLP-PM,coef(b)_Acu-MLP-PM,coef(a)_Pd-MLP-LM,rsquared_Pd-MLP-LM,Standard Error_Pd-MLP-LM,coef(b)_Pd-MLP-LM,coef(a)_Acu-Pd-MLP-LM,rsquared_Acu-Pd-MLP-LM,Standard Error_Acu-Pd-MLP-LM,coef(b)_Acu-Pd-MLP-LM,coef(a)_6am-MLP-LM,rsquared_6am-MLP-LM,Standard Error_6am-MLP-LM,coef(b)_6am-MLP-LM,coef(a)_Acu-6am-MLP-LM,rsquared_Acu-6am-MLP-LM,Standard Error_Acu-6am-MLP-LM,coef(b)_Acu-6am-MLP-LM
0,8.0,0.3498457225671967,0.2364897497894647,0.056911228324437936,0.025626763504379986,1.1195595853043967,0.9805043699817276,0.014292597607954972,0.032602275408321064,0.5041265211332888,0.2371585772655863,0.08185728680649809,0.021129739973572485,1.1778239329945108,0.9924037544309459,0.00932944391353929,0.07584927393303778,-0.0028043865150447532,0.018170238314047182,0.0018663613807859399,0.00825167488116122,0.12190020477634936,0.7218946077725272,0.006850027668537393,0.0889403671936673,0.26251314570758516,0.14229804471344998,0.058349867144946124,0.027180418145801903,1.2273335133493783,0.9788152487094753,0.016347223396904163,0.08688831319684538,0.20670010692050417,0.086623475514504,0.06076701470925949,0.026888726717191093,1.0127823263587206,0.9939324877882421,0.005107841084012234,-0.20932651344849512,0.37520921541430263,0.30964446374308785,0.0507222251141238,0.023939561900692463,1.0817314546836743,0.9773707067505832,0.01490202815699372,0.05611023947016738
