,Pruebas,coef(a)_6am-MLP,rsquared_6am-MLP,Standard Error_6am-MLP,coef(b)_6am-MLP,coef(a)_Acu-6am-MLP,rsquared_Acu-6am-MLP,Standard Error_Acu-6am-MLP,coef(b)_Acu-6am-MLP,coef(a)_6am-Beysens,rsquared_6am-Beysens,Standard Error_6am-Beysens,coef(b)_6am-Beysens,coef(a)_Acu-6am-Beysens,rsquared_Acu-6am-Beysens,Standard Error_Acu-6am-Beysens,coef(b)_Acu-6am-Beysens,coef(a)_Beysens-PM,rsquared_Beysens-PM,Standard Error_Beysens-PM,coef(b)_Beysens-PM,coef(a)_Acu-Beysens-PM,rsquared_Acu-Beysens-PM,Standard Error_Acu-Beysens-PM,coef(b)_Acu-Beysens-PM,coef(a)_MLP-PM,rsquared_MLP-PM,Standard Error_MLP-PM,coef(b)_MLP-PM,coef(a)_Acu-MLP-PM,rsquared_Acu-MLP-PM,Standard Error_Acu-MLP-PM,coef(b)_Acu-MLP-PM,coef(a)_Pd-MLP-LM,rsquared_Pd-MLP-LM,Standard Error_Pd-MLP-LM,coef(b)_Pd-MLP-LM,coef(a)_Acu-Pd-MLP-LM,rsquared_Acu-Pd-MLP-LM,Standard Error_Acu-Pd-MLP-LM,coef(b)_Acu-Pd-MLP-LM,coef(a)_6am-MLP-LM,rsquared_6am-MLP-LM,Standard Error_6am-MLP-LM,coef(b)_6am-MLP-LM,coef(a)_Acu-6am-MLP-LM,rsquared_Acu-6am-MLP-LM,Standard Error_Acu-6am-MLP-LM,coef(b)_Acu-6am-MLP-LM
0,9.0,0.4991631814206438,0.4163055524290623,0.05351176915651042,0.024967903510617055,1.4980346019374027,0.9866217461198696,0.015793060705623023,-0.3484226530977297,0.7171926664167528,0.3622991238026968,0.08614514170473533,0.01701600221979522,1.4887023356374,0.9776686284713562,0.020369942967250608,-0.28905453209243825,0.0013232902487120694,0.0017575340349940127,0.002855231626038556,0.002716641647892597,0.2564499805907076,0.8277572582699518,0.010591115918024505,-0.16852382288872922,0.302952018575135,0.20682421351111202,0.053712824691418325,0.02634130213781851,1.5017569728863858,0.9866560925273408,0.01581169216611179,-0.536414965836606,0.3158117022619211,0.22654366034307516,0.052831170801954846,0.023448313317123333,0.9561525593209925,0.9835675247147962,0.00797757645580232,-0.03579752067935114,0.49329097260973964,0.499181100900672,0.04473367343130441,0.021336114673987612,1.3620850433149256,0.9866898681051535,0.014322708521436996,-0.2461969902914714
