,Pruebas,coef(a)_6am-MLP,rsquared_6am-MLP,Standard Error_6am-MLP,coef(b)_6am-MLP,coef(a)_Acu-6am-MLP,rsquared_Acu-6am-MLP,Standard Error_Acu-6am-MLP,coef(b)_Acu-6am-MLP,coef(a)_6am-Beysens,rsquared_6am-Beysens,Standard Error_6am-Beysens,coef(b)_6am-Beysens,coef(a)_Acu-6am-Beysens,rsquared_Acu-6am-Beysens,Standard Error_Acu-6am-Beysens,coef(b)_Acu-6am-Beysens,coef(a)_Beysens-PM,rsquared_Beysens-PM,Standard Error_Beysens-PM,coef(b)_Beysens-PM,coef(a)_Acu-Beysens-PM,rsquared_Acu-Beysens-PM,Standard Error_Acu-Beysens-PM,coef(b)_Acu-Beysens-PM,coef(a)_MLP-PM,rsquared_MLP-PM,Standard Error_MLP-PM,coef(b)_MLP-PM,coef(a)_Acu-MLP-PM,rsquared_Acu-MLP-PM,Standard Error_Acu-MLP-PM,coef(b)_Acu-MLP-PM,coef(a)_Pd-MLP-LM,rsquared_Pd-MLP-LM,Standard Error_Pd-MLP-LM,coef(b)_Pd-MLP-LM,coef(a)_Acu-Pd-MLP-LM,rsquared_Acu-Pd-MLP-LM,Standard Error_Acu-Pd-MLP-LM,coef(b)_Acu-Pd-MLP-LM,coef(a)_6am-MLP-LM,rsquared_6am-MLP-LM,Standard Error_6am-MLP-LM,coef(b)_6am-MLP-LM,coef(a)_Acu-6am-MLP-LM,rsquared_Acu-6am-MLP-LM,Standard Error_Acu-6am-MLP-LM,coef(b)_Acu-6am-MLP-LM
0,5.0,0.38689484282170294,0.5095783216384939,0.03436310511965039,0.017444350630862818,0.8918218908477642,0.9919364980731578,0.0072797778514442635,0.1271730370416586,0.828843704154858,0.6324490088406842,0.05720562944290778,0.00703165283122997,1.0460192411706202,0.9715059291210835,0.01621863426248047,0.44910814965701296,0.00021551883714686083,0.00019970573153316185,0.0013805962367970895,0.001946660773997265,0.04181615801741641,0.5708770965625343,0.003282341399159314,0.06696705547462878,0.3319531367832099,0.3894717555436026,0.03762805229658624,0.02142324389104265,1.0024403072421444,0.9839144110691704,0.011604286137987493,0.02636646453917544,0.4765883263386981,0.28949662824891553,0.06759659494920522,0.020657113069583122,1.0355216460011805,0.9941069849039976,0.005146426499902712,0.12399439780880038,0.3955427218650996,0.5677240280986771,0.031248226886952085,0.016469502136769627,0.8854942001429006,0.993238378077631,0.006614613924431304,0.11584585230078631
