,Pruebas,coef(a)_6am-MLP,rsquared_6am-MLP,Standard Error_6am-MLP,coef(b)_6am-MLP,coef(a)_Acu-6am-MLP,rsquared_Acu-6am-MLP,Standard Error_Acu-6am-MLP,coef(b)_Acu-6am-MLP,coef(a)_6am-Beysens,rsquared_6am-Beysens,Standard Error_6am-Beysens,coef(b)_6am-Beysens,coef(a)_Acu-6am-Beysens,rsquared_Acu-6am-Beysens,Standard Error_Acu-6am-Beysens,coef(b)_Acu-6am-Beysens,coef(a)_Beysens-PM,rsquared_Beysens-PM,Standard Error_Beysens-PM,coef(b)_Beysens-PM,coef(a)_Acu-Beysens-PM,rsquared_Acu-Beysens-PM,Standard Error_Acu-Beysens-PM,coef(b)_Acu-Beysens-PM,coef(a)_MLP-PM,rsquared_MLP-PM,Standard Error_MLP-PM,coef(b)_MLP-PM,coef(a)_Acu-MLP-PM,rsquared_Acu-MLP-PM,Standard Error_Acu-MLP-PM,coef(b)_Acu-MLP-PM,coef(a)_Pd-MLP-LM,rsquared_Pd-MLP-LM,Standard Error_Pd-MLP-LM,coef(b)_Pd-MLP-LM,coef(a)_Acu-Pd-MLP-LM,rsquared_Acu-Pd-MLP-LM,Standard Error_Acu-Pd-MLP-LM,coef(b)_Acu-Pd-MLP-LM,coef(a)_6am-MLP-LM,rsquared_6am-MLP-LM,Standard Error_6am-MLP-LM,coef(b)_6am-MLP-LM,coef(a)_Acu-6am-MLP-LM,rsquared_Acu-6am-MLP-LM,Standard Error_Acu-6am-MLP-LM,coef(b)_Acu-6am-MLP-LM
0,10.0,0.38463190979712,0.44983540686390044,0.038511011159565366,0.024319948879118078,1.0421414632908794,0.979983545033687,0.013484378937433499,0.5225008140413201,0.5712293349526097,0.3950025824279493,0.06400403879155839,0.013817457735874126,0.9845234379774979,0.992862344122627,0.0075575221256254845,0.08555433137381557,0.00029562540716702806,0.00038799507839215597,0.0013585150816423908,0.002564922605680322,0.07865354166482508,0.8260428080894244,0.0032678211916152195,0.06365891201958648,0.24067318977148539,0.16904620477291665,0.04830960937343873,0.03307561806764953,1.1849881747504192,0.9653253667884392,0.020333080499525306,0.6617621709524407,0.20819842196204089,0.08048987814293573,0.06370962877626904,0.035960470388965854,1.038798888922075,0.9937491494254229,0.005318106487262898,0.07631203884964324,0.34035573894984283,0.3517127991069663,0.04183529072591398,0.02181937410415478,0.9349454617775041,0.9837971494233507,0.010862987912922163,0.4773088827784997
