,Pruebas,coef(a)_6am-MLP,rsquared_6am-MLP,Standard Error_6am-MLP,coef(b)_6am-MLP,coef(a)_Acu-6am-MLP,rsquared_Acu-6am-MLP,Standard Error_Acu-6am-MLP,coef(b)_Acu-6am-MLP,coef(a)_6am-Beysens,rsquared_6am-Beysens,Standard Error_6am-Beysens,coef(b)_6am-Beysens,coef(a)_Acu-6am-Beysens,rsquared_Acu-6am-Beysens,Standard Error_Acu-6am-Beysens,coef(b)_Acu-6am-Beysens,coef(a)_Beysens-PM,rsquared_Beysens-PM,Standard Error_Beysens-PM,coef(b)_Beysens-PM,coef(a)_Acu-Beysens-PM,rsquared_Acu-Beysens-PM,Standard Error_Acu-Beysens-PM,coef(b)_Acu-Beysens-PM,coef(a)_MLP-PM,rsquared_MLP-PM,Standard Error_MLP-PM,coef(b)_MLP-PM,coef(a)_Acu-MLP-PM,rsquared_Acu-MLP-PM,Standard Error_Acu-MLP-PM,coef(b)_Acu-MLP-PM,coef(a)_Pd-MLP-LM,rsquared_Pd-MLP-LM,Standard Error_Pd-MLP-LM,coef(b)_Pd-MLP-LM,coef(a)_Acu-Pd-MLP-LM,rsquared_Acu-Pd-MLP-LM,Standard Error_Acu-Pd-MLP-LM,coef(b)_Acu-Pd-MLP-LM,coef(a)_6am-MLP-LM,rsquared_6am-MLP-LM,Standard Error_6am-MLP-LM,coef(b)_6am-MLP-LM,coef(a)_Acu-6am-MLP-LM,rsquared_Acu-6am-MLP-LM,Standard Error_Acu-6am-MLP-LM,coef(b)_Acu-6am-MLP-LM
0,7.0,0.5279964219020292,0.5170235312656517,0.0462017975432719,0.01838288970292066,1.3060829378860914,0.9796219096758548,0.017054670648453438,-0.26675806674083585,0.6861717897266851,0.4804533281639424,0.06460105704759962,0.010460492180521044,1.1116157620339395,0.9878013107684855,0.011183984733105721,-0.2053825238528888,-0.005170254359101742,0.02085807401927453,0.0032071385013512223,0.014699330809534008,0.22193624221075192,0.8054817055705698,0.009874172249848058,0.10862352107642718,0.31190241559543164,0.2308153103173597,0.051549194043790186,0.022408532853964047,1.292119841979432,0.9902171680082492,0.011627596494474078,-0.28155505741901576,0.324888295752084,0.22841013051867376,0.05406170063211782,0.02244303456382131,1.0663537089222768,0.9965264369306268,0.004063861001242568,-0.11601948923564245,0.4153143948103869,0.48918432952483193,0.03842314286017759,0.01494307902316682,1.0483754745514549,0.9743504662072513,0.01539994166097813,-0.21962877975003758
