,Pruebas,coef(a)_6am-MLP,rsquared_6am-MLP,Standard Error_6am-MLP,coef(b)_6am-MLP,coef(a)_Acu-6am-MLP,rsquared_Acu-6am-MLP,Standard Error_Acu-6am-MLP,coef(b)_Acu-6am-MLP,coef(a)_6am-Beysens,rsquared_6am-Beysens,Standard Error_6am-Beysens,coef(b)_6am-Beysens,coef(a)_Acu-6am-Beysens,rsquared_Acu-6am-Beysens,Standard Error_Acu-6am-Beysens,coef(b)_Acu-6am-Beysens,coef(a)_Beysens-PM,rsquared_Beysens-PM,Standard Error_Beysens-PM,coef(b)_Beysens-PM,coef(a)_Acu-Beysens-PM,rsquared_Acu-Beysens-PM,Standard Error_Acu-Beysens-PM,coef(b)_Acu-Beysens-PM,coef(a)_MLP-PM,rsquared_MLP-PM,Standard Error_MLP-PM,coef(b)_MLP-PM,coef(a)_Acu-MLP-PM,rsquared_Acu-MLP-PM,Standard Error_Acu-MLP-PM,coef(b)_Acu-MLP-PM,coef(a)_Pd-MLP-LM,rsquared_Pd-MLP-LM,Standard Error_Pd-MLP-LM,coef(b)_Pd-MLP-LM,coef(a)_Acu-Pd-MLP-LM,rsquared_Acu-Pd-MLP-LM,Standard Error_Acu-Pd-MLP-LM,coef(b)_Acu-Pd-MLP-LM,coef(a)_6am-MLP-LM,rsquared_6am-MLP-LM,Standard Error_6am-MLP-LM,coef(b)_6am-MLP-LM,coef(a)_Acu-6am-MLP-LM,rsquared_Acu-6am-MLP-LM,Standard Error_Acu-6am-MLP-LM,coef(b)_Acu-6am-MLP-LM
0,7.0,0.2831961572342512,0.24803808645987058,0.04464225830769269,0.017622535652103172,0.7207628914060284,0.9709454718599245,0.011288129831894707,0.26416792434542274,0.33993782093104596,0.16862611301489738,0.0683369113490237,0.013555602766528528,0.6479629254636645,0.9542922294360993,0.012838803968327015,0.2663277323839212,-1.045170246463732e-05,3.575489218032857e-07,0.0015824839293107921,0.003363447308066284,0.08504255744228445,0.8216094004132849,0.0035876467905557453,0.0489556411079026,0.22823979731101351,0.187069545891016,0.043076120355974724,0.019619426962316524,0.8736267766997652,0.9859375320976597,0.00944609028290842,0.0389837549329017,0.23654255544725353,0.19068261460074187,0.04411977165109553,0.016055887669690006,1.0645863935739046,0.9874526518115344,0.007746278809715029,-0.2711726742728622,0.27475155348912894,0.2624737275415471,0.04169711871269459,0.016174686590119558,0.6621877747335259,0.9707892084691818,0.010399451586177678,0.265418340691168
