,Pruebas,coef(a)_6am-MLP,rsquared_6am-MLP,Standard Error_6am-MLP,coef(b)_6am-MLP,coef(a)_Acu-6am-MLP,rsquared_Acu-6am-MLP,Standard Error_Acu-6am-MLP,coef(b)_Acu-6am-MLP,coef(a)_6am-Beysens,rsquared_6am-Beysens,Standard Error_6am-Beysens,coef(b)_6am-Beysens,coef(a)_Acu-6am-Beysens,rsquared_Acu-6am-Beysens,Standard Error_Acu-6am-Beysens,coef(b)_Acu-6am-Beysens,coef(a)_Beysens-PM,rsquared_Beysens-PM,Standard Error_Beysens-PM,coef(b)_Beysens-PM,coef(a)_Acu-Beysens-PM,rsquared_Acu-Beysens-PM,Standard Error_Acu-Beysens-PM,coef(b)_Acu-Beysens-PM,coef(a)_MLP-PM,rsquared_MLP-PM,Standard Error_MLP-PM,coef(b)_MLP-PM,coef(a)_Acu-MLP-PM,rsquared_Acu-MLP-PM,Standard Error_Acu-MLP-PM,coef(b)_Acu-MLP-PM,coef(a)_Pd-MLP-LM,rsquared_Pd-MLP-LM,Standard Error_Pd-MLP-LM,coef(b)_Pd-MLP-LM,coef(a)_Acu-Pd-MLP-LM,rsquared_Acu-Pd-MLP-LM,Standard Error_Acu-Pd-MLP-LM,coef(b)_Acu-Pd-MLP-LM,coef(a)_6am-MLP-LM,rsquared_6am-MLP-LM,Standard Error_6am-MLP-LM,coef(b)_6am-MLP-LM,coef(a)_Acu-6am-MLP-LM,rsquared_Acu-6am-MLP-LM,Standard Error_Acu-6am-MLP-LM,coef(b)_Acu-6am-MLP-LM
0,2.0,0.4320320746082624,0.2537384632453056,0.0670792950652718,0.026615901132961205,1.2422154897693756,0.9883046246216927,0.012234287847245505,0.10959646931412123,0.8116170632087976,0.452940837855517,0.08075467284332549,0.018168354336050255,1.381270492991791,0.9921737560510457,0.01110661306089055,-0.03704898218695615,-0.0004498210235410155,0.0006067110250979058,0.0016528639403841114,0.005055230071041103,0.1418920656277856,0.8771745711262773,0.004807057575054372,0.03695378864514848,0.32174638856063353,0.2898480526535899,0.04559573014705336,0.026343137338845815,1.1167219836636497,0.9873729828283899,0.011433387399129987,0.33067410165414723,0.3388858816064277,0.29177848431656705,0.04780039933836433,0.023737451912066623,1.0176770858375348,0.993049597803792,0.005495710816595827,0.1614174822001474,0.2235203616160192,0.08598892930250102,0.06597684440539937,0.03265059633011534,1.2205266675187993,0.9869394041735895,0.012711699215186046,0.18173265553718312
