,Pruebas,coef(a)_6am-MLP,rsquared_6am-MLP,Standard Error_6am-MLP,coef(b)_6am-MLP,coef(a)_Acu-6am-MLP,rsquared_Acu-6am-MLP,Standard Error_Acu-6am-MLP,coef(b)_Acu-6am-MLP,coef(a)_6am-Beysens,rsquared_6am-Beysens,Standard Error_6am-Beysens,coef(b)_6am-Beysens,coef(a)_Acu-6am-Beysens,rsquared_Acu-6am-Beysens,Standard Error_Acu-6am-Beysens,coef(b)_Acu-6am-Beysens,coef(a)_Beysens-PM,rsquared_Beysens-PM,Standard Error_Beysens-PM,coef(b)_Beysens-PM,coef(a)_Acu-Beysens-PM,rsquared_Acu-Beysens-PM,Standard Error_Acu-Beysens-PM,coef(b)_Acu-Beysens-PM,coef(a)_MLP-PM,rsquared_MLP-PM,Standard Error_MLP-PM,coef(b)_MLP-PM,coef(a)_Acu-MLP-PM,rsquared_Acu-MLP-PM,Standard Error_Acu-MLP-PM,coef(b)_Acu-MLP-PM,coef(a)_Pd-MLP-LM,rsquared_Pd-MLP-LM,Standard Error_Pd-MLP-LM,coef(b)_Pd-MLP-LM,coef(a)_Acu-Pd-MLP-LM,rsquared_Acu-Pd-MLP-LM,Standard Error_Acu-Pd-MLP-LM,coef(b)_Acu-Pd-MLP-LM,coef(a)_6am-MLP-LM,rsquared_6am-MLP-LM,Standard Error_6am-MLP-LM,coef(b)_6am-MLP-LM,coef(a)_Acu-6am-MLP-LM,rsquared_Acu-6am-MLP-LM,Standard Error_Acu-6am-MLP-LM,coef(b)_Acu-6am-MLP-LM
0,8.0,0.5123769923326511,0.24236229385705932,0.0820177711951957,0.027333787205081533,1.487063867824895,0.9857179960374626,0.016205705375093214,0.18945105366922033,0.7572181246633322,0.5224256962822451,0.06554646819040842,0.009466667509423423,1.0897254289119187,0.9855504557494139,0.011946063340080743,-0.002110425034510109,0.0023843073722322997,0.017155240860747933,0.0016339034108969093,-0.0004966944544348504,0.09330032499262972,0.784776326105314,0.0044235945543245475,-0.012820667260815391,0.3149693748516499,0.25789573454286563,0.04837252611853787,0.028230088283295943,1.291964380261513,0.9861094569329566,0.013882499756482283,0.37732821725341725,0.3456686047144485,0.28737913900787604,0.04928124243782753,0.023761803943915225,1.0312872195941767,0.9945746812329951,0.004916634731543592,-0.34933822662898706,0.3994465819173979,0.21048325083077335,0.0700407264269683,0.025227315265894973,1.3066837522043842,0.9877967972420766,0.013149028983900043,0.06677017201924397
