,Pruebas,coef(a)_6am-MLP,rsquared_6am-MLP,Standard Error_6am-MLP,coef(b)_6am-MLP,coef(a)_Acu-6am-MLP,rsquared_Acu-6am-MLP,Standard Error_Acu-6am-MLP,coef(b)_Acu-6am-MLP,coef(a)_6am-Beysens,rsquared_6am-Beysens,Standard Error_6am-Beysens,coef(b)_6am-Beysens,coef(a)_Acu-6am-Beysens,rsquared_Acu-6am-Beysens,Standard Error_Acu-6am-Beysens,coef(b)_Acu-6am-Beysens,coef(a)_Beysens-PM,rsquared_Beysens-PM,Standard Error_Beysens-PM,coef(b)_Beysens-PM,coef(a)_Acu-Beysens-PM,rsquared_Acu-Beysens-PM,Standard Error_Acu-Beysens-PM,coef(b)_Acu-Beysens-PM,coef(a)_MLP-PM,rsquared_MLP-PM,Standard Error_MLP-PM,coef(b)_MLP-PM,coef(a)_Acu-MLP-PM,rsquared_Acu-MLP-PM,Standard Error_Acu-MLP-PM,coef(b)_Acu-MLP-PM,coef(a)_Pd-MLP-LM,rsquared_Pd-MLP-LM,Standard Error_Pd-MLP-LM,coef(b)_Pd-MLP-LM,coef(a)_Acu-Pd-MLP-LM,rsquared_Acu-Pd-MLP-LM,Standard Error_Acu-Pd-MLP-LM,coef(b)_Acu-Pd-MLP-LM,coef(a)_6am-MLP-LM,rsquared_6am-MLP-LM,Standard Error_6am-MLP-LM,coef(b)_6am-MLP-LM,coef(a)_Acu-6am-MLP-LM,rsquared_Acu-6am-MLP-LM,Standard Error_Acu-6am-MLP-LM,coef(b)_Acu-6am-MLP-LM
0,3.0,0.6029450222655992,0.4552307239383474,0.05971567442715505,0.022844419255337804,1.392693978281973,0.9545593206802264,0.027510388880073126,-0.12446739661299758,0.7679916039079602,0.38986233313169694,0.08698309099962306,0.01377856083892739,1.1279100590035331,0.9710283475770153,0.017638645557587707,0.1185227788274495,-0.0033180415776504065,0.01997763834768962,0.002104010135801612,0.008972274985748974,0.13659139707263238,0.8670239888112931,0.004843000631014706,0.14509358753729806,0.363034473212362,0.2950994810937827,0.05079812404411268,0.02649854709106816,1.3519341658038277,0.962454382440105,0.024174927389269445,-0.03380163967932833,0.3876066076872895,0.28655472820284456,0.05537168874155673,0.025108868586673078,1.0728117197415754,0.9944330365034185,0.00518130672958422,-0.2362698236008851,0.5279033711793427,0.4749581461059963,0.05025089585064562,0.021544802661521832,1.3031733413236888,0.9568719031007095,0.025048142019355138,-0.14237791718504827
