,Pruebas,coef(a)_6am-MLP,rsquared_6am-MLP,Standard Error_6am-MLP,coef(b)_6am-MLP,coef(a)_Acu-6am-MLP,rsquared_Acu-6am-MLP,Standard Error_Acu-6am-MLP,coef(b)_Acu-6am-MLP,coef(a)_6am-Beysens,rsquared_6am-Beysens,Standard Error_6am-Beysens,coef(b)_6am-Beysens,coef(a)_Acu-6am-Beysens,rsquared_Acu-6am-Beysens,Standard Error_Acu-6am-Beysens,coef(b)_Acu-6am-Beysens,coef(a)_Beysens-PM,rsquared_Beysens-PM,Standard Error_Beysens-PM,coef(b)_Beysens-PM,coef(a)_Acu-Beysens-PM,rsquared_Acu-Beysens-PM,Standard Error_Acu-Beysens-PM,coef(b)_Acu-Beysens-PM,coef(a)_MLP-PM,rsquared_MLP-PM,Standard Error_MLP-PM,coef(b)_MLP-PM,coef(a)_Acu-MLP-PM,rsquared_Acu-MLP-PM,Standard Error_Acu-MLP-PM,coef(b)_Acu-MLP-PM,coef(a)_Pd-MLP-LM,rsquared_Pd-MLP-LM,Standard Error_Pd-MLP-LM,coef(b)_Pd-MLP-LM,coef(a)_Acu-Pd-MLP-LM,rsquared_Acu-Pd-MLP-LM,Standard Error_Acu-Pd-MLP-LM,coef(b)_Acu-Pd-MLP-LM,coef(a)_6am-MLP-LM,rsquared_6am-MLP-LM,Standard Error_6am-MLP-LM,coef(b)_6am-MLP-LM,coef(a)_Acu-6am-MLP-LM,rsquared_Acu-6am-MLP-LM,Standard Error_Acu-6am-MLP-LM,coef(b)_Acu-6am-MLP-LM
0,3.0,0.4585959713488623,0.23204066138709667,0.07553310706779574,0.024489710631526777,1.3200487564573193,0.9912215313884251,0.011246932095753875,0.241243983173448,0.5661470077871277,0.18050737746179824,0.10921300246431699,0.025319258178711293,1.439482245243867,0.9920481267733372,0.011667955131754443,0.2543652744489596,0.0017356531893753557,0.00677586222152371,0.0019024987704614122,0.0018715644684959409,0.16251701375625063,0.9047651184314363,0.004773632887401645,-0.058828959162408656,0.1975415824991602,0.07696635485947334,0.06193509787646035,0.033766657157412644,1.2096360678013456,0.9820721479732434,0.014796780918465044,0.2731714683821106,0.283495970844004,0.12744785281384596,0.0671577838802296,0.027926388391527977,0.990216003334176,0.9924994416897804,0.005556559645971744,0.18218598100106076,0.43792604593366835,0.23808831780820783,0.07092577792293803,0.023591269055905424,1.2718181103130046,0.9921551619331651,0.010238758091543293,0.20251924332869747
