,Pruebas,coef(a)_6am-MLP,rsquared_6am-MLP,Standard Error_6am-MLP,coef(b)_6am-MLP,coef(a)_Acu-6am-MLP,rsquared_Acu-6am-MLP,Standard Error_Acu-6am-MLP,coef(b)_Acu-6am-MLP,coef(a)_6am-Beysens,rsquared_6am-Beysens,Standard Error_6am-Beysens,coef(b)_6am-Beysens,coef(a)_Acu-6am-Beysens,rsquared_Acu-6am-Beysens,Standard Error_Acu-6am-Beysens,coef(b)_Acu-6am-Beysens,coef(a)_Beysens-PM,rsquared_Beysens-PM,Standard Error_Beysens-PM,coef(b)_Beysens-PM,coef(a)_Acu-Beysens-PM,rsquared_Acu-Beysens-PM,Standard Error_Acu-Beysens-PM,coef(b)_Acu-Beysens-PM,coef(a)_MLP-PM,rsquared_MLP-PM,Standard Error_MLP-PM,coef(b)_MLP-PM,coef(a)_Acu-MLP-PM,rsquared_Acu-MLP-PM,Standard Error_Acu-MLP-PM,coef(b)_Acu-MLP-PM,coef(a)_Pd-MLP-LM,rsquared_Pd-MLP-LM,Standard Error_Pd-MLP-LM,coef(b)_Pd-MLP-LM,coef(a)_Acu-Pd-MLP-LM,rsquared_Acu-Pd-MLP-LM,Standard Error_Acu-Pd-MLP-LM,coef(b)_Acu-Pd-MLP-LM,coef(a)_6am-MLP-LM,rsquared_6am-MLP-LM,Standard Error_6am-MLP-LM,coef(b)_6am-MLP-LM,coef(a)_Acu-6am-MLP-LM,rsquared_Acu-6am-MLP-LM,Standard Error_Acu-6am-MLP-LM,coef(b)_Acu-6am-MLP-LM
0,4.0,0.5018270693405471,0.5132669173395221,0.044243348248375974,0.017272226524567103,0.994440732782857,0.9935116560845398,0.007275777951640332,0.2470836293467761,0.7530340398925803,0.47346176247378546,0.07189640837172492,0.012034995562636423,1.0610675985400877,0.9731537192587166,0.015955649143209825,0.10496014950314694,0.07155054801510276,0.03451611221085826,0.034260573482345444,0.0022953464703098798,0.14814386796327905,0.8951664541429821,0.004589887095295157,0.014439249852201682,0.33162198362164297,0.2806059981621176,0.04807268247904706,0.02299863504492737,1.084262001416528,0.9925142265749854,0.008525194386384296,0.26299503170735306,0.384774683679993,0.25305665152826207,0.05984963516009794,0.023086548690472164,1.074075520968951,0.996112719891497,0.004331096622674562,-0.07674154875607123,0.4022364357456776,0.46785214230085215,0.038838578428749715,0.015211495608494986,0.8521976321267264,0.9940904166201965,0.005948752469632078,0.10715933073156504
