,Pruebas,coef(a)_6am-MLP,rsquared_6am-MLP,Standard Error_6am-MLP,coef(b)_6am-MLP,coef(a)_Acu-6am-MLP,rsquared_Acu-6am-MLP,Standard Error_Acu-6am-MLP,coef(b)_Acu-6am-MLP,coef(a)_6am-Beysens,rsquared_6am-Beysens,Standard Error_6am-Beysens,coef(b)_6am-Beysens,coef(a)_Acu-6am-Beysens,rsquared_Acu-6am-Beysens,Standard Error_Acu-6am-Beysens,coef(b)_Acu-6am-Beysens,coef(a)_Beysens-PM,rsquared_Beysens-PM,Standard Error_Beysens-PM,coef(b)_Beysens-PM,coef(a)_Acu-Beysens-PM,rsquared_Acu-Beysens-PM,Standard Error_Acu-Beysens-PM,coef(b)_Acu-Beysens-PM,coef(a)_MLP-PM,rsquared_MLP-PM,Standard Error_MLP-PM,coef(b)_MLP-PM,coef(a)_Acu-MLP-PM,rsquared_Acu-MLP-PM,Standard Error_Acu-MLP-PM,coef(b)_Acu-MLP-PM,coef(a)_Pd-MLP-LM,rsquared_Pd-MLP-LM,Standard Error_Pd-MLP-LM,coef(b)_Pd-MLP-LM,coef(a)_Acu-Pd-MLP-LM,rsquared_Acu-Pd-MLP-LM,Standard Error_Acu-Pd-MLP-LM,coef(b)_Acu-Pd-MLP-LM,coef(a)_6am-MLP-LM,rsquared_6am-MLP-LM,Standard Error_6am-MLP-LM,coef(b)_6am-MLP-LM,coef(a)_Acu-6am-MLP-LM,rsquared_Acu-6am-MLP-LM,Standard Error_Acu-6am-MLP-LM,coef(b)_Acu-6am-MLP-LM
0,8.0,0.332090521878594,0.31593927454829795,0.04424070775302566,0.018860325962985237,0.9377731665705993,0.9893091947724112,0.008825860805447037,-0.09938072179279102,0.44293391985615005,0.185045509795156,0.0841562601233357,0.01995852321059467,1.1685433320525314,0.9847582849385341,0.013161852023521478,-0.23112189304731245,0.0020647266171489286,0.0076633364415210625,0.0021271749669262317,0.0009246692838453092,0.1484994052447488,0.8573657237549348,0.005483700053229962,-0.044725147173001335,0.2720977417102425,0.17584635035783813,0.053331325991133126,0.024516742341166246,1.0919004537093489,0.9857453497284473,0.011887733107082398,-0.009623264469779381,0.2762933927985597,0.15848086829683794,0.057641352039044774,0.022844287821251176,1.0572011612132362,0.9850314450897664,0.008412341635538811,0.20458164711970733,0.3623654186622305,0.38872641962726795,0.04113984379324356,0.019226305170317814,0.9648152995443751,0.9903415995091688,0.00862629608123309,-0.06576122973683003
