,Pruebas,coef(a)_6am-MLP,rsquared_6am-MLP,Standard Error_6am-MLP,coef(b)_6am-MLP,coef(a)_Acu-6am-MLP,rsquared_Acu-6am-MLP,Standard Error_Acu-6am-MLP,coef(b)_Acu-6am-MLP,coef(a)_6am-Beysens,rsquared_6am-Beysens,Standard Error_6am-Beysens,coef(b)_6am-Beysens,coef(a)_Acu-6am-Beysens,rsquared_Acu-6am-Beysens,Standard Error_Acu-6am-Beysens,coef(b)_Acu-6am-Beysens,coef(a)_Beysens-PM,rsquared_Beysens-PM,Standard Error_Beysens-PM,coef(b)_Beysens-PM,coef(a)_Acu-Beysens-PM,rsquared_Acu-Beysens-PM,Standard Error_Acu-Beysens-PM,coef(b)_Acu-Beysens-PM,coef(a)_MLP-PM,rsquared_MLP-PM,Standard Error_MLP-PM,coef(b)_MLP-PM,coef(a)_Acu-MLP-PM,rsquared_Acu-MLP-PM,Standard Error_Acu-MLP-PM,coef(b)_Acu-MLP-PM,coef(a)_Pd-MLP-LM,rsquared_Pd-MLP-LM,Standard Error_Pd-MLP-LM,coef(b)_Pd-MLP-LM,coef(a)_Acu-Pd-MLP-LM,rsquared_Acu-Pd-MLP-LM,Standard Error_Acu-Pd-MLP-LM,coef(b)_Acu-Pd-MLP-LM,coef(a)_6am-MLP-LM,rsquared_6am-MLP-LM,Standard Error_6am-MLP-LM,coef(b)_6am-MLP-LM,coef(a)_Acu-6am-MLP-LM,rsquared_Acu-6am-MLP-LM,Standard Error_Acu-6am-MLP-LM,coef(b)_Acu-6am-MLP-LM
0,7.0,0.5150291326764072,0.3518999858689047,0.06327953486627803,0.023740774335406337,1.2389571998445876,0.9529369195994085,0.02492783076075194,0.656320373681732,0.7641089030275332,0.44909899614095017,0.07661981239877824,0.014591521003702285,1.1779687030792825,0.9854092414553165,0.01297730334901814,0.44510231232525854,0.0009591304494759032,0.0029359113833734574,0.0016002499755584138,0.00248714177697774,0.14580501092636533,0.9755696547220678,0.0020889507231221177,-0.008527460968643572,0.2675224086075325,0.21280650443397964,0.04658311417114987,0.02861182795520139,1.143163196937878,0.9497470696340589,0.023807019841647237,0.6867163212297898,0.3132626305795041,0.23507909065110644,0.05115993286527009,0.02747531066567977,1.0752673713632723,0.9968116435348849,0.0039254344661053585,0.2255034273693093,0.5559182195451648,0.3729156211903717,0.06526625165979437,0.0239358683348877,1.3094832790841258,0.9606319438788601,0.024000125734579835,0.5876849621648932
