,Pruebas,coef(a)_6am-MLP,rsquared_6am-MLP,Standard Error_6am-MLP,coef(b)_6am-MLP,coef(a)_Acu-6am-MLP,rsquared_Acu-6am-MLP,Standard Error_Acu-6am-MLP,coef(b)_Acu-6am-MLP,coef(a)_6am-Beysens,rsquared_6am-Beysens,Standard Error_6am-Beysens,coef(b)_6am-Beysens,coef(a)_Acu-6am-Beysens,rsquared_Acu-6am-Beysens,Standard Error_Acu-6am-Beysens,coef(b)_Acu-6am-Beysens,coef(a)_Beysens-PM,rsquared_Beysens-PM,Standard Error_Beysens-PM,coef(b)_Beysens-PM,coef(a)_Acu-Beysens-PM,rsquared_Acu-Beysens-PM,Standard Error_Acu-Beysens-PM,coef(b)_Acu-Beysens-PM,coef(a)_MLP-PM,rsquared_MLP-PM,Standard Error_MLP-PM,coef(b)_MLP-PM,coef(a)_Acu-MLP-PM,rsquared_Acu-MLP-PM,Standard Error_Acu-MLP-PM,coef(b)_Acu-MLP-PM,coef(a)_Pd-MLP-LM,rsquared_Pd-MLP-LM,Standard Error_Pd-MLP-LM,coef(b)_Pd-MLP-LM,coef(a)_Acu-Pd-MLP-LM,rsquared_Acu-Pd-MLP-LM,Standard Error_Acu-Pd-MLP-LM,coef(b)_Acu-Pd-MLP-LM,coef(a)_6am-MLP-LM,rsquared_6am-MLP-LM,Standard Error_6am-MLP-LM,coef(b)_6am-MLP-LM,coef(a)_Acu-6am-MLP-LM,rsquared_Acu-6am-MLP-LM,Standard Error_Acu-6am-MLP-LM,coef(b)_Acu-6am-MLP-LM
0,3.0,0.5437184818738081,0.36657613999565786,0.0647081985970468,0.027632007901893737,1.4191473206065497,0.9589529141960387,0.026582149080628305,0.717877079969288,0.7823661806525462,0.37544218081135505,0.09135765567073158,0.02091473963246069,1.3746658771751266,0.9418523395821083,0.03092373546160668,0.9685597353772222,0.0010589931419505395,0.0015287854021791558,0.0024502350224507767,0.004389581433018253,0.28862142609451324,0.9019274737582809,0.008616611773065875,-0.06258254289532841,0.31311884718429656,0.16544633169779566,0.06366896870649422,0.030226845909199086,1.5100079912860052,0.9516779465850276,0.030805411785858466,0.4960601765983931,0.33655533780707486,0.19148201304086643,0.06261197109240164,0.02843566758164106,1.0372576672569476,0.994707198823399,0.004884006053199816,-0.040873723577222854,0.5845741617553839,0.3725454640040473,0.06868488968489446,0.025865725975170194,1.4204914815145826,0.9654915978044565,0.024313467281912884,0.583969746101678
