,Pruebas,coef(a)_6am-MLP,rsquared_6am-MLP,Standard Error_6am-MLP,coef(b)_6am-MLP,coef(a)_Acu-6am-MLP,rsquared_Acu-6am-MLP,Standard Error_Acu-6am-MLP,coef(b)_Acu-6am-MLP,coef(a)_6am-Beysens,rsquared_6am-Beysens,Standard Error_6am-Beysens,coef(b)_6am-Beysens,coef(a)_Acu-6am-Beysens,rsquared_Acu-6am-Beysens,Standard Error_Acu-6am-Beysens,coef(b)_Acu-6am-Beysens,coef(a)_Beysens-PM,rsquared_Beysens-PM,Standard Error_Beysens-PM,coef(b)_Beysens-PM,coef(a)_Acu-Beysens-PM,rsquared_Acu-Beysens-PM,Standard Error_Acu-Beysens-PM,coef(b)_Acu-Beysens-PM,coef(a)_MLP-PM,rsquared_MLP-PM,Standard Error_MLP-PM,coef(b)_MLP-PM,coef(a)_Acu-MLP-PM,rsquared_Acu-MLP-PM,Standard Error_Acu-MLP-PM,coef(b)_Acu-MLP-PM,coef(a)_Pd-MLP-LM,rsquared_Pd-MLP-LM,Standard Error_Pd-MLP-LM,coef(b)_Pd-MLP-LM,coef(a)_Acu-Pd-MLP-LM,rsquared_Acu-Pd-MLP-LM,Standard Error_Acu-Pd-MLP-LM,coef(b)_Acu-Pd-MLP-LM,coef(a)_6am-MLP-LM,rsquared_6am-MLP-LM,Standard Error_6am-MLP-LM,coef(b)_6am-MLP-LM,coef(a)_Acu-6am-MLP-LM,rsquared_Acu-6am-MLP-LM,Standard Error_Acu-6am-MLP-LM,coef(b)_Acu-6am-MLP-LM
0,4.0,0.3286276873923108,0.27058355652411026,0.04884963569902663,0.023593323951039,0.9505601291354586,0.9796440014857694,0.012405427711227967,0.46095176152580475,0.6966510995731574,0.3906174385593473,0.07877793792979076,0.017468498739958184,1.1767727428481067,0.9748922896839335,0.017097709028765937,0.32942016677773206,-0.0023493985783215538,0.012679230686698184,0.0018769792477446679,0.009444477371129884,0.13197198063636822,0.7997214828794468,0.00597929005585252,0.16586262116220607,0.2439784409272128,0.1556581869138356,0.051445184656804095,0.027935678440857398,1.130773779029768,0.9800724800097627,0.014597999494756856,0.21141430260745225,0.3172461145661892,0.22772605032293636,0.05289270387595722,0.026582376664524676,1.0273555103495131,0.9960764802277587,0.004162044443543294,0.12362501594167696,0.35881593770803855,0.315730437915124,0.047824143367851776,0.02400015529305545,0.9873181656593721,0.9806019265239505,0.012572166995559929,0.4723879299672683
