,Pruebas,coef(a)_6am-MLP,rsquared_6am-MLP,Standard Error_6am-MLP,coef(b)_6am-MLP,coef(a)_Acu-6am-MLP,rsquared_Acu-6am-MLP,Standard Error_Acu-6am-MLP,coef(b)_Acu-6am-MLP,coef(a)_6am-Beysens,rsquared_6am-Beysens,Standard Error_6am-Beysens,coef(b)_6am-Beysens,coef(a)_Acu-6am-Beysens,rsquared_Acu-6am-Beysens,Standard Error_Acu-6am-Beysens,coef(b)_Acu-6am-Beysens,coef(a)_Beysens-PM,rsquared_Beysens-PM,Standard Error_Beysens-PM,coef(b)_Beysens-PM,coef(a)_Acu-Beysens-PM,rsquared_Acu-Beysens-PM,Standard Error_Acu-Beysens-PM,coef(b)_Acu-Beysens-PM,coef(a)_MLP-PM,rsquared_MLP-PM,Standard Error_MLP-PM,coef(b)_MLP-PM,coef(a)_Acu-MLP-PM,rsquared_Acu-MLP-PM,Standard Error_Acu-MLP-PM,coef(b)_Acu-MLP-PM,coef(a)_Pd-MLP-LM,rsquared_Pd-MLP-LM,Standard Error_Pd-MLP-LM,coef(b)_Pd-MLP-LM,coef(a)_Acu-Pd-MLP-LM,rsquared_Acu-Pd-MLP-LM,Standard Error_Acu-Pd-MLP-LM,coef(b)_Acu-Pd-MLP-LM,coef(a)_6am-MLP-LM,rsquared_6am-MLP-LM,Standard Error_6am-MLP-LM,coef(b)_6am-MLP-LM,coef(a)_Acu-6am-MLP-LM,rsquared_Acu-6am-MLP-LM,Standard Error_Acu-6am-MLP-LM,coef(b)_Acu-6am-MLP-LM
0,6.0,0.44264005019803404,0.506036538254117,0.039593809430747445,0.01667087121607242,0.9733991278891201,0.9664151009514845,0.016428624733897595,0.22171775712906722,0.7290631575943136,0.43759618636136943,0.07482945826139745,0.01383082186534019,1.2059580279146633,0.9602548601734717,0.022212683839784562,0.22971649009996267,-0.00031393491651458827,0.0002560151257811061,0.001776115865370007,0.0051507342090490954,0.16315644635997972,0.7631180110398477,0.00822989872180067,0.06486991432227997,0.24506605353399818,0.29945642967534947,0.033935479944356604,0.023620607759645418,0.9867001469082046,0.959126274416083,0.01844121346148951,0.40318096996087416,0.2747894564716883,0.311359916076254,0.03699856841404569,0.02036896880276113,1.1129295701244724,0.9804866722447929,0.010134606313217009,-0.3947807968922045,0.4006224932808887,0.5572667705269414,0.032329194648464336,0.016288142364778335,0.8988591710125511,0.9700940617128785,0.01428839774430245,0.2000464797341678
