,Pruebas,coef(a)_6am-MLP,rsquared_6am-MLP,Standard Error_6am-MLP,coef(b)_6am-MLP,coef(a)_Acu-6am-MLP,rsquared_Acu-6am-MLP,Standard Error_Acu-6am-MLP,coef(b)_Acu-6am-MLP,coef(a)_6am-Beysens,rsquared_6am-Beysens,Standard Error_6am-Beysens,coef(b)_6am-Beysens,coef(a)_Acu-6am-Beysens,rsquared_Acu-6am-Beysens,Standard Error_Acu-6am-Beysens,coef(b)_Acu-6am-Beysens,coef(a)_Beysens-PM,rsquared_Beysens-PM,Standard Error_Beysens-PM,coef(b)_Beysens-PM,coef(a)_Acu-Beysens-PM,rsquared_Acu-Beysens-PM,Standard Error_Acu-Beysens-PM,coef(b)_Acu-Beysens-PM,coef(a)_MLP-PM,rsquared_MLP-PM,Standard Error_MLP-PM,coef(b)_MLP-PM,coef(a)_Acu-MLP-PM,rsquared_Acu-MLP-PM,Standard Error_Acu-MLP-PM,coef(b)_Acu-MLP-PM,coef(a)_Pd-MLP-LM,rsquared_Pd-MLP-LM,Standard Error_Pd-MLP-LM,coef(b)_Pd-MLP-LM,coef(a)_Acu-Pd-MLP-LM,rsquared_Acu-Pd-MLP-LM,Standard Error_Acu-Pd-MLP-LM,coef(b)_Acu-Pd-MLP-LM,coef(a)_6am-MLP-LM,rsquared_6am-MLP-LM,Standard Error_6am-MLP-LM,coef(b)_6am-MLP-LM,coef(a)_Acu-6am-MLP-LM,rsquared_Acu-6am-MLP-LM,Standard Error_Acu-6am-MLP-LM,coef(b)_Acu-6am-MLP-LM
0,1.0,0.34396318974977147,0.3224672702209598,0.045139252191121505,0.01813393233049888,0.8529124903531784,0.983276467107956,0.01007049345059945,-0.06984075928472384,0.4062756077341071,0.18263017312224206,0.07781509800355974,0.019964274820241653,0.9430419523674858,0.9866037067887935,0.009948830890632044,0.07493678338198678,0.0028110380821551617,0.01871758646754884,0.0018427180825383073,-0.0019529408206060475,0.13459008794033528,0.6230810605694128,0.009477305199990658,-0.14693350397799487,0.28782777947564275,0.25322226589573904,0.044750466948562016,0.02164500336914723,0.9120416351785064,0.9733191335773601,0.013671214060486126,-0.06831168214222945,0.31867676864159666,0.2702343472330738,0.04741239706190115,0.020727475071344655,0.9397254456356823,0.9970395809916189,0.0033053370993521617,0.2215432320511036,0.37752219122875574,0.36058876726700106,0.045514165022513035,0.017125264480511486,0.8656036798405868,0.9859646638667527,0.009350178730254092,-0.05338151892785921
